Title,URL handle,Description,Vendor,Product category,Type,Tags,Published on online store,Status,SKU,Barcode,Option1 name,Option1 value,Option1 Linked To,Option2 name,Option2 value,Option2 Linked To,Option3 name,Option3 value,Option3 Linked To,Price,Compare-at price,Cost per item,Charge tax,Tax code,Inventory tracker,Inventory quantity,Continue selling when out of stock,Weight value (grams),Weight unit for display,Requires shipping,Fulfillment service,Product image URL,Image position,Image alt text,Variant image URL,Gift card,SEO title,SEO description,Color (product.metafields.shopify.color-pattern),Gender (product.metafields.custom.gender),Source SKU (product.metafields.custom.source_sku),Source URL (product.metafields.custom.source_url)
adidas 3S Sprinter Shorts Women's - Aurora Coffee/Sandy Pink,adidas-3s-sprinter-shorts-women-aurora-coffee-sandy-pink-kc9006,"<p>Embody the heart of sneaker culture with the adidas Adicolor 3-Stripes Sprinter Shorts. These satin knit shorts feature a loose fit and mid-rise waist for a baggy silhouette that captures street classic vibes. Crafted with recycled materials, they offer a smooth feel and bold look for your daily rotation.<br><ul><li>Satin fabric provides a smooth and glossy finish</li><li>Loose fit allows for a baggy and comfortable silhouette</li><li>Elastic waistband with pull-on closure ensures a secure fit</li><li>Curved hem and 3-Stripes detail add authentic athletic style</li><li>Embroidered Trefoil logo on the front showcases brand heritage</li></ul><br><b>Material & Care</b><br><ul><li>97% recycled polyester/3% elastane</li><li>Washable</li></ul><br><b>Size & Fit</b><br><ul><li>Loose fit</li><li>Mid rise</li><li>Above-thigh length</li></ul></p>",adidas,Apparel & Accessories > Clothing > Shorts,Shorts,"footlocker-clean-batch-2026-09, footlocker-source, new-arrivals, adidas, style:KC9006, women, clothing, sale",TRUE,Active,KC9006-XS,198327461007,Color,Aurora Coffee/Sandy Pink,,Size,XS,,,,,20.00,40.00,,TRUE,,shopify,8,DENY,250,g,TRUE,manual,https://assets.footlocker.com/is/image/FLDM/KC9006_01?wid=1600&hei=1600&fmt=png-alpha,1,adidas 3S Sprinter Shorts Women's - Aurora Coffee/Sandy Pink - primary view,https://assets.footlocker.com/is/image/FLDM/KC9006_01?wid=1600&hei=1600&fmt=png-alpha,FALSE,adidas 3S Sprinter Shorts Women's - Aurora Coffee/Sandy Pink,Shop adidas 3S Sprinter Shorts Women's - Aurora Coffee/Sandy Pink at Sneaker Head.,Brown,Women's,KC9006,https://www.footlocker.com/product/adidas-3s-sprinter-shorts-womens/KC9006.html
,adidas-3s-sprinter-shorts-women-aurora-coffee-sandy-pink-kc9006,,,,,,,,KC9006-S,198327460970,Color,Aurora Coffee/Sandy Pink,,Size,S,,,,,20.00,40.00,,TRUE,,shopify,8,DENY,250,g,TRUE,manual,,,,https://assets.footlocker.com/is/image/FLDM/KC9006_01?wid=1600&hei=1600&fmt=png-alpha,FALSE,,,,,,
,adidas-3s-sprinter-shorts-women-aurora-coffee-sandy-pink-kc9006,,,,,,,,KC9006-M,198327461151,Color,Aurora Coffee/Sandy Pink,,Size,M,,,,,20.00,40.00,,TRUE,,shopify,8,DENY,250,g,TRUE,manual,,,,https://assets.footlocker.com/is/image/FLDM/KC9006_01?wid=1600&hei=1600&fmt=png-alpha,FALSE,,,,,,
,adidas-3s-sprinter-shorts-women-aurora-coffee-sandy-pink-kc9006,,,,,,,,KC9006-L,198327461137,Color,Aurora Coffee/Sandy Pink,,Size,L,,,,,20.00,40.00,,TRUE,,shopify,8,DENY,250,g,TRUE,manual,,,,https://assets.footlocker.com/is/image/FLDM/KC9006_01?wid=1600&hei=1600&fmt=png-alpha,FALSE,,,,,,
,adidas-3s-sprinter-shorts-women-aurora-coffee-sandy-pink-kc9006,,,,,,,,KC9006-XL,198327461106,Color,Aurora Coffee/Sandy Pink,,Size,XL,,,,,20.00,40.00,,TRUE,,shopify,8,DENY,250,g,TRUE,manual,,,,https://assets.footlocker.com/is/image/FLDM/KC9006_01?wid=1600&hei=1600&fmt=png-alpha,FALSE,,,,,,
,adidas-3s-sprinter-shorts-women-aurora-coffee-sandy-pink-kc9006,,,,,,,,,,,,,,,,,,,,,,,,,,,,,,,https://assets.footlocker.com/is/image/FLDM/KC9006_03?wid=1600&hei=1600&fmt=png-alpha,2,adidas 3S Sprinter Shorts Women's - Aurora Coffee/Sandy Pink - view 2,,,,,,,,
,adidas-3s-sprinter-shorts-women-aurora-coffee-sandy-pink-kc9006,,,,,,,,,,,,,,,,,,,,,,,,,,,,,,,https://assets.footlocker.com/is/image/FLDM/KC9006_04?wid=1600&hei=1600&fmt=png-alpha,3,adidas 3S Sprinter Shorts Women's - Aurora Coffee/Sandy Pink - view 3,,,,,,,,
,adidas-3s-sprinter-shorts-women-aurora-coffee-sandy-pink-kc9006,,,,,,,,,,,,,,,,,,,,,,,,,,,,,,,https://assets.footlocker.com/is/image/FLDM/KC9006_05?wid=1600&hei=1600&fmt=png-alpha,4,adidas 3S Sprinter Shorts Women's - Aurora Coffee/Sandy Pink - view 4,,,,,,,,
,adidas-3s-sprinter-shorts-women-aurora-coffee-sandy-pink-kc9006,,,,,,,,,,,,,,,,,,,,,,,,,,,,,,,https://assets.footlocker.com/is/image/FLDM/KC9006_07?wid=1600&hei=1600&fmt=png-alpha,5,adidas 3S Sprinter Shorts Women's - Aurora Coffee/Sandy Pink - view 5,,,,,,,,
adidas 3S Sprinter Shorts Women's - Black/White,adidas-3s-sprinter-shorts-women-black-white-kd7977,"<p>Embody the heart of sneaker culture with the adidas Adicolor 3-Stripes Sprinter Shorts. These satin knit shorts feature a loose fit and mid-rise waist for a baggy silhouette that captures street classic vibes. Crafted with recycled materials, they offer a smooth feel and bold look for your daily rotation.<br><ul><li>Satin fabric provides a smooth and glossy finish</li><li>Loose fit allows for a baggy and comfortable silhouette</li><li>Elastic waistband with pull-on closure ensures a secure fit</li><li>Curved hem and 3-Stripes detail add authentic athletic style</li><li>Embroidered Trefoil logo on the front showcases brand heritage</li></ul><br><b>Material & Care</b><br><ul><li>97% recycled polyester/3% elastane</li><li>Washable</li></ul><br><b>Size & Fit</b><br><ul><li>Loose fit</li><li>Mid rise</li><li>Above-thigh length</li></ul></p>",adidas,Apparel & Accessories > Clothing > Shorts,Shorts,"footlocker-clean-batch-2026-09, footlocker-source, new-arrivals, adidas, style:KD7977, women, clothing, sale",TRUE,Active,KD7977-XS,198327457130,Color,Black/White,,Size,XS,,,,,20.00,40.00,,TRUE,,shopify,8,DENY,250,g,TRUE,manual,https://assets.footlocker.com/is/image/FLDM/KD7977_01?wid=1600&hei=1600&fmt=png-alpha,1,adidas 3S Sprinter Shorts Women's - Black/White - primary view,https://assets.footlocker.com/is/image/FLDM/KD7977_01?wid=1600&hei=1600&fmt=png-alpha,FALSE,adidas 3S Sprinter Shorts Women's - Black/White,Shop adidas 3S Sprinter Shorts Women's - Black/White at Sneaker Head.,Black,Women's,KD7977,https://www.footlocker.com/product/adidas-3s-sprinter-shorts-womens/KD7977.html
,adidas-3s-sprinter-shorts-women-black-white-kd7977,,,,,,,,KD7977-S,198327453231,Color,Black/White,,Size,S,,,,,20.00,40.00,,TRUE,,shopify,8,DENY,250,g,TRUE,manual,,,,https://assets.footlocker.com/is/image/FLDM/KD7977_01?wid=1600&hei=1600&fmt=png-alpha,FALSE,,,,,,
,adidas-3s-sprinter-shorts-women-black-white-kd7977,,,,,,,,KD7977-M,198327453170,Color,Black/White,,Size,M,,,,,20.00,40.00,,TRUE,,shopify,8,DENY,250,g,TRUE,manual,,,,https://assets.footlocker.com/is/image/FLDM/KD7977_01?wid=1600&hei=1600&fmt=png-alpha,FALSE,,,,,,
,adidas-3s-sprinter-shorts-women-black-white-kd7977,,,,,,,,KD7977-L,198327457161,Color,Black/White,,Size,L,,,,,20.00,40.00,,TRUE,,shopify,8,DENY,250,g,TRUE,manual,,,,https://assets.footlocker.com/is/image/FLDM/KD7977_01?wid=1600&hei=1600&fmt=png-alpha,FALSE,,,,,,
,adidas-3s-sprinter-shorts-women-black-white-kd7977,,,,,,,,KD7977-XL,198327453279,Color,Black/White,,Size,XL,,,,,20.00,40.00,,TRUE,,shopify,8,DENY,250,g,TRUE,manual,,,,https://assets.footlocker.com/is/image/FLDM/KD7977_01?wid=1600&hei=1600&fmt=png-alpha,FALSE,,,,,,
,adidas-3s-sprinter-shorts-women-black-white-kd7977,,,,,,,,,,,,,,,,,,,,,,,,,,,,,,,https://assets.footlocker.com/is/image/FLDM/KD7977_03?wid=1600&hei=1600&fmt=png-alpha,2,adidas 3S Sprinter Shorts Women's - Black/White - view 2,,,,,,,,
,adidas-3s-sprinter-shorts-women-black-white-kd7977,,,,,,,,,,,,,,,,,,,,,,,,,,,,,,,https://assets.footlocker.com/is/image/FLDM/KD7977_04?wid=1600&hei=1600&fmt=png-alpha,3,adidas 3S Sprinter Shorts Women's - Black/White - view 3,,,,,,,,
,adidas-3s-sprinter-shorts-women-black-white-kd7977,,,,,,,,,,,,,,,,,,,,,,,,,,,,,,,https://assets.footlocker.com/is/image/FLDM/KD7977_05?wid=1600&hei=1600&fmt=png-alpha,4,adidas 3S Sprinter Shorts Women's - Black/White - view 4,,,,,,,,
,adidas-3s-sprinter-shorts-women-black-white-kd7977,,,,,,,,,,,,,,,,,,,,,,,,,,,,,,,https://assets.footlocker.com/is/image/FLDM/KD7977_07?wid=1600&hei=1600&fmt=png-alpha,5,adidas 3S Sprinter Shorts Women's - Black/White - view 5,,,,,,,,
adidas Hyperglam Training Leggings Women's - Black,adidas-hyperglam-training-leggings-women-black-kc7673,"<p>Keep your energy high and your style on point with the adidas Hyperglam leggings. These full-length leggings feature Climacool technology to wick away sweat, keeping you dry during intense boutique gym classes or casual hangouts. The high-rise design and smooth, front-seam-free finish provide a flattering look that moves with your lifestyle effortlessly.<br><br>• Climacool technology wicks and disperses moisture for a cool feel</br>• Exposed elastic waistband with linear logo provides a secure fit</br>• High-rise design offers a supportive and flattering silhouette</br>• Smooth finish with no front seam reduces distractions</br>• Interlock knit fabric provides a sleek and comfortable feel</br><br><b>Material & Care</b><br>• 85% recycled polyester/15% elastane</br>• Machine wash</br><br><b>Size and Fit</b><br>• Tight fit for a body-hugging feel</br>• Ankle length</br>• High waisted</br>• Stretch level: Stretch</br></p>",adidas,Apparel & Accessories > Clothing > Pants,Leggings,"footlocker-clean-batch-2026-09, footlocker-source, new-arrivals, adidas, style:KC7673, women, clothing",TRUE,Active,KC7673-XS,198327647654,Color,Black,,Size,XS,,,,,55.00,,,TRUE,,shopify,8,DENY,250,g,TRUE,manual,https://assets.footlocker.com/is/image/FLDM/KC7673_01?wid=1600&hei=1600&fmt=png-alpha,1,adidas Hyperglam Training Leggings Women's - Black - primary view,https://assets.footlocker.com/is/image/FLDM/KC7673_01?wid=1600&hei=1600&fmt=png-alpha,FALSE,adidas Hyperglam Training Leggings Women's - Black,Shop adidas Hyperglam Training Leggings Women's - Black at Sneaker Head.,Black,Women's,KC7673,https://www.footlocker.com/product/adidas-hyperglam-training-leggings-womens/KC7673.html
,adidas-hyperglam-training-leggings-women-black-kc7673,,,,,,,,KC7673-S,198327647630,Color,Black,,Size,S,,,,,55.00,,,TRUE,,shopify,8,DENY,250,g,TRUE,manual,,,,https://assets.footlocker.com/is/image/FLDM/KC7673_01?wid=1600&hei=1600&fmt=png-alpha,FALSE,,,,,,
,adidas-hyperglam-training-leggings-women-black-kc7673,,,,,,,,KC7673-M,198327647616,Color,Black,,Size,M,,,,,55.00,,,TRUE,,shopify,8,DENY,250,g,TRUE,manual,,,,https://assets.footlocker.com/is/image/FLDM/KC7673_01?wid=1600&hei=1600&fmt=png-alpha,FALSE,,,,,,
,adidas-hyperglam-training-leggings-women-black-kc7673,,,,,,,,KC7673-L,198327647623,Color,Black,,Size,L,,,,,55.00,,,TRUE,,shopify,8,DENY,250,g,TRUE,manual,,,,https://assets.footlocker.com/is/image/FLDM/KC7673_01?wid=1600&hei=1600&fmt=png-alpha,FALSE,,,,,,
,adidas-hyperglam-training-leggings-women-black-kc7673,,,,,,,,KC7673-XL,198327647609,Color,Black,,Size,XL,,,,,55.00,,,TRUE,,shopify,8,DENY,250,g,TRUE,manual,,,,https://assets.footlocker.com/is/image/FLDM/KC7673_01?wid=1600&hei=1600&fmt=png-alpha,FALSE,,,,,,
,adidas-hyperglam-training-leggings-women-black-kc7673,,,,,,,,,,,,,,,,,,,,,,,,,,,,,,,https://assets.footlocker.com/is/image/FLDM/KC7673_03?wid=1600&hei=1600&fmt=png-alpha,2,adidas Hyperglam Training Leggings Women's - Black - view 2,,,,,,,,
,adidas-hyperglam-training-leggings-women-black-kc7673,,,,,,,,,,,,,,,,,,,,,,,,,,,,,,,https://assets.footlocker.com/is/image/FLDM/KC7673_04?wid=1600&hei=1600&fmt=png-alpha,3,adidas Hyperglam Training Leggings Women's - Black - view 3,,,,,,,,
,adidas-hyperglam-training-leggings-women-black-kc7673,,,,,,,,,,,,,,,,,,,,,,,,,,,,,,,https://assets.footlocker.com/is/image/FLDM/KC7673_05?wid=1600&hei=1600&fmt=png-alpha,4,adidas Hyperglam Training Leggings Women's - Black - view 4,,,,,,,,
,adidas-hyperglam-training-leggings-women-black-kc7673,,,,,,,,,,,,,,,,,,,,,,,,,,,,,,,https://assets.footlocker.com/is/image/FLDM/KC7673_07?wid=1600&hei=1600&fmt=png-alpha,5,adidas Hyperglam Training Leggings Women's - Black - view 5,,,,,,,,
adidas Originals Samba Women's Sneakers - Footwear White/Coffee Metallic/Gum,adidas-originals-samba-women-footwear-white-coffee-metallic-gum-kk2504,"<p>From icy pitches to city streets, the adidas Originals Samba remains a timeless icon of performance and style. Designed for lifestyle wear, these iconic sneakers feature a snakeskin-look leather upper and overlays that add a touch of sleek sophistication to your fit. The gum rubber outsole and reinforced T-toe provide enhanced durability and vintage charm. The serrated 3-Stripes add adidas style for a look that will always be original. Take on your everyday adventure with confidence and OG football style with the adidas Originals Samba.</p> <p><strong>adidas Originals Samba features:</strong></p> <ul> <li>Regular fit offers a relaxed, easy-going feel.</li> <li>Lace closure provides a secure and adjustable fit.</li> <li>Synthetic lining ensures durability and adds comfort.</li> <li>Rubber outsole delivers excellent traction and long-lasting wear.</li> </ul><hr /><p>Easy to dress up or down and built for everyday wear, this pair brings a clean, low-profile look that works from weekday errands to weekend plans. The adidas Originals Samba stays true to its indoor-soccer roots with a smooth leather upper, signature T-toe overlay, serrated 3-Stripes, and a gum rubber outsole that keeps the finish classic.</p><ul><li>Low-profile leather upper with a reinforced T-toe overlay</li><li>Lace closure for a secure, adjustable fit</li><li>Synthetic lining adds everyday comfort</li><li>Rubber outsole delivers durable traction</li></ul>  <p><strong>Size &amp; Fit Guidance</strong></p> <p>For the best fit, many shoppers prefer going down half a size, especially if they like a more secure, streamlined feel; if you prefer a little extra room, your usual size may still work.</p>  <p><strong>Best For</strong></p> <p>Best for everyday casual wear, travel, light walking, and versatile styling with everything from jeans to dresses.</p>  <p><strong>Styling &amp; Versatility</strong></p> <p>The Samba stands out for its timeless look and easy wearability, with reviewers consistently calling it a go-to sneaker that pairs well with casual outfits, work looks, and dressed-up everyday fits. Its slim shape, retro details, and classic gum sole make it an effortless option across seasons.</p>  <p><strong>Break-In &amp; Durability</strong></p> <p>Most shoppers find the comfort strong right away or after a short break-in, with the leather upper and heel area settling in over the first few wears. Reviewers also highlight dependable everyday wear, making it a pair many come back to in more than one color.</p>",adidas,Apparel & Accessories > Shoes,Lifestyle Sneakers,"footlocker-clean-batch-2026-09, footlocker-source, new-arrivals, adidas, style:KK2504, women, everyday",TRUE,Active,KK2504-5,198328478684,Color,Footwear White/Coffee Metallic/Gum,,Size,5,,,,,100.00,,,TRUE,,shopify,8,DENY,300,g,TRUE,manual,https://assets.footlocker.com/is/image/FLDM/KK2504_01?wid=1600&hei=1600&fmt=png-alpha,1,adidas Originals Samba Women's Sneakers - Footwear White/Coffee Metallic/Gum - primary view,https://assets.footlocker.com/is/image/FLDM/KK2504_01?wid=1600&hei=1600&fmt=png-alpha,FALSE,adidas Originals Samba Women's Sneakers - Footwear White/Coffee Metallic/Gum,Shop adidas Originals Samba Women's Sneakers - Footwear White/Coffee Metallic/Gum at Sneaker Head.,White,Women's,KK2504,https://www.footlocker.com/product/adidas-originals-samba-womens/KK2504.html
,adidas-originals-samba-women-footwear-white-coffee-metallic-gum-kk2504,,,,,,,,KK2504-5-5,198328478639,Color,Footwear White/Coffee Metallic/Gum,,Size,5.5,,,,,100.00,,,TRUE,,shopify,8,DENY,300,g,TRUE,manual,,,,https://assets.footlocker.com/is/image/FLDM/KK2504_01?wid=1600&hei=1600&fmt=png-alpha,FALSE,,,,,,
,adidas-originals-samba-women-footwear-white-coffee-metallic-gum-kk2504,,,,,,,,KK2504-6,198328478745,Color,Footwear White/Coffee Metallic/Gum,,Size,6,,,,,100.00,,,TRUE,,shopify,8,DENY,300,g,TRUE,manual,,,,https://assets.footlocker.com/is/image/FLDM/KK2504_01?wid=1600&hei=1600&fmt=png-alpha,FALSE,,,,,,
,adidas-originals-samba-women-footwear-white-coffee-metallic-gum-kk2504,,,,,,,,KK2504-6-5,198328478660,Color,Footwear White/Coffee Metallic/Gum,,Size,6.5,,,,,100.00,,,TRUE,,shopify,8,DENY,300,g,TRUE,manual,,,,https://assets.footlocker.com/is/image/FLDM/KK2504_01?wid=1600&hei=1600&fmt=png-alpha,FALSE,,,,,,
,adidas-originals-samba-women-footwear-white-coffee-metallic-gum-kk2504,,,,,,,,KK2504-7,198328478769,Color,Footwear White/Coffee Metallic/Gum,,Size,7,,,,,100.00,,,TRUE,,shopify,8,DENY,300,g,TRUE,manual,,,,https://assets.footlocker.com/is/image/FLDM/KK2504_01?wid=1600&hei=1600&fmt=png-alpha,FALSE,,,,,,
,adidas-originals-samba-women-footwear-white-coffee-metallic-gum-kk2504,,,,,,,,KK2504-7-5,198328478653,Color,Footwear White/Coffee Metallic/Gum,,Size,7.5,,,,,100.00,,,TRUE,,shopify,8,DENY,300,g,TRUE,manual,,,,https://assets.footlocker.com/is/image/FLDM/KK2504_01?wid=1600&hei=1600&fmt=png-alpha,FALSE,,,,,,
,adidas-originals-samba-women-footwear-white-coffee-metallic-gum-kk2504,,,,,,,,KK2504-8,198328478813,Color,Footwear White/Coffee Metallic/Gum,,Size,8,,,,,100.00,,,TRUE,,shopify,8,DENY,300,g,TRUE,manual,,,,https://assets.footlocker.com/is/image/FLDM/KK2504_01?wid=1600&hei=1600&fmt=png-alpha,FALSE,,,,,,
,adidas-originals-samba-women-footwear-white-coffee-metallic-gum-kk2504,,,,,,,,KK2504-8-5,198328478707,Color,Footwear White/Coffee Metallic/Gum,,Size,8.5,,,,,100.00,,,TRUE,,shopify,8,DENY,300,g,TRUE,manual,,,,https://assets.footlocker.com/is/image/FLDM/KK2504_01?wid=1600&hei=1600&fmt=png-alpha,FALSE,,,,,,
,adidas-originals-samba-women-footwear-white-coffee-metallic-gum-kk2504,,,,,,,,KK2504-9,198328478714,Color,Footwear White/Coffee Metallic/Gum,,Size,9,,,,,100.00,,,TRUE,,shopify,8,DENY,300,g,TRUE,manual,,,,https://assets.footlocker.com/is/image/FLDM/KK2504_01?wid=1600&hei=1600&fmt=png-alpha,FALSE,,,,,,
,adidas-originals-samba-women-footwear-white-coffee-metallic-gum-kk2504,,,,,,,,KK2504-9-5,198328478783,Color,Footwear White/Coffee Metallic/Gum,,Size,9.5,,,,,100.00,,,TRUE,,shopify,8,DENY,300,g,TRUE,manual,,,,https://assets.footlocker.com/is/image/FLDM/KK2504_01?wid=1600&hei=1600&fmt=png-alpha,FALSE,,,,,,
,adidas-originals-samba-women-footwear-white-coffee-metallic-gum-kk2504,,,,,,,,KK2504-10,198328478752,Color,Footwear White/Coffee Metallic/Gum,,Size,10,,,,,100.00,,,TRUE,,shopify,8,DENY,300,g,TRUE,manual,,,,https://assets.footlocker.com/is/image/FLDM/KK2504_01?wid=1600&hei=1600&fmt=png-alpha,FALSE,,,,,,
,adidas-originals-samba-women-footwear-white-coffee-metallic-gum-kk2504,,,,,,,,KK2504-10-5,198328478622,Color,Footwear White/Coffee Metallic/Gum,,Size,10.5,,,,,100.00,,,TRUE,,shopify,8,DENY,300,g,TRUE,manual,,,,https://assets.footlocker.com/is/image/FLDM/KK2504_01?wid=1600&hei=1600&fmt=png-alpha,FALSE,,,,,,
,adidas-originals-samba-women-footwear-white-coffee-metallic-gum-kk2504,,,,,,,,KK2504-11,198328478738,Color,Footwear White/Coffee Metallic/Gum,,Size,11,,,,,100.00,,,TRUE,,shopify,8,DENY,300,g,TRUE,manual,,,,https://assets.footlocker.com/is/image/FLDM/KK2504_01?wid=1600&hei=1600&fmt=png-alpha,FALSE,,,,,,
,adidas-originals-samba-women-footwear-white-coffee-metallic-gum-kk2504,,,,,,,,,,,,,,,,,,,,,,,,,,,,,,,https://assets.footlocker.com/is/image/FLDM/KK2504_03?wid=1600&hei=1600&fmt=png-alpha,2,adidas Originals Samba Women's Sneakers - Footwear White/Coffee Metallic/Gum - view 2,,,,,,,,
,adidas-originals-samba-women-footwear-white-coffee-metallic-gum-kk2504,,,,,,,,,,,,,,,,,,,,,,,,,,,,,,,https://assets.footlocker.com/is/image/FLDM/KK2504_04?wid=1600&hei=1600&fmt=png-alpha,3,adidas Originals Samba Women's Sneakers - Footwear White/Coffee Metallic/Gum - view 3,,,,,,,,
,adidas-originals-samba-women-footwear-white-coffee-metallic-gum-kk2504,,,,,,,,,,,,,,,,,,,,,,,,,,,,,,,https://assets.footlocker.com/is/image/FLDM/KK2504_05?wid=1600&hei=1600&fmt=png-alpha,4,adidas Originals Samba Women's Sneakers - Footwear White/Coffee Metallic/Gum - view 4,,,,,,,,
,adidas-originals-samba-women-footwear-white-coffee-metallic-gum-kk2504,,,,,,,,,,,,,,,,,,,,,,,,,,,,,,,https://assets.footlocker.com/is/image/FLDM/KK2504_06?wid=1600&hei=1600&fmt=png-alpha,5,adidas Originals Samba Women's Sneakers - Footwear White/Coffee Metallic/Gum - view 5,,,,,,,,
adidas Originals Samba Women's Sneakers - Gum/Wonder Quartz/Off White,adidas-originals-samba-women-gum-wonder-quartz-off-white-la6882,"<p>From icy pitches to city streets, the adidas Originals Samba remains a timeless icon of performance and style. Designed for lifestyle wear, these iconic sneakers feature a snakeskin-look leather upper and overlays that add a touch of sleek sophistication to your fit. The gum rubber outsole and reinforced T-toe provide enhanced durability and vintage charm. The serrated 3-Stripes add adidas style for a look that will always be original. Take on your everyday adventure with confidence and OG football style with the adidas Originals Samba.</p> <p><strong>adidas Originals Samba features:</strong></p> <ul> <li>Regular fit offers a relaxed, easy-going feel.</li> <li>Lace closure provides a secure and adjustable fit.</li> <li>Synthetic lining ensures durability and adds comfort.</li> <li>Rubber outsole delivers excellent traction and long-lasting wear.</li> </ul><hr /><p>Easy to dress up or down and built for everyday wear, this pair brings a clean, low-profile look that works from weekday errands to weekend plans. The adidas Originals Samba stays true to its indoor-soccer roots with a smooth leather upper, signature T-toe overlay, serrated 3-Stripes, and a gum rubber outsole that keeps the finish classic.</p><ul><li>Low-profile leather upper with a reinforced T-toe overlay</li><li>Lace closure for a secure, adjustable fit</li><li>Synthetic lining adds everyday comfort</li><li>Rubber outsole delivers durable traction</li></ul>  <p><strong>Size &amp; Fit Guidance</strong></p> <p>For the best fit, many shoppers prefer going down half a size, especially if they like a more secure, streamlined feel; if you prefer a little extra room, your usual size may still work.</p>  <p><strong>Best For</strong></p> <p>Best for everyday casual wear, travel, light walking, and versatile styling with everything from jeans to dresses.</p>  <p><strong>Styling &amp; Versatility</strong></p> <p>The Samba stands out for its timeless look and easy wearability, with reviewers consistently calling it a go-to sneaker that pairs well with casual outfits, work looks, and dressed-up everyday fits. Its slim shape, retro details, and classic gum sole make it an effortless option across seasons.</p>  <p><strong>Break-In &amp; Durability</strong></p> <p>Most shoppers find the comfort strong right away or after a short break-in, with the leather upper and heel area settling in over the first few wears. Reviewers also highlight dependable everyday wear, making it a pair many come back to in more than one color.</p>",adidas,Apparel & Accessories > Shoes,Lifestyle Sneakers,"footlocker-clean-batch-2026-09, footlocker-source, new-arrivals, adidas, style:LA6882, women, everyday",TRUE,Active,LA6882-5,198324130333,Color,Gum/Wonder Quartz/Off White,,Size,5,,,,,110.00,,,TRUE,,shopify,8,DENY,300,g,TRUE,manual,https://assets.footlocker.com/is/image/FLDM/LA6882_01?wid=1600&hei=1600&fmt=png-alpha,1,adidas Originals Samba Women's Sneakers - Gum/Wonder Quartz/Off White - primary view,https://assets.footlocker.com/is/image/FLDM/LA6882_01?wid=1600&hei=1600&fmt=png-alpha,FALSE,adidas Originals Samba Women's Sneakers - Gum/Wonder Quartz/Off White,Shop adidas Originals Samba Women's Sneakers - Gum/Wonder Quartz/Off White at Sneaker Head.,Pink,Women's,LA6882,https://www.footlocker.com/product/adidas-originals-samba-womens/LA6882.html
,adidas-originals-samba-women-gum-wonder-quartz-off-white-la6882,,,,,,,,LA6882-5-5,198324130319,Color,Gum/Wonder Quartz/Off White,,Size,5.5,,,,,110.00,,,TRUE,,shopify,8,DENY,300,g,TRUE,manual,,,,https://assets.footlocker.com/is/image/FLDM/LA6882_01?wid=1600&hei=1600&fmt=png-alpha,FALSE,,,,,,
,adidas-originals-samba-women-gum-wonder-quartz-off-white-la6882,,,,,,,,LA6882-6,198324130180,Color,Gum/Wonder Quartz/Off White,,Size,6,,,,,110.00,,,TRUE,,shopify,8,DENY,300,g,TRUE,manual,,,,https://assets.footlocker.com/is/image/FLDM/LA6882_01?wid=1600&hei=1600&fmt=png-alpha,FALSE,,,,,,
,adidas-originals-samba-women-gum-wonder-quartz-off-white-la6882,,,,,,,,LA6882-6-5,198324130197,Color,Gum/Wonder Quartz/Off White,,Size,6.5,,,,,110.00,,,TRUE,,shopify,8,DENY,300,g,TRUE,manual,,,,https://assets.footlocker.com/is/image/FLDM/LA6882_01?wid=1600&hei=1600&fmt=png-alpha,FALSE,,,,,,
,adidas-originals-samba-women-gum-wonder-quartz-off-white-la6882,,,,,,,,LA6882-7,198324130166,Color,Gum/Wonder Quartz/Off White,,Size,7,,,,,110.00,,,TRUE,,shopify,8,DENY,300,g,TRUE,manual,,,,https://assets.footlocker.com/is/image/FLDM/LA6882_01?wid=1600&hei=1600&fmt=png-alpha,FALSE,,,,,,
,adidas-originals-samba-women-gum-wonder-quartz-off-white-la6882,,,,,,,,LA6882-7-5,198324130159,Color,Gum/Wonder Quartz/Off White,,Size,7.5,,,,,110.00,,,TRUE,,shopify,8,DENY,300,g,TRUE,manual,,,,https://assets.footlocker.com/is/image/FLDM/LA6882_01?wid=1600&hei=1600&fmt=png-alpha,FALSE,,,,,,
,adidas-originals-samba-women-gum-wonder-quartz-off-white-la6882,,,,,,,,LA6882-8,198324130289,Color,Gum/Wonder Quartz/Off White,,Size,8,,,,,110.00,,,TRUE,,shopify,8,DENY,300,g,TRUE,manual,,,,https://assets.footlocker.com/is/image/FLDM/LA6882_01?wid=1600&hei=1600&fmt=png-alpha,FALSE,,,,,,
,adidas-originals-samba-women-gum-wonder-quartz-off-white-la6882,,,,,,,,LA6882-8-5,198324130340,Color,Gum/Wonder Quartz/Off White,,Size,8.5,,,,,110.00,,,TRUE,,shopify,8,DENY,300,g,TRUE,manual,,,,https://assets.footlocker.com/is/image/FLDM/LA6882_01?wid=1600&hei=1600&fmt=png-alpha,FALSE,,,,,,
,adidas-originals-samba-women-gum-wonder-quartz-off-white-la6882,,,,,,,,LA6882-9,198324130234,Color,Gum/Wonder Quartz/Off White,,Size,9,,,,,110.00,,,TRUE,,shopify,8,DENY,300,g,TRUE,manual,,,,https://assets.footlocker.com/is/image/FLDM/LA6882_01?wid=1600&hei=1600&fmt=png-alpha,FALSE,,,,,,
,adidas-originals-samba-women-gum-wonder-quartz-off-white-la6882,,,,,,,,LA6882-9-5,198324130203,Color,Gum/Wonder Quartz/Off White,,Size,9.5,,,,,110.00,,,TRUE,,shopify,8,DENY,300,g,TRUE,manual,,,,https://assets.footlocker.com/is/image/FLDM/LA6882_01?wid=1600&hei=1600&fmt=png-alpha,FALSE,,,,,,
,adidas-originals-samba-women-gum-wonder-quartz-off-white-la6882,,,,,,,,LA6882-10,198324130258,Color,Gum/Wonder Quartz/Off White,,Size,10,,,,,110.00,,,TRUE,,shopify,8,DENY,300,g,TRUE,manual,,,,https://assets.footlocker.com/is/image/FLDM/LA6882_01?wid=1600&hei=1600&fmt=png-alpha,FALSE,,,,,,
,adidas-originals-samba-women-gum-wonder-quartz-off-white-la6882,,,,,,,,LA6882-10-5,198324130227,Color,Gum/Wonder Quartz/Off White,,Size,10.5,,,,,110.00,,,TRUE,,shopify,8,DENY,300,g,TRUE,manual,,,,https://assets.footlocker.com/is/image/FLDM/LA6882_01?wid=1600&hei=1600&fmt=png-alpha,FALSE,,,,,,
,adidas-originals-samba-women-gum-wonder-quartz-off-white-la6882,,,,,,,,LA6882-11,198324130302,Color,Gum/Wonder Quartz/Off White,,Size,11,,,,,110.00,,,TRUE,,shopify,8,DENY,300,g,TRUE,manual,,,,https://assets.footlocker.com/is/image/FLDM/LA6882_01?wid=1600&hei=1600&fmt=png-alpha,FALSE,,,,,,
,adidas-originals-samba-women-gum-wonder-quartz-off-white-la6882,,,,,,,,,,,,,,,,,,,,,,,,,,,,,,,https://assets.footlocker.com/is/image/FLDM/LA6882_03?wid=1600&hei=1600&fmt=png-alpha,2,adidas Originals Samba Women's Sneakers - Gum/Wonder Quartz/Off White - view 2,,,,,,,,
,adidas-originals-samba-women-gum-wonder-quartz-off-white-la6882,,,,,,,,,,,,,,,,,,,,,,,,,,,,,,,https://assets.footlocker.com/is/image/FLDM/LA6882_04?wid=1600&hei=1600&fmt=png-alpha,3,adidas Originals Samba Women's Sneakers - Gum/Wonder Quartz/Off White - view 3,,,,,,,,
adidas Originals Samba Women's Sneakers - Off White/Tropic Bloom/Gum,adidas-originals-samba-women-off-white-tropic-bloom-gum-la6395,"<p>From icy pitches to city streets, the adidas Originals Samba remains a timeless icon of performance and style. Designed for lifestyle wear, these iconic sneakers feature a snakeskin-look leather upper and overlays that add a touch of sleek sophistication to your fit. The gum rubber outsole and reinforced T-toe provide enhanced durability and vintage charm. The serrated 3-Stripes add adidas style for a look that will always be original. Take on your everyday adventure with confidence and OG football style with the adidas Originals Samba.</p> <p><strong>adidas Originals Samba features:</strong></p> <ul> <li>Regular fit offers a relaxed, easy-going feel.</li> <li>Lace closure provides a secure and adjustable fit.</li> <li>Synthetic lining ensures durability and adds comfort.</li> <li>Rubber outsole delivers excellent traction and long-lasting wear.</li> </ul><hr /><p>Easy to dress up or down and built for everyday wear, this pair brings a clean, low-profile look that works from weekday errands to weekend plans. The adidas Originals Samba stays true to its indoor-soccer roots with a smooth leather upper, signature T-toe overlay, serrated 3-Stripes, and a gum rubber outsole that keeps the finish classic.</p><ul><li>Low-profile leather upper with a reinforced T-toe overlay</li><li>Lace closure for a secure, adjustable fit</li><li>Synthetic lining adds everyday comfort</li><li>Rubber outsole delivers durable traction</li></ul>  <p><strong>Size &amp; Fit Guidance</strong></p> <p>For the best fit, many shoppers prefer going down half a size, especially if they like a more secure, streamlined feel; if you prefer a little extra room, your usual size may still work.</p>  <p><strong>Best For</strong></p> <p>Best for everyday casual wear, travel, light walking, and versatile styling with everything from jeans to dresses.</p>  <p><strong>Styling &amp; Versatility</strong></p> <p>The Samba stands out for its timeless look and easy wearability, with reviewers consistently calling it a go-to sneaker that pairs well with casual outfits, work looks, and dressed-up everyday fits. Its slim shape, retro details, and classic gum sole make it an effortless option across seasons.</p>  <p><strong>Break-In &amp; Durability</strong></p> <p>Most shoppers find the comfort strong right away or after a short break-in, with the leather upper and heel area settling in over the first few wears. Reviewers also highlight dependable everyday wear, making it a pair many come back to in more than one color.</p>",adidas,Apparel & Accessories > Shoes,Lifestyle Sneakers,"footlocker-clean-batch-2026-09, footlocker-source, new-arrivals, adidas, style:LA6395, women, everyday",TRUE,Active,LA6395-6,197617912618,Color,Off White/Tropic Bloom/Gum,,Size,6,,,,,110.00,,,TRUE,,shopify,8,DENY,300,g,TRUE,manual,https://assets.footlocker.com/is/image/FLDM/LA6395_01?wid=1600&hei=1600&fmt=png-alpha,1,adidas Originals Samba Women's Sneakers - Off White/Tropic Bloom/Gum - primary view,https://assets.footlocker.com/is/image/FLDM/LA6395_01?wid=1600&hei=1600&fmt=png-alpha,FALSE,adidas Originals Samba Women's Sneakers - Off White/Tropic Bloom/Gum,Shop adidas Originals Samba Women's Sneakers - Off White/Tropic Bloom/Gum at Sneaker Head.,White,Women's,LA6395,https://www.footlocker.com/product/adidas-originals-samba-womens/LA6395.html
,adidas-originals-samba-women-off-white-tropic-bloom-gum-la6395,,,,,,,,LA6395-6-5,197617912588,Color,Off White/Tropic Bloom/Gum,,Size,6.5,,,,,110.00,,,TRUE,,shopify,8,DENY,300,g,TRUE,manual,,,,https://assets.footlocker.com/is/image/FLDM/LA6395_01?wid=1600&hei=1600&fmt=png-alpha,FALSE,,,,,,
,adidas-originals-samba-women-off-white-tropic-bloom-gum-la6395,,,,,,,,LA6395-7,197617911789,Color,Off White/Tropic Bloom/Gum,,Size,7,,,,,110.00,,,TRUE,,shopify,8,DENY,300,g,TRUE,manual,,,,https://assets.footlocker.com/is/image/FLDM/LA6395_01?wid=1600&hei=1600&fmt=png-alpha,FALSE,,,,,,
,adidas-originals-samba-women-off-white-tropic-bloom-gum-la6395,,,,,,,,LA6395-7-5,197617911741,Color,Off White/Tropic Bloom/Gum,,Size,7.5,,,,,110.00,,,TRUE,,shopify,8,DENY,300,g,TRUE,manual,,,,https://assets.footlocker.com/is/image/FLDM/LA6395_01?wid=1600&hei=1600&fmt=png-alpha,FALSE,,,,,,
,adidas-originals-samba-women-off-white-tropic-bloom-gum-la6395,,,,,,,,LA6395-8,197617912557,Color,Off White/Tropic Bloom/Gum,,Size,8,,,,,110.00,,,TRUE,,shopify,8,DENY,300,g,TRUE,manual,,,,https://assets.footlocker.com/is/image/FLDM/LA6395_01?wid=1600&hei=1600&fmt=png-alpha,FALSE,,,,,,
,adidas-originals-samba-women-off-white-tropic-bloom-gum-la6395,,,,,,,,LA6395-8-5,197617912502,Color,Off White/Tropic Bloom/Gum,,Size,8.5,,,,,110.00,,,TRUE,,shopify,8,DENY,300,g,TRUE,manual,,,,https://assets.footlocker.com/is/image/FLDM/LA6395_01?wid=1600&hei=1600&fmt=png-alpha,FALSE,,,,,,
,adidas-originals-samba-women-off-white-tropic-bloom-gum-la6395,,,,,,,,LA6395-9,197617912564,Color,Off White/Tropic Bloom/Gum,,Size,9,,,,,110.00,,,TRUE,,shopify,8,DENY,300,g,TRUE,manual,,,,https://assets.footlocker.com/is/image/FLDM/LA6395_01?wid=1600&hei=1600&fmt=png-alpha,FALSE,,,,,,
,adidas-originals-samba-women-off-white-tropic-bloom-gum-la6395,,,,,,,,LA6395-9-5,197617911734,Color,Off White/Tropic Bloom/Gum,,Size,9.5,,,,,110.00,,,TRUE,,shopify,8,DENY,300,g,TRUE,manual,,,,https://assets.footlocker.com/is/image/FLDM/LA6395_01?wid=1600&hei=1600&fmt=png-alpha,FALSE,,,,,,
,adidas-originals-samba-women-off-white-tropic-bloom-gum-la6395,,,,,,,,LA6395-10,197617911703,Color,Off White/Tropic Bloom/Gum,,Size,10,,,,,110.00,,,TRUE,,shopify,8,DENY,300,g,TRUE,manual,,,,https://assets.footlocker.com/is/image/FLDM/LA6395_01?wid=1600&hei=1600&fmt=png-alpha,FALSE,,,,,,
,adidas-originals-samba-women-off-white-tropic-bloom-gum-la6395,,,,,,,,LA6395-11,197617912533,Color,Off White/Tropic Bloom/Gum,,Size,11,,,,,110.00,,,TRUE,,shopify,8,DENY,300,g,TRUE,manual,,,,https://assets.footlocker.com/is/image/FLDM/LA6395_01?wid=1600&hei=1600&fmt=png-alpha,FALSE,,,,,,
,adidas-originals-samba-women-off-white-tropic-bloom-gum-la6395,,,,,,,,,,,,,,,,,,,,,,,,,,,,,,,https://assets.footlocker.com/is/image/FLDM/LA6395_03?wid=1600&hei=1600&fmt=png-alpha,2,adidas Originals Samba Women's Sneakers - Off White/Tropic Bloom/Gum - view 2,,,,,,,,
,adidas-originals-samba-women-off-white-tropic-bloom-gum-la6395,,,,,,,,,,,,,,,,,,,,,,,,,,,,,,,https://assets.footlocker.com/is/image/FLDM/LA6395_04?wid=1600&hei=1600&fmt=png-alpha,3,adidas Originals Samba Women's Sneakers - Off White/Tropic Bloom/Gum - view 3,,,,,,,,
,adidas-originals-samba-women-off-white-tropic-bloom-gum-la6395,,,,,,,,,,,,,,,,,,,,,,,,,,,,,,,https://assets.footlocker.com/is/image/FLDM/LA6395_05?wid=1600&hei=1600&fmt=png-alpha,4,adidas Originals Samba Women's Sneakers - Off White/Tropic Bloom/Gum - view 4,,,,,,,,
,adidas-originals-samba-women-off-white-tropic-bloom-gum-la6395,,,,,,,,,,,,,,,,,,,,,,,,,,,,,,,https://assets.footlocker.com/is/image/FLDM/LA6395_06?wid=1600&hei=1600&fmt=png-alpha,5,adidas Originals Samba Women's Sneakers - Off White/Tropic Bloom/Gum - view 5,,,,,,,,
adidas Samba Jane Satin - Girls' Grade School Sneakers - Silver Metallic/Footwear White/Gum,adidas-samba-jane-satin-girls-grade-school-silver-metallic-footwear-white-gum-kj659987,"<p>Legacy meets a fresh feminine twist with the adidas Samba Jane. Taking the iconic silhouette of the Samba OG and reimagining it as a ballet flat, these sneakers bring a playful vibe to every step. Crafted with a smooth satin textile upper and a secure hook-and-loop strap, these kicks offer a snug fit and durable traction for all-day fun.<br><ul><li>Satin textile upper provides a smooth feel and durable finish</li><li>Hook-and-loop strap closure ensures a secure and adjustable fit</li><li>Textile lining offers comfortable support for active feet</li><li>Rubber outsole delivers reliable traction on street surfaces</li><li>Signature stripe detailing and logo callouts add classic style</li></ul><br><b>Material & Care</b><br><ul><li>Satin upper</li><li>Rubber outsole</li></ul></p>",adidas,Apparel & Accessories > Shoes,Lifestyle Sneakers,"footlocker-clean-batch-2026-09, footlocker-source, new-arrivals, adidas, style:KJ659987, kids, everyday",TRUE,Active,KJ659987-3-5,198328056387,Color,Silver Metallic/Footwear White/Gum,,Size,3.5,,,,,90.00,,,TRUE,,shopify,8,DENY,300,g,TRUE,manual,https://assets.footlocker.com/is/image/FLDM/KJ659987_01?wid=1600&hei=1600&fmt=png-alpha,1,adidas Samba Jane Satin - Girls' Grade School Sneakers - Silver Metallic/Footwear White/Gum - primary view,https://assets.footlocker.com/is/image/FLDM/KJ659987_01?wid=1600&hei=1600&fmt=png-alpha,FALSE,adidas Samba Jane Satin - Girls' Grade School Sneakers - Silver Metallic/Footwear White/Gum,Shop adidas Samba Jane Satin - Girls' Grade School Sneakers - Silver Metallic/Footwear White/Gum at Sneaker Head.,Silver,Girls' Grade School,KJ659987,https://www.footlocker.com/product/adidas-samba-jane-satin-girls-grade-school/KJ659987.html
,adidas-samba-jane-satin-girls-grade-school-silver-metallic-footwear-white-gum-kj659987,,,,,,,,KJ659987-4,198328056394,Color,Silver Metallic/Footwear White/Gum,,Size,4,,,,,90.00,,,TRUE,,shopify,8,DENY,300,g,TRUE,manual,,,,https://assets.footlocker.com/is/image/FLDM/KJ659987_01?wid=1600&hei=1600&fmt=png-alpha,FALSE,,,,,,
,adidas-samba-jane-satin-girls-grade-school-silver-metallic-footwear-white-gum-kj659987,,,,,,,,KJ659987-4-5,198328056370,Color,Silver Metallic/Footwear White/Gum,,Size,4.5,,,,,90.00,,,TRUE,,shopify,8,DENY,300,g,TRUE,manual,,,,https://assets.footlocker.com/is/image/FLDM/KJ659987_01?wid=1600&hei=1600&fmt=png-alpha,FALSE,,,,,,
,adidas-samba-jane-satin-girls-grade-school-silver-metallic-footwear-white-gum-kj659987,,,,,,,,KJ659987-5,198328056363,Color,Silver Metallic/Footwear White/Gum,,Size,5,,,,,90.00,,,TRUE,,shopify,8,DENY,300,g,TRUE,manual,,,,https://assets.footlocker.com/is/image/FLDM/KJ659987_01?wid=1600&hei=1600&fmt=png-alpha,FALSE,,,,,,
,adidas-samba-jane-satin-girls-grade-school-silver-metallic-footwear-white-gum-kj659987,,,,,,,,KJ659987-5-5,198328056431,Color,Silver Metallic/Footwear White/Gum,,Size,5.5,,,,,90.00,,,TRUE,,shopify,8,DENY,300,g,TRUE,manual,,,,https://assets.footlocker.com/is/image/FLDM/KJ659987_01?wid=1600&hei=1600&fmt=png-alpha,FALSE,,,,,,
,adidas-samba-jane-satin-girls-grade-school-silver-metallic-footwear-white-gum-kj659987,,,,,,,,KJ659987-6,198328056400,Color,Silver Metallic/Footwear White/Gum,,Size,6,,,,,90.00,,,TRUE,,shopify,8,DENY,300,g,TRUE,manual,,,,https://assets.footlocker.com/is/image/FLDM/KJ659987_01?wid=1600&hei=1600&fmt=png-alpha,FALSE,,,,,,
,adidas-samba-jane-satin-girls-grade-school-silver-metallic-footwear-white-gum-kj659987,,,,,,,,KJ659987-6-5,198328056424,Color,Silver Metallic/Footwear White/Gum,,Size,6.5,,,,,90.00,,,TRUE,,shopify,8,DENY,300,g,TRUE,manual,,,,https://assets.footlocker.com/is/image/FLDM/KJ659987_01?wid=1600&hei=1600&fmt=png-alpha,FALSE,,,,,,
,adidas-samba-jane-satin-girls-grade-school-silver-metallic-footwear-white-gum-kj659987,,,,,,,,KJ659987-7,198328056417,Color,Silver Metallic/Footwear White/Gum,,Size,7,,,,,90.00,,,TRUE,,shopify,8,DENY,300,g,TRUE,manual,,,,https://assets.footlocker.com/is/image/FLDM/KJ659987_01?wid=1600&hei=1600&fmt=png-alpha,FALSE,,,,,,
,adidas-samba-jane-satin-girls-grade-school-silver-metallic-footwear-white-gum-kj659987,,,,,,,,,,,,,,,,,,,,,,,,,,,,,,,https://assets.footlocker.com/is/image/FLDM/KJ659987_03?wid=1600&hei=1600&fmt=png-alpha,2,adidas Samba Jane Satin - Girls' Grade School Sneakers - Silver Metallic/Footwear White/Gum - view 2,,,,,,,,
,adidas-samba-jane-satin-girls-grade-school-silver-metallic-footwear-white-gum-kj659987,,,,,,,,,,,,,,,,,,,,,,,,,,,,,,,https://assets.footlocker.com/is/image/FLDM/KJ659987_04?wid=1600&hei=1600&fmt=png-alpha,3,adidas Samba Jane Satin - Girls' Grade School Sneakers - Silver Metallic/Footwear White/Gum - view 3,,,,,,,,
,adidas-samba-jane-satin-girls-grade-school-silver-metallic-footwear-white-gum-kj659987,,,,,,,,,,,,,,,,,,,,,,,,,,,,,,,https://assets.footlocker.com/is/image/FLDM/KJ659987_05?wid=1600&hei=1600&fmt=png-alpha,4,adidas Samba Jane Satin - Girls' Grade School Sneakers - Silver Metallic/Footwear White/Gum - view 4,,,,,,,,
,adidas-samba-jane-satin-girls-grade-school-silver-metallic-footwear-white-gum-kj659987,,,,,,,,,,,,,,,,,,,,,,,,,,,,,,,https://assets.footlocker.com/is/image/FLDM/KJ659987_06?wid=1600&hei=1600&fmt=png-alpha,5,adidas Samba Jane Satin - Girls' Grade School Sneakers - Silver Metallic/Footwear White/Gum - view 5,,,,,,,,
New Balance 530 Women's Sneakers - Angora/Turtledove,new-balance-530-women-angora-turtledove-52508353,"<p>Where heritage meets performance. New Balance's rich heritage in sports takes a fresh new step in the New Balance 530. With hints of retro flair, these shoes bring the ABZORB midsole to your daily runs to cushion every landing. Slip into the New Balance 530 and let it take you to new heights with every run.</p> <ul><li>Modern tech ensures all-day comfort.</li></ul><hr /><p>Long days on your feet call for comfort that still looks polished. The New Balance 530 blends heritage running style with everyday wearability, pairing breathable mesh and layered overlays with ABZORB cushioning for a light, supportive ride from morning errands to weekend travel.</p> <ul><li>ABZORB midsole helps cushion every step.</li><li>Breathable mesh upper adds airflow and a lightweight feel.</li><li>Layered synthetic overlays create a classic running-inspired look.</li><li>Rubber outsole adds durable everyday traction.</li></ul> <p><strong>Size & Fit Guidance</strong></p> <p>For the best fit, we recommend starting with your usual size. Most reviewers say the 530 fits true to size, while some shoppers who prefer a more tailored feel note that a half size down can work well; the roomy forefoot has also been a plus for some wider feet.</p> <p><strong>Best For</strong></p> <p>Best for everyday wear, travel days, long shifts, and casual workouts when you want comfort with an easy retro-sport look.</p> <p><strong>Styling & Versatility</strong></p> <p>The 530 is the kind of sneaker that works across your weekly rotation, from leggings and joggers to denim and relaxed layers. Its throwback running design adds texture and dimension without feeling overdone, so it is easy to dress up or keep casual.</p> <p><strong>Break-In & Durability</strong></p> <p>Many reviewers say the comfort shows up right away, with little to no break-in needed. In regular rotation, the lightweight build and cushioned feel have made it a repeat-wear favorite for walking, work, and all-day use.</p>",New Balance,Apparel & Accessories > Shoes,Lifestyle Sneakers,"footlocker-clean-batch-2026-09, footlocker-source, new-arrivals, new-balance, style:52508353, women, everyday",TRUE,Active,52508353-6,197375920344,Color,Angora/Turtledove,,Size,6,,,,,110.00,,,TRUE,,shopify,8,DENY,300,g,TRUE,manual,https://assets.footlocker.com/is/image/FLDM/52508353_01?wid=1600&hei=1600&fmt=png-alpha,1,New Balance 530 Women's Sneakers - Angora/Turtledove - primary view,https://assets.footlocker.com/is/image/FLDM/52508353_01?wid=1600&hei=1600&fmt=png-alpha,FALSE,New Balance 530 Women's Sneakers - Angora/Turtledove,Shop New Balance 530 Women's Sneakers - Angora/Turtledove at Sneaker Head.,Tan,Women's,52508353,https://www.footlocker.com/product/new-balance-530-womens/52508353.html
,new-balance-530-women-angora-turtledove-52508353,,,,,,,,52508353-6-5,197375920351,Color,Angora/Turtledove,,Size,6.5,,,,,110.00,,,TRUE,,shopify,8,DENY,300,g,TRUE,manual,,,,https://assets.footlocker.com/is/image/FLDM/52508353_01?wid=1600&hei=1600&fmt=png-alpha,FALSE,,,,,,
,new-balance-530-women-angora-turtledove-52508353,,,,,,,,52508353-7,197375920368,Color,Angora/Turtledove,,Size,7,,,,,110.00,,,TRUE,,shopify,8,DENY,300,g,TRUE,manual,,,,https://assets.footlocker.com/is/image/FLDM/52508353_01?wid=1600&hei=1600&fmt=png-alpha,FALSE,,,,,,
,new-balance-530-women-angora-turtledove-52508353,,,,,,,,52508353-7-5,197375920375,Color,Angora/Turtledove,,Size,7.5,,,,,110.00,,,TRUE,,shopify,8,DENY,300,g,TRUE,manual,,,,https://assets.footlocker.com/is/image/FLDM/52508353_01?wid=1600&hei=1600&fmt=png-alpha,FALSE,,,,,,
,new-balance-530-women-angora-turtledove-52508353,,,,,,,,52508353-8,197375920382,Color,Angora/Turtledove,,Size,8,,,,,110.00,,,TRUE,,shopify,8,DENY,300,g,TRUE,manual,,,,https://assets.footlocker.com/is/image/FLDM/52508353_01?wid=1600&hei=1600&fmt=png-alpha,FALSE,,,,,,
,new-balance-530-women-angora-turtledove-52508353,,,,,,,,52508353-8-5,197375920399,Color,Angora/Turtledove,,Size,8.5,,,,,110.00,,,TRUE,,shopify,8,DENY,300,g,TRUE,manual,,,,https://assets.footlocker.com/is/image/FLDM/52508353_01?wid=1600&hei=1600&fmt=png-alpha,FALSE,,,,,,
,new-balance-530-women-angora-turtledove-52508353,,,,,,,,52508353-9,197375920405,Color,Angora/Turtledove,,Size,9,,,,,110.00,,,TRUE,,shopify,8,DENY,300,g,TRUE,manual,,,,https://assets.footlocker.com/is/image/FLDM/52508353_01?wid=1600&hei=1600&fmt=png-alpha,FALSE,,,,,,
,new-balance-530-women-angora-turtledove-52508353,,,,,,,,52508353-9-5,197375920412,Color,Angora/Turtledove,,Size,9.5,,,,,110.00,,,TRUE,,shopify,8,DENY,300,g,TRUE,manual,,,,https://assets.footlocker.com/is/image/FLDM/52508353_01?wid=1600&hei=1600&fmt=png-alpha,FALSE,,,,,,
,new-balance-530-women-angora-turtledove-52508353,,,,,,,,52508353-10,197375920429,Color,Angora/Turtledove,,Size,10,,,,,110.00,,,TRUE,,shopify,8,DENY,300,g,TRUE,manual,,,,https://assets.footlocker.com/is/image/FLDM/52508353_01?wid=1600&hei=1600&fmt=png-alpha,FALSE,,,,,,
,new-balance-530-women-angora-turtledove-52508353,,,,,,,,,,,,,,,,,,,,,,,,,,,,,,,https://assets.footlocker.com/is/image/FLDM/52508353_03?wid=1600&hei=1600&fmt=png-alpha,2,New Balance 530 Women's Sneakers - Angora/Turtledove - view 2,,,,,,,,
,new-balance-530-women-angora-turtledove-52508353,,,,,,,,,,,,,,,,,,,,,,,,,,,,,,,https://assets.footlocker.com/is/image/FLDM/52508353_04?wid=1600&hei=1600&fmt=png-alpha,3,New Balance 530 Women's Sneakers - Angora/Turtledove - view 3,,,,,,,,
,new-balance-530-women-angora-turtledove-52508353,,,,,,,,,,,,,,,,,,,,,,,,,,,,,,,https://assets.footlocker.com/is/image/FLDM/52508353_05?wid=1600&hei=1600&fmt=png-alpha,4,New Balance 530 Women's Sneakers - Angora/Turtledove - view 4,,,,,,,,
,new-balance-530-women-angora-turtledove-52508353,,,,,,,,,,,,,,,,,,,,,,,,,,,,,,,https://assets.footlocker.com/is/image/FLDM/52508353_06?wid=1600&hei=1600&fmt=png-alpha,5,New Balance 530 Women's Sneakers - Angora/Turtledove - view 5,,,,,,,,
New Balance 530 Women's Sneakers - Daybreak/Silver Metallic,new-balance-530-women-daybreak-silver-metallic-u53052n,"<p>Where heritage meets performance. New Balance's rich heritage in sports takes a fresh new step in the New Balance 530. With hints of retro flair, these shoes bring the ABZORB midsole to your daily runs to cushion every landing. Slip into the New Balance 530 and let it take you to new heights with every run.</p> <ul><li>Modern tech ensures all-day comfort.</li></ul><hr /><p>Long days on your feet call for comfort that still looks polished. The New Balance 530 blends heritage running style with everyday wearability, pairing breathable mesh and layered overlays with ABZORB cushioning for a light, supportive ride from morning errands to weekend travel.</p> <ul><li>ABZORB midsole helps cushion every step.</li><li>Breathable mesh upper adds airflow and a lightweight feel.</li><li>Layered synthetic overlays create a classic running-inspired look.</li><li>Rubber outsole adds durable everyday traction.</li></ul> <p><strong>Size & Fit Guidance</strong></p> <p>For the best fit, we recommend starting with your usual size. Most reviewers say the 530 fits true to size, while some shoppers who prefer a more tailored feel note that a half size down can work well; the roomy forefoot has also been a plus for some wider feet.</p> <p><strong>Best For</strong></p> <p>Best for everyday wear, travel days, long shifts, and casual workouts when you want comfort with an easy retro-sport look.</p> <p><strong>Styling & Versatility</strong></p> <p>The 530 is the kind of sneaker that works across your weekly rotation, from leggings and joggers to denim and relaxed layers. Its throwback running design adds texture and dimension without feeling overdone, so it is easy to dress up or keep casual.</p> <p><strong>Break-In & Durability</strong></p> <p>Many reviewers say the comfort shows up right away, with little to no break-in needed. In regular rotation, the lightweight build and cushioned feel have made it a repeat-wear favorite for walking, work, and all-day use.</p>",New Balance,Apparel & Accessories > Shoes,Lifestyle Sneakers,"footlocker-clean-batch-2026-09, footlocker-source, new-arrivals, new-balance, style:U53052N, women, everyday, sale",TRUE,Active,U53052N-5-5,198689271634,Color,Daybreak/Silver Metallic,,Size,5.5,,,,,89.99,110.00,,TRUE,,shopify,8,DENY,300,g,TRUE,manual,https://assets.footlocker.com/is/image/FLDM/U53052N_01?wid=1600&hei=1600&fmt=png-alpha,1,New Balance 530 Women's Sneakers - Daybreak/Silver Metallic - primary view,https://assets.footlocker.com/is/image/FLDM/U53052N_01?wid=1600&hei=1600&fmt=png-alpha,FALSE,New Balance 530 Women's Sneakers - Daybreak/Silver Metallic,Shop New Balance 530 Women's Sneakers - Daybreak/Silver Metallic at Sneaker Head.,Silver,Women's,U53052N,https://www.footlocker.com/product/new-balance-530-womens/U53052N.html
,new-balance-530-women-daybreak-silver-metallic-u53052n,,,,,,,,U53052N-6,198689271641,Color,Daybreak/Silver Metallic,,Size,6,,,,,89.99,110.00,,TRUE,,shopify,8,DENY,300,g,TRUE,manual,,,,https://assets.footlocker.com/is/image/FLDM/U53052N_01?wid=1600&hei=1600&fmt=png-alpha,FALSE,,,,,,
,new-balance-530-women-daybreak-silver-metallic-u53052n,,,,,,,,U53052N-6-5,198689271658,Color,Daybreak/Silver Metallic,,Size,6.5,,,,,89.99,110.00,,TRUE,,shopify,8,DENY,300,g,TRUE,manual,,,,https://assets.footlocker.com/is/image/FLDM/U53052N_01?wid=1600&hei=1600&fmt=png-alpha,FALSE,,,,,,
,new-balance-530-women-daybreak-silver-metallic-u53052n,,,,,,,,U53052N-7,198689271665,Color,Daybreak/Silver Metallic,,Size,7,,,,,89.99,110.00,,TRUE,,shopify,8,DENY,300,g,TRUE,manual,,,,https://assets.footlocker.com/is/image/FLDM/U53052N_01?wid=1600&hei=1600&fmt=png-alpha,FALSE,,,,,,
,new-balance-530-women-daybreak-silver-metallic-u53052n,,,,,,,,U53052N-7-5,198689271672,Color,Daybreak/Silver Metallic,,Size,7.5,,,,,89.99,110.00,,TRUE,,shopify,8,DENY,300,g,TRUE,manual,,,,https://assets.footlocker.com/is/image/FLDM/U53052N_01?wid=1600&hei=1600&fmt=png-alpha,FALSE,,,,,,
,new-balance-530-women-daybreak-silver-metallic-u53052n,,,,,,,,U53052N-8,198689271689,Color,Daybreak/Silver Metallic,,Size,8,,,,,89.99,110.00,,TRUE,,shopify,8,DENY,300,g,TRUE,manual,,,,https://assets.footlocker.com/is/image/FLDM/U53052N_01?wid=1600&hei=1600&fmt=png-alpha,FALSE,,,,,,
,new-balance-530-women-daybreak-silver-metallic-u53052n,,,,,,,,U53052N-8-5,198689271696,Color,Daybreak/Silver Metallic,,Size,8.5,,,,,89.99,110.00,,TRUE,,shopify,8,DENY,300,g,TRUE,manual,,,,https://assets.footlocker.com/is/image/FLDM/U53052N_01?wid=1600&hei=1600&fmt=png-alpha,FALSE,,,,,,
,new-balance-530-women-daybreak-silver-metallic-u53052n,,,,,,,,U53052N-9,198689271702,Color,Daybreak/Silver Metallic,,Size,9,,,,,89.99,110.00,,TRUE,,shopify,8,DENY,300,g,TRUE,manual,,,,https://assets.footlocker.com/is/image/FLDM/U53052N_01?wid=1600&hei=1600&fmt=png-alpha,FALSE,,,,,,
,new-balance-530-women-daybreak-silver-metallic-u53052n,,,,,,,,U53052N-9-5,198689271719,Color,Daybreak/Silver Metallic,,Size,9.5,,,,,89.99,110.00,,TRUE,,shopify,8,DENY,300,g,TRUE,manual,,,,https://assets.footlocker.com/is/image/FLDM/U53052N_01?wid=1600&hei=1600&fmt=png-alpha,FALSE,,,,,,
,new-balance-530-women-daybreak-silver-metallic-u53052n,,,,,,,,U53052N-10,198689271726,Color,Daybreak/Silver Metallic,,Size,10,,,,,89.99,110.00,,TRUE,,shopify,8,DENY,300,g,TRUE,manual,,,,https://assets.footlocker.com/is/image/FLDM/U53052N_01?wid=1600&hei=1600&fmt=png-alpha,FALSE,,,,,,
,new-balance-530-women-daybreak-silver-metallic-u53052n,,,,,,,,,,,,,,,,,,,,,,,,,,,,,,,https://assets.footlocker.com/is/image/FLDM/U53052N_03?wid=1600&hei=1600&fmt=png-alpha,2,New Balance 530 Women's Sneakers - Daybreak/Silver Metallic - view 2,,,,,,,,
,new-balance-530-women-daybreak-silver-metallic-u53052n,,,,,,,,,,,,,,,,,,,,,,,,,,,,,,,https://assets.footlocker.com/is/image/FLDM/U53052N_04?wid=1600&hei=1600&fmt=png-alpha,3,New Balance 530 Women's Sneakers - Daybreak/Silver Metallic - view 3,,,,,,,,
,new-balance-530-women-daybreak-silver-metallic-u53052n,,,,,,,,,,,,,,,,,,,,,,,,,,,,,,,https://assets.footlocker.com/is/image/FLDM/U53052N_05?wid=1600&hei=1600&fmt=png-alpha,4,New Balance 530 Women's Sneakers - Daybreak/Silver Metallic - view 4,,,,,,,,
,new-balance-530-women-daybreak-silver-metallic-u53052n,,,,,,,,,,,,,,,,,,,,,,,,,,,,,,,https://assets.footlocker.com/is/image/FLDM/U53052N_06?wid=1600&hei=1600&fmt=png-alpha,5,New Balance 530 Women's Sneakers - Daybreak/Silver Metallic - view 5,,,,,,,,
New Balance 530 Women's Sneakers - Grey/White,new-balance-530-women-grey-white-mr530ck,"<p>Where heritage meets performance. New Balance's rich heritage in sports takes a fresh new step in the New Balance 530. With hints of retro flair, these shoes bring the ABZORB midsole to your daily runs to cushion every landing. Slip into the New Balance 530 and let it take you to new heights with every run.</p> <ul><li>Modern tech ensures all-day comfort.</li></ul><hr /><p>Long days on your feet call for comfort that still looks polished. The New Balance 530 blends heritage running style with everyday wearability, pairing breathable mesh and layered overlays with ABZORB cushioning for a light, supportive ride from morning errands to weekend travel.</p> <ul><li>ABZORB midsole helps cushion every step.</li><li>Breathable mesh upper adds airflow and a lightweight feel.</li><li>Layered synthetic overlays create a classic running-inspired look.</li><li>Rubber outsole adds durable everyday traction.</li></ul> <p><strong>Size & Fit Guidance</strong></p> <p>For the best fit, we recommend starting with your usual size. Most reviewers say the 530 fits true to size, while some shoppers who prefer a more tailored feel note that a half size down can work well; the roomy forefoot has also been a plus for some wider feet.</p> <p><strong>Best For</strong></p> <p>Best for everyday wear, travel days, long shifts, and casual workouts when you want comfort with an easy retro-sport look.</p> <p><strong>Styling & Versatility</strong></p> <p>The 530 is the kind of sneaker that works across your weekly rotation, from leggings and joggers to denim and relaxed layers. Its throwback running design adds texture and dimension without feeling overdone, so it is easy to dress up or keep casual.</p> <p><strong>Break-In & Durability</strong></p> <p>Many reviewers say the comfort shows up right away, with little to no break-in needed. In regular rotation, the lightweight build and cushioned feel have made it a repeat-wear favorite for walking, work, and all-day use.</p>",New Balance,Apparel & Accessories > Shoes,Lifestyle Sneakers,"footlocker-clean-batch-2026-09, footlocker-source, new-arrivals, new-balance, style:MR530CK, women, everyday",TRUE,Active,MR530CK-6,196941308708,Color,Grey/White,,Size,6,,,,,110.00,,,TRUE,,shopify,8,DENY,300,g,TRUE,manual,https://assets.footlocker.com/is/image/FLDM/MR530CK_01?wid=1600&hei=1600&fmt=png-alpha,1,New Balance 530 Women's Sneakers - Grey/White - primary view,https://assets.footlocker.com/is/image/FLDM/MR530CK_01?wid=1600&hei=1600&fmt=png-alpha,FALSE,New Balance 530 Women's Sneakers - Grey/White,Shop New Balance 530 Women's Sneakers - Grey/White at Sneaker Head.,Grey,Women's,MR530CK,https://www.footlocker.com/product/new-balance-530-womens/MR530CK.html
,new-balance-530-women-grey-white-mr530ck,,,,,,,,MR530CK-6-5,196941308715,Color,Grey/White,,Size,6.5,,,,,110.00,,,TRUE,,shopify,8,DENY,300,g,TRUE,manual,,,,https://assets.footlocker.com/is/image/FLDM/MR530CK_01?wid=1600&hei=1600&fmt=png-alpha,FALSE,,,,,,
,new-balance-530-women-grey-white-mr530ck,,,,,,,,MR530CK-7,196941308722,Color,Grey/White,,Size,7,,,,,110.00,,,TRUE,,shopify,8,DENY,300,g,TRUE,manual,,,,https://assets.footlocker.com/is/image/FLDM/MR530CK_01?wid=1600&hei=1600&fmt=png-alpha,FALSE,,,,,,
,new-balance-530-women-grey-white-mr530ck,,,,,,,,MR530CK-7-5,196941308739,Color,Grey/White,,Size,7.5,,,,,110.00,,,TRUE,,shopify,8,DENY,300,g,TRUE,manual,,,,https://assets.footlocker.com/is/image/FLDM/MR530CK_01?wid=1600&hei=1600&fmt=png-alpha,FALSE,,,,,,
,new-balance-530-women-grey-white-mr530ck,,,,,,,,MR530CK-8,196941308746,Color,Grey/White,,Size,8,,,,,110.00,,,TRUE,,shopify,8,DENY,300,g,TRUE,manual,,,,https://assets.footlocker.com/is/image/FLDM/MR530CK_01?wid=1600&hei=1600&fmt=png-alpha,FALSE,,,,,,
,new-balance-530-women-grey-white-mr530ck,,,,,,,,MR530CK-8-5,196941308753,Color,Grey/White,,Size,8.5,,,,,110.00,,,TRUE,,shopify,8,DENY,300,g,TRUE,manual,,,,https://assets.footlocker.com/is/image/FLDM/MR530CK_01?wid=1600&hei=1600&fmt=png-alpha,FALSE,,,,,,
,new-balance-530-women-grey-white-mr530ck,,,,,,,,MR530CK-9,196941308760,Color,Grey/White,,Size,9,,,,,110.00,,,TRUE,,shopify,8,DENY,300,g,TRUE,manual,,,,https://assets.footlocker.com/is/image/FLDM/MR530CK_01?wid=1600&hei=1600&fmt=png-alpha,FALSE,,,,,,
,new-balance-530-women-grey-white-mr530ck,,,,,,,,MR530CK-9-5,196941308777,Color,Grey/White,,Size,9.5,,,,,110.00,,,TRUE,,shopify,8,DENY,300,g,TRUE,manual,,,,https://assets.footlocker.com/is/image/FLDM/MR530CK_01?wid=1600&hei=1600&fmt=png-alpha,FALSE,,,,,,
,new-balance-530-women-grey-white-mr530ck,,,,,,,,,,,,,,,,,,,,,,,,,,,,,,,https://assets.footlocker.com/is/image/FLDM/MR530CK_a1?wid=1600&hei=1600&fmt=png-alpha,2,New Balance 530 Women's Sneakers - Grey/White - view 2,,,,,,,,
,new-balance-530-women-grey-white-mr530ck,,,,,,,,,,,,,,,,,,,,,,,,,,,,,,,https://assets.footlocker.com/is/image/FLDM/MR530CK_a2?wid=1600&hei=1600&fmt=png-alpha,3,New Balance 530 Women's Sneakers - Grey/White - view 3,,,,,,,,
,new-balance-530-women-grey-white-mr530ck,,,,,,,,,,,,,,,,,,,,,,,,,,,,,,,https://assets.footlocker.com/is/image/FLDM/MR530CK_a3?wid=1600&hei=1600&fmt=png-alpha,4,New Balance 530 Women's Sneakers - Grey/White - view 4,,,,,,,,
,new-balance-530-women-grey-white-mr530ck,,,,,,,,,,,,,,,,,,,,,,,,,,,,,,,https://assets.footlocker.com/is/image/FLDM/MR530CK_a4?wid=1600&hei=1600&fmt=png-alpha,5,New Balance 530 Women's Sneakers - Grey/White - view 5,,,,,,,,
New Balance 530 Women's Sneakers - Pink/Silver,new-balance-530-women-pink-silver-52530022,"<p>Where heritage meets performance. New Balance's rich heritage in sports takes a fresh new step in the New Balance 530. With hints of retro flair, these shoes bring the ABZORB midsole to your daily runs to cushion every landing. Slip into the New Balance 530 and let it take you to new heights with every run.</p> <ul><li>Modern tech ensures all-day comfort.</li></ul><hr /><p>Long days on your feet call for comfort that still looks polished. The New Balance 530 blends heritage running style with everyday wearability, pairing breathable mesh and layered overlays with ABZORB cushioning for a light, supportive ride from morning errands to weekend travel.</p> <ul><li>ABZORB midsole helps cushion every step.</li><li>Breathable mesh upper adds airflow and a lightweight feel.</li><li>Layered synthetic overlays create a classic running-inspired look.</li><li>Rubber outsole adds durable everyday traction.</li></ul> <p><strong>Size & Fit Guidance</strong></p> <p>For the best fit, we recommend starting with your usual size. Most reviewers say the 530 fits true to size, while some shoppers who prefer a more tailored feel note that a half size down can work well; the roomy forefoot has also been a plus for some wider feet.</p> <p><strong>Best For</strong></p> <p>Best for everyday wear, travel days, long shifts, and casual workouts when you want comfort with an easy retro-sport look.</p> <p><strong>Styling & Versatility</strong></p> <p>The 530 is the kind of sneaker that works across your weekly rotation, from leggings and joggers to denim and relaxed layers. Its throwback running design adds texture and dimension without feeling overdone, so it is easy to dress up or keep casual.</p> <p><strong>Break-In & Durability</strong></p> <p>Many reviewers say the comfort shows up right away, with little to no break-in needed. In regular rotation, the lightweight build and cushioned feel have made it a repeat-wear favorite for walking, work, and all-day use.</p>",New Balance,Apparel & Accessories > Shoes,Lifestyle Sneakers,"footlocker-clean-batch-2026-09, footlocker-source, new-arrivals, new-balance, style:52530022, women, everyday, sale",TRUE,Active,52530022-5-5,198689271030,Color,Pink/Silver,,Size,5.5,,,,,89.99,110.00,,TRUE,,shopify,8,DENY,300,g,TRUE,manual,https://assets.footlocker.com/is/image/FLDM/52530022_01?wid=1600&hei=1600&fmt=png-alpha,1,New Balance 530 Women's Sneakers - Pink/Silver - primary view,https://assets.footlocker.com/is/image/FLDM/52530022_01?wid=1600&hei=1600&fmt=png-alpha,FALSE,New Balance 530 Women's Sneakers - Pink/Silver,Shop New Balance 530 Women's Sneakers - Pink/Silver at Sneaker Head.,Silver,Women's,52530022,https://www.footlocker.com/product/new-balance-530-womens/52530022.html
,new-balance-530-women-pink-silver-52530022,,,,,,,,52530022-6,198689271047,Color,Pink/Silver,,Size,6,,,,,89.99,110.00,,TRUE,,shopify,8,DENY,300,g,TRUE,manual,,,,https://assets.footlocker.com/is/image/FLDM/52530022_01?wid=1600&hei=1600&fmt=png-alpha,FALSE,,,,,,
,new-balance-530-women-pink-silver-52530022,,,,,,,,52530022-6-5,198689271054,Color,Pink/Silver,,Size,6.5,,,,,89.99,110.00,,TRUE,,shopify,8,DENY,300,g,TRUE,manual,,,,https://assets.footlocker.com/is/image/FLDM/52530022_01?wid=1600&hei=1600&fmt=png-alpha,FALSE,,,,,,
,new-balance-530-women-pink-silver-52530022,,,,,,,,52530022-7,198689271061,Color,Pink/Silver,,Size,7,,,,,89.99,110.00,,TRUE,,shopify,8,DENY,300,g,TRUE,manual,,,,https://assets.footlocker.com/is/image/FLDM/52530022_01?wid=1600&hei=1600&fmt=png-alpha,FALSE,,,,,,
,new-balance-530-women-pink-silver-52530022,,,,,,,,52530022-7-5,198689271078,Color,Pink/Silver,,Size,7.5,,,,,89.99,110.00,,TRUE,,shopify,8,DENY,300,g,TRUE,manual,,,,https://assets.footlocker.com/is/image/FLDM/52530022_01?wid=1600&hei=1600&fmt=png-alpha,FALSE,,,,,,
,new-balance-530-women-pink-silver-52530022,,,,,,,,52530022-8,198689271085,Color,Pink/Silver,,Size,8,,,,,89.99,110.00,,TRUE,,shopify,8,DENY,300,g,TRUE,manual,,,,https://assets.footlocker.com/is/image/FLDM/52530022_01?wid=1600&hei=1600&fmt=png-alpha,FALSE,,,,,,
,new-balance-530-women-pink-silver-52530022,,,,,,,,52530022-8-5,198689271092,Color,Pink/Silver,,Size,8.5,,,,,89.99,110.00,,TRUE,,shopify,8,DENY,300,g,TRUE,manual,,,,https://assets.footlocker.com/is/image/FLDM/52530022_01?wid=1600&hei=1600&fmt=png-alpha,FALSE,,,,,,
,new-balance-530-women-pink-silver-52530022,,,,,,,,,,,,,,,,,,,,,,,,,,,,,,,https://assets.footlocker.com/is/image/FLDM/52530022_03?wid=1600&hei=1600&fmt=png-alpha,2,New Balance 530 Women's Sneakers - Pink/Silver - view 2,,,,,,,,
,new-balance-530-women-pink-silver-52530022,,,,,,,,,,,,,,,,,,,,,,,,,,,,,,,https://assets.footlocker.com/is/image/FLDM/52530022_04?wid=1600&hei=1600&fmt=png-alpha,3,New Balance 530 Women's Sneakers - Pink/Silver - view 3,,,,,,,,
,new-balance-530-women-pink-silver-52530022,,,,,,,,,,,,,,,,,,,,,,,,,,,,,,,https://assets.footlocker.com/is/image/FLDM/52530022_05?wid=1600&hei=1600&fmt=png-alpha,4,New Balance 530 Women's Sneakers - Pink/Silver - view 4,,,,,,,,
,new-balance-530-women-pink-silver-52530022,,,,,,,,,,,,,,,,,,,,,,,,,,,,,,,https://assets.footlocker.com/is/image/FLDM/52530022_06?wid=1600&hei=1600&fmt=png-alpha,5,New Balance 530 Women's Sneakers - Pink/Silver - view 5,,,,,,,,
New Balance 530 Women's Sneakers - Sea Salt/Brown,new-balance-530-women-sea-salt-brown-cw527988,"<p>Where heritage meets performance. New Balance's rich heritage in sports takes a fresh new step in the New Balance 530. With hints of retro flair, these shoes bring the ABZORB midsole to your daily runs to cushion every landing. Slip into the New Balance 530 and let it take you to new heights with every run.</p> <ul><li>Modern tech ensures all-day comfort.</li></ul><hr /><p>Long days on your feet call for comfort that still looks polished. The New Balance 530 blends heritage running style with everyday wearability, pairing breathable mesh and layered overlays with ABZORB cushioning for a light, supportive ride from morning errands to weekend travel.</p> <ul><li>ABZORB midsole helps cushion every step.</li><li>Breathable mesh upper adds airflow and a lightweight feel.</li><li>Layered synthetic overlays create a classic running-inspired look.</li><li>Rubber outsole adds durable everyday traction.</li></ul> <p><strong>Size & Fit Guidance</strong></p> <p>For the best fit, we recommend starting with your usual size. Most reviewers say the 530 fits true to size, while some shoppers who prefer a more tailored feel note that a half size down can work well; the roomy forefoot has also been a plus for some wider feet.</p> <p><strong>Best For</strong></p> <p>Best for everyday wear, travel days, long shifts, and casual workouts when you want comfort with an easy retro-sport look.</p> <p><strong>Styling & Versatility</strong></p> <p>The 530 is the kind of sneaker that works across your weekly rotation, from leggings and joggers to denim and relaxed layers. Its throwback running design adds texture and dimension without feeling overdone, so it is easy to dress up or keep casual.</p> <p><strong>Break-In & Durability</strong></p> <p>Many reviewers say the comfort shows up right away, with little to no break-in needed. In regular rotation, the lightweight build and cushioned feel have made it a repeat-wear favorite for walking, work, and all-day use.</p>",New Balance,Apparel & Accessories > Shoes,Lifestyle Sneakers,"footlocker-clean-batch-2026-09, footlocker-source, new-arrivals, new-balance, style:CW527988, women, everyday",TRUE,Active,CW527988-6,199064031317,Color,Sea Salt/Brown,,Size,6,,,,,110.00,,,TRUE,,shopify,8,DENY,300,g,TRUE,manual,https://assets.footlocker.com/is/image/FLDM/CW527988_01?wid=1600&hei=1600&fmt=png-alpha,1,New Balance 530 Women's Sneakers - Sea Salt/Brown - primary view,https://assets.footlocker.com/is/image/FLDM/CW527988_01?wid=1600&hei=1600&fmt=png-alpha,FALSE,New Balance 530 Women's Sneakers - Sea Salt/Brown,Shop New Balance 530 Women's Sneakers - Sea Salt/Brown at Sneaker Head.,Brown,Women's,CW527988,https://www.footlocker.com/product/new-balance-530-womens/CW527988.html
,new-balance-530-women-sea-salt-brown-cw527988,,,,,,,,CW527988-6-5,199064031348,Color,Sea Salt/Brown,,Size,6.5,,,,,110.00,,,TRUE,,shopify,8,DENY,300,g,TRUE,manual,,,,https://assets.footlocker.com/is/image/FLDM/CW527988_01?wid=1600&hei=1600&fmt=png-alpha,FALSE,,,,,,
,new-balance-530-women-sea-salt-brown-cw527988,,,,,,,,CW527988-7,199064031355,Color,Sea Salt/Brown,,Size,7,,,,,110.00,,,TRUE,,shopify,8,DENY,300,g,TRUE,manual,,,,https://assets.footlocker.com/is/image/FLDM/CW527988_01?wid=1600&hei=1600&fmt=png-alpha,FALSE,,,,,,
,new-balance-530-women-sea-salt-brown-cw527988,,,,,,,,CW527988-7-5,199064031362,Color,Sea Salt/Brown,,Size,7.5,,,,,110.00,,,TRUE,,shopify,8,DENY,300,g,TRUE,manual,,,,https://assets.footlocker.com/is/image/FLDM/CW527988_01?wid=1600&hei=1600&fmt=png-alpha,FALSE,,,,,,
,new-balance-530-women-sea-salt-brown-cw527988,,,,,,,,CW527988-8,199064031379,Color,Sea Salt/Brown,,Size,8,,,,,110.00,,,TRUE,,shopify,8,DENY,300,g,TRUE,manual,,,,https://assets.footlocker.com/is/image/FLDM/CW527988_01?wid=1600&hei=1600&fmt=png-alpha,FALSE,,,,,,
,new-balance-530-women-sea-salt-brown-cw527988,,,,,,,,CW527988-8-5,199064031386,Color,Sea Salt/Brown,,Size,8.5,,,,,110.00,,,TRUE,,shopify,8,DENY,300,g,TRUE,manual,,,,https://assets.footlocker.com/is/image/FLDM/CW527988_01?wid=1600&hei=1600&fmt=png-alpha,FALSE,,,,,,
,new-balance-530-women-sea-salt-brown-cw527988,,,,,,,,CW527988-9,199064031393,Color,Sea Salt/Brown,,Size,9,,,,,110.00,,,TRUE,,shopify,8,DENY,300,g,TRUE,manual,,,,https://assets.footlocker.com/is/image/FLDM/CW527988_01?wid=1600&hei=1600&fmt=png-alpha,FALSE,,,,,,
,new-balance-530-women-sea-salt-brown-cw527988,,,,,,,,CW527988-9-5,199064031409,Color,Sea Salt/Brown,,Size,9.5,,,,,110.00,,,TRUE,,shopify,8,DENY,300,g,TRUE,manual,,,,https://assets.footlocker.com/is/image/FLDM/CW527988_01?wid=1600&hei=1600&fmt=png-alpha,FALSE,,,,,,
,new-balance-530-women-sea-salt-brown-cw527988,,,,,,,,CW527988-10,199064031416,Color,Sea Salt/Brown,,Size,10,,,,,110.00,,,TRUE,,shopify,8,DENY,300,g,TRUE,manual,,,,https://assets.footlocker.com/is/image/FLDM/CW527988_01?wid=1600&hei=1600&fmt=png-alpha,FALSE,,,,,,
,new-balance-530-women-sea-salt-brown-cw527988,,,,,,,,,,,,,,,,,,,,,,,,,,,,,,,https://assets.footlocker.com/is/image/FLDM/CW527988_03?wid=1600&hei=1600&fmt=png-alpha,2,New Balance 530 Women's Sneakers - Sea Salt/Brown - view 2,,,,,,,,
,new-balance-530-women-sea-salt-brown-cw527988,,,,,,,,,,,,,,,,,,,,,,,,,,,,,,,https://assets.footlocker.com/is/image/FLDM/CW527988_04?wid=1600&hei=1600&fmt=png-alpha,3,New Balance 530 Women's Sneakers - Sea Salt/Brown - view 3,,,,,,,,
,new-balance-530-women-sea-salt-brown-cw527988,,,,,,,,,,,,,,,,,,,,,,,,,,,,,,,https://assets.footlocker.com/is/image/FLDM/CW527988_05?wid=1600&hei=1600&fmt=png-alpha,4,New Balance 530 Women's Sneakers - Sea Salt/Brown - view 4,,,,,,,,
,new-balance-530-women-sea-salt-brown-cw527988,,,,,,,,,,,,,,,,,,,,,,,,,,,,,,,https://assets.footlocker.com/is/image/FLDM/CW527988_06?wid=1600&hei=1600&fmt=png-alpha,5,New Balance 530 Women's Sneakers - Sea Salt/Brown - view 5,,,,,,,,
New Balance 530 Women's Sneakers - White/Natural Indigo,new-balance-530-women-white-natural-indigo-mr530sg,"<p>Where heritage meets performance. New Balance's rich heritage in sports takes a fresh new step in the New Balance 530. With hints of retro flair, these shoes bring the ABZORB midsole to your daily runs to cushion every landing. Slip into the New Balance 530 and let it take you to new heights with every run.</p> <ul><li>Modern tech ensures all-day comfort.</li></ul><hr /><p>Long days on your feet call for comfort that still looks polished. The New Balance 530 blends heritage running style with everyday wearability, pairing breathable mesh and layered overlays with ABZORB cushioning for a light, supportive ride from morning errands to weekend travel.</p> <ul><li>ABZORB midsole helps cushion every step.</li><li>Breathable mesh upper adds airflow and a lightweight feel.</li><li>Layered synthetic overlays create a classic running-inspired look.</li><li>Rubber outsole adds durable everyday traction.</li></ul> <p><strong>Size & Fit Guidance</strong></p> <p>For the best fit, we recommend starting with your usual size. Most reviewers say the 530 fits true to size, while some shoppers who prefer a more tailored feel note that a half size down can work well; the roomy forefoot has also been a plus for some wider feet.</p> <p><strong>Best For</strong></p> <p>Best for everyday wear, travel days, long shifts, and casual workouts when you want comfort with an easy retro-sport look.</p> <p><strong>Styling & Versatility</strong></p> <p>The 530 is the kind of sneaker that works across your weekly rotation, from leggings and joggers to denim and relaxed layers. Its throwback running design adds texture and dimension without feeling overdone, so it is easy to dress up or keep casual.</p> <p><strong>Break-In & Durability</strong></p> <p>Many reviewers say the comfort shows up right away, with little to no break-in needed. In regular rotation, the lightweight build and cushioned feel have made it a repeat-wear favorite for walking, work, and all-day use.</p>",New Balance,Apparel & Accessories > Shoes,Lifestyle Sneakers,"footlocker-clean-batch-2026-09, footlocker-source, new-arrivals, new-balance, style:MR530SG, women, everyday",TRUE,Active,MR530SG-5-5,194182854787,Color,White/Natural Indigo,,Size,5.5,,,,,110.00,,,TRUE,,shopify,8,DENY,300,g,TRUE,manual,https://assets.footlocker.com/is/image/FLDM/MR530SG_01?wid=1600&hei=1600&fmt=png-alpha,1,New Balance 530 Women's Sneakers - White/Natural Indigo - primary view,https://assets.footlocker.com/is/image/FLDM/MR530SG_01?wid=1600&hei=1600&fmt=png-alpha,FALSE,New Balance 530 Women's Sneakers - White/Natural Indigo,Shop New Balance 530 Women's Sneakers - White/Natural Indigo at Sneaker Head.,White,Women's,MR530SG,https://www.footlocker.com/product/new-balance-530-womens/MR530SG.html
,new-balance-530-women-white-natural-indigo-mr530sg,,,,,,,,MR530SG-6,194182854794,Color,White/Natural Indigo,,Size,6,,,,,110.00,,,TRUE,,shopify,8,DENY,300,g,TRUE,manual,,,,https://assets.footlocker.com/is/image/FLDM/MR530SG_01?wid=1600&hei=1600&fmt=png-alpha,FALSE,,,,,,
,new-balance-530-women-white-natural-indigo-mr530sg,,,,,,,,MR530SG-6-5,194182854800,Color,White/Natural Indigo,,Size,6.5,,,,,110.00,,,TRUE,,shopify,8,DENY,300,g,TRUE,manual,,,,https://assets.footlocker.com/is/image/FLDM/MR530SG_01?wid=1600&hei=1600&fmt=png-alpha,FALSE,,,,,,
,new-balance-530-women-white-natural-indigo-mr530sg,,,,,,,,MR530SG-7,194182854817,Color,White/Natural Indigo,,Size,7,,,,,110.00,,,TRUE,,shopify,8,DENY,300,g,TRUE,manual,,,,https://assets.footlocker.com/is/image/FLDM/MR530SG_01?wid=1600&hei=1600&fmt=png-alpha,FALSE,,,,,,
,new-balance-530-women-white-natural-indigo-mr530sg,,,,,,,,MR530SG-7-5,194182854824,Color,White/Natural Indigo,,Size,7.5,,,,,110.00,,,TRUE,,shopify,8,DENY,300,g,TRUE,manual,,,,https://assets.footlocker.com/is/image/FLDM/MR530SG_01?wid=1600&hei=1600&fmt=png-alpha,FALSE,,,,,,
,new-balance-530-women-white-natural-indigo-mr530sg,,,,,,,,MR530SG-8,194182854831,Color,White/Natural Indigo,,Size,8,,,,,110.00,,,TRUE,,shopify,8,DENY,300,g,TRUE,manual,,,,https://assets.footlocker.com/is/image/FLDM/MR530SG_01?wid=1600&hei=1600&fmt=png-alpha,FALSE,,,,,,
,new-balance-530-women-white-natural-indigo-mr530sg,,,,,,,,MR530SG-8-5,194182854848,Color,White/Natural Indigo,,Size,8.5,,,,,110.00,,,TRUE,,shopify,8,DENY,300,g,TRUE,manual,,,,https://assets.footlocker.com/is/image/FLDM/MR530SG_01?wid=1600&hei=1600&fmt=png-alpha,FALSE,,,,,,
,new-balance-530-women-white-natural-indigo-mr530sg,,,,,,,,MR530SG-9,194182854855,Color,White/Natural Indigo,,Size,9,,,,,110.00,,,TRUE,,shopify,8,DENY,300,g,TRUE,manual,,,,https://assets.footlocker.com/is/image/FLDM/MR530SG_01?wid=1600&hei=1600&fmt=png-alpha,FALSE,,,,,,
,new-balance-530-women-white-natural-indigo-mr530sg,,,,,,,,MR530SG-9-5,194182854862,Color,White/Natural Indigo,,Size,9.5,,,,,110.00,,,TRUE,,shopify,8,DENY,300,g,TRUE,manual,,,,https://assets.footlocker.com/is/image/FLDM/MR530SG_01?wid=1600&hei=1600&fmt=png-alpha,FALSE,,,,,,
,new-balance-530-women-white-natural-indigo-mr530sg,,,,,,,,MR530SG-10,194182854879,Color,White/Natural Indigo,,Size,10,,,,,110.00,,,TRUE,,shopify,8,DENY,300,g,TRUE,manual,,,,https://assets.footlocker.com/is/image/FLDM/MR530SG_01?wid=1600&hei=1600&fmt=png-alpha,FALSE,,,,,,
,new-balance-530-women-white-natural-indigo-mr530sg,,,,,,,,,,,,,,,,,,,,,,,,,,,,,,,https://assets.footlocker.com/is/image/FLDM/MR530SG_a1?wid=1600&hei=1600&fmt=png-alpha,2,New Balance 530 Women's Sneakers - White/Natural Indigo - view 2,,,,,,,,
,new-balance-530-women-white-natural-indigo-mr530sg,,,,,,,,,,,,,,,,,,,,,,,,,,,,,,,https://assets.footlocker.com/is/image/FLDM/MR530SG_a2?wid=1600&hei=1600&fmt=png-alpha,3,New Balance 530 Women's Sneakers - White/Natural Indigo - view 3,,,,,,,,
,new-balance-530-women-white-natural-indigo-mr530sg,,,,,,,,,,,,,,,,,,,,,,,,,,,,,,,https://assets.footlocker.com/is/image/FLDM/MR530SG_a3?wid=1600&hei=1600&fmt=png-alpha,4,New Balance 530 Women's Sneakers - White/Natural Indigo - view 4,,,,,,,,
,new-balance-530-women-white-natural-indigo-mr530sg,,,,,,,,,,,,,,,,,,,,,,,,,,,,,,,https://assets.footlocker.com/is/image/FLDM/MR530SG_a4?wid=1600&hei=1600&fmt=png-alpha,5,New Balance 530 Women's Sneakers - White/Natural Indigo - view 5,,,,,,,,
New Balance 530 Women's Sneakers - White/Silver,new-balance-530-women-white-silver-mr530ema,"<p>Where heritage meets performance. New Balance's rich heritage in sports takes a fresh new step in the New Balance 530. With hints of retro flair, these shoes bring the ABZORB midsole to your daily runs to cushion every landing. Slip into the New Balance 530 and let it take you to new heights with every run.</p> <ul><li>Modern tech ensures all-day comfort.</li></ul><hr /><p>Long days on your feet call for comfort that still looks polished. The New Balance 530 blends heritage running style with everyday wearability, pairing breathable mesh and layered overlays with ABZORB cushioning for a light, supportive ride from morning errands to weekend travel.</p> <ul><li>ABZORB midsole helps cushion every step.</li><li>Breathable mesh upper adds airflow and a lightweight feel.</li><li>Layered synthetic overlays create a classic running-inspired look.</li><li>Rubber outsole adds durable everyday traction.</li></ul> <p><strong>Size & Fit Guidance</strong></p> <p>For the best fit, we recommend starting with your usual size. Most reviewers say the 530 fits true to size, while some shoppers who prefer a more tailored feel note that a half size down can work well; the roomy forefoot has also been a plus for some wider feet.</p> <p><strong>Best For</strong></p> <p>Best for everyday wear, travel days, long shifts, and casual workouts when you want comfort with an easy retro-sport look.</p> <p><strong>Styling & Versatility</strong></p> <p>The 530 is the kind of sneaker that works across your weekly rotation, from leggings and joggers to denim and relaxed layers. Its throwback running design adds texture and dimension without feeling overdone, so it is easy to dress up or keep casual.</p> <p><strong>Break-In & Durability</strong></p> <p>Many reviewers say the comfort shows up right away, with little to no break-in needed. In regular rotation, the lightweight build and cushioned feel have made it a repeat-wear favorite for walking, work, and all-day use.</p>",New Balance,Apparel & Accessories > Shoes,Lifestyle Sneakers,"footlocker-clean-batch-2026-09, footlocker-source, new-arrivals, new-balance, style:MR530EMA, women, everyday",TRUE,Active,MR530EMA-6,739980463849,Color,White/Silver,,Size,6,,,,,110.00,,,TRUE,,shopify,8,DENY,300,g,TRUE,manual,https://assets.footlocker.com/is/image/FLDM/MR530EMA_01?wid=1600&hei=1600&fmt=png-alpha,1,New Balance 530 Women's Sneakers - White/Silver - primary view,https://assets.footlocker.com/is/image/FLDM/MR530EMA_01?wid=1600&hei=1600&fmt=png-alpha,FALSE,New Balance 530 Women's Sneakers - White/Silver,Shop New Balance 530 Women's Sneakers - White/Silver at Sneaker Head.,White,Women's,MR530EMA,https://www.footlocker.com/product/new-balance-530-womens/MR530EMA.html
,new-balance-530-women-white-silver-mr530ema,,,,,,,,MR530EMA-6-5,739980463856,Color,White/Silver,,Size,6.5,,,,,110.00,,,TRUE,,shopify,8,DENY,300,g,TRUE,manual,,,,https://assets.footlocker.com/is/image/FLDM/MR530EMA_01?wid=1600&hei=1600&fmt=png-alpha,FALSE,,,,,,
,new-balance-530-women-white-silver-mr530ema,,,,,,,,MR530EMA-7,739980463863,Color,White/Silver,,Size,7,,,,,110.00,,,TRUE,,shopify,8,DENY,300,g,TRUE,manual,,,,https://assets.footlocker.com/is/image/FLDM/MR530EMA_01?wid=1600&hei=1600&fmt=png-alpha,FALSE,,,,,,
,new-balance-530-women-white-silver-mr530ema,,,,,,,,MR530EMA-7-5,739980463870,Color,White/Silver,,Size,7.5,,,,,110.00,,,TRUE,,shopify,8,DENY,300,g,TRUE,manual,,,,https://assets.footlocker.com/is/image/FLDM/MR530EMA_01?wid=1600&hei=1600&fmt=png-alpha,FALSE,,,,,,
,new-balance-530-women-white-silver-mr530ema,,,,,,,,MR530EMA-8,739980463887,Color,White/Silver,,Size,8,,,,,110.00,,,TRUE,,shopify,8,DENY,300,g,TRUE,manual,,,,https://assets.footlocker.com/is/image/FLDM/MR530EMA_01?wid=1600&hei=1600&fmt=png-alpha,FALSE,,,,,,
,new-balance-530-women-white-silver-mr530ema,,,,,,,,MR530EMA-8-5,739980463894,Color,White/Silver,,Size,8.5,,,,,110.00,,,TRUE,,shopify,8,DENY,300,g,TRUE,manual,,,,https://assets.footlocker.com/is/image/FLDM/MR530EMA_01?wid=1600&hei=1600&fmt=png-alpha,FALSE,,,,,,
,new-balance-530-women-white-silver-mr530ema,,,,,,,,MR530EMA-9,739980463900,Color,White/Silver,,Size,9,,,,,110.00,,,TRUE,,shopify,8,DENY,300,g,TRUE,manual,,,,https://assets.footlocker.com/is/image/FLDM/MR530EMA_01?wid=1600&hei=1600&fmt=png-alpha,FALSE,,,,,,
,new-balance-530-women-white-silver-mr530ema,,,,,,,,MR530EMA-9-5,739980463917,Color,White/Silver,,Size,9.5,,,,,110.00,,,TRUE,,shopify,8,DENY,300,g,TRUE,manual,,,,https://assets.footlocker.com/is/image/FLDM/MR530EMA_01?wid=1600&hei=1600&fmt=png-alpha,FALSE,,,,,,
,new-balance-530-women-white-silver-mr530ema,,,,,,,,MR530EMA-10,739980463924,Color,White/Silver,,Size,10,,,,,110.00,,,TRUE,,shopify,8,DENY,300,g,TRUE,manual,,,,https://assets.footlocker.com/is/image/FLDM/MR530EMA_01?wid=1600&hei=1600&fmt=png-alpha,FALSE,,,,,,
,new-balance-530-women-white-silver-mr530ema,,,,,,,,,,,,,,,,,,,,,,,,,,,,,,,https://assets.footlocker.com/is/image/FLDM/MR530EMA_03?wid=1600&hei=1600&fmt=png-alpha,2,New Balance 530 Women's Sneakers - White/Silver - view 2,,,,,,,,
,new-balance-530-women-white-silver-mr530ema,,,,,,,,,,,,,,,,,,,,,,,,,,,,,,,https://assets.footlocker.com/is/image/FLDM/MR530EMA_04?wid=1600&hei=1600&fmt=png-alpha,3,New Balance 530 Women's Sneakers - White/Silver - view 3,,,,,,,,
,new-balance-530-women-white-silver-mr530ema,,,,,,,,,,,,,,,,,,,,,,,,,,,,,,,https://assets.footlocker.com/is/image/FLDM/MR530EMA_05?wid=1600&hei=1600&fmt=png-alpha,4,New Balance 530 Women's Sneakers - White/Silver - view 4,,,,,,,,
Nike Air Force 1 - Girls' Grade School Sneakers - Black/Black,nike-air-force-1-girls-grade-school-black-black-62244801,"<p>Game changing kick that not only revolutionized the world of basketball, but sneaker culture as well. Today’s take on the  Nike Air Force 1 Girls’ Shoe blends classic style with fresh materials, and will continue to be a heavy player in your rotation.</p> <ul> <li>Leather upper provides durability and comfort.</li> <li>Encapsulated Air-Sole unit for exceptional cushioning mile after mile.</li> <li>Rubber outsole offers superior traction.</li> </ul><hr /><p>Few sneakers carry the cultural weight of the Nike Air Force 1, the shoe that changed basketball and then rewrote street style for generations. Built for kids who want both comfort and credibility, the Air Force 1 Girls' Grade School delivers all-day wearability in a silhouette that pairs effortlessly with virtually any outfit.</p> <ul> <li>Leather upper provides lasting durability and a clean, classic look.</li> <li>Encapsulated Nike Air-Sole unit delivers lightweight, responsive cushioning underfoot.</li> <li>Low-top silhouette offers freedom of movement and easy on-and-off wear.</li> <li>Rubber outsole with iconic traction pattern for reliable grip on any surface.</li> <li>Perforated toe box adds breathability throughout the day.</li> </ul> <p><strong>Size & Fit Guidance</strong></p> <p>For the best fit, we recommend trying a half size up. Some wearers find the toe box runs slightly snug at first, and the leather naturally softens and conforms with wear. Adults with smaller feet note that grade school sizing translates very well to their everyday size.</p> <p><strong>Best For</strong></p> <p>School, errands, dance class, and everyday casual wear, wherever a versatile and go-with-everything sneaker is the right call.</p> <p><strong>Styling & Versatility</strong></p> <p>The Air Force 1's clean, low-profile design makes it one of the most versatile silhouettes in any rotation. Whether paired with jeans, joggers, or a school uniform, it earns compliments across seasons and consistently proves itself as a true go-to sneaker.</p> <p><strong>Break-In & Durability</strong></p> <p>The leather upper holds up well with regular use, and the shoe benefits from a few wears to fully settle in. Reviewers note the all-leather construction stays strong over time, while the secure heel fit keeps the shoe feeling dialed in throughout the day.</p> <p><strong>Care & Maintenance</strong></p> <p>The leather upper responds well to standard spot cleaning. Reviewers report the shoe wipes clean easily, helping maintain a fresh, polished appearance with minimal upkeep.</p>",Nike,Apparel & Accessories > Shoes,Lifestyle Sneakers,"footlocker-clean-batch-2026-09, footlocker-source, new-arrivals, nike, style:62244801, kids, everyday",TRUE,Active,62244801-4,198958774231,Color,Black/Black,,Size,4,,,,,100.00,,,TRUE,,shopify,8,DENY,300,g,TRUE,manual,https://assets.footlocker.com/is/image/FLDM/62244801_01?wid=1600&hei=1600&fmt=png-alpha,1,Nike Air Force 1 - Girls' Grade School Sneakers - Black/Black - primary view,https://assets.footlocker.com/is/image/FLDM/62244801_01?wid=1600&hei=1600&fmt=png-alpha,FALSE,Nike Air Force 1 - Girls' Grade School Sneakers - Black/Black,Shop Nike Air Force 1 - Girls' Grade School Sneakers - Black/Black at Sneaker Head.,Black,Girls' Grade School,62244801,https://www.footlocker.com/product/nike-air-force-1-girls-grade-school/62244801.html
,nike-air-force-1-girls-grade-school-black-black-62244801,,,,,,,,62244801-4-5,198958776228,Color,Black/Black,,Size,4.5,,,,,100.00,,,TRUE,,shopify,8,DENY,300,g,TRUE,manual,,,,https://assets.footlocker.com/is/image/FLDM/62244801_01?wid=1600&hei=1600&fmt=png-alpha,FALSE,,,,,,
,nike-air-force-1-girls-grade-school-black-black-62244801,,,,,,,,62244801-5,198958776327,Color,Black/Black,,Size,5,,,,,100.00,,,TRUE,,shopify,8,DENY,300,g,TRUE,manual,,,,https://assets.footlocker.com/is/image/FLDM/62244801_01?wid=1600&hei=1600&fmt=png-alpha,FALSE,,,,,,
,nike-air-force-1-girls-grade-school-black-black-62244801,,,,,,,,62244801-5-5,198958774835,Color,Black/Black,,Size,5.5,,,,,100.00,,,TRUE,,shopify,8,DENY,300,g,TRUE,manual,,,,https://assets.footlocker.com/is/image/FLDM/62244801_01?wid=1600&hei=1600&fmt=png-alpha,FALSE,,,,,,
,nike-air-force-1-girls-grade-school-black-black-62244801,,,,,,,,62244801-6,198958775962,Color,Black/Black,,Size,6,,,,,100.00,,,TRUE,,shopify,8,DENY,300,g,TRUE,manual,,,,https://assets.footlocker.com/is/image/FLDM/62244801_01?wid=1600&hei=1600&fmt=png-alpha,FALSE,,,,,,
,nike-air-force-1-girls-grade-school-black-black-62244801,,,,,,,,62244801-6-5,198958775993,Color,Black/Black,,Size,6.5,,,,,100.00,,,TRUE,,shopify,8,DENY,300,g,TRUE,manual,,,,https://assets.footlocker.com/is/image/FLDM/62244801_01?wid=1600&hei=1600&fmt=png-alpha,FALSE,,,,,,
,nike-air-force-1-girls-grade-school-black-black-62244801,,,,,,,,62244801-7,198958776792,Color,Black/Black,,Size,7,,,,,100.00,,,TRUE,,shopify,8,DENY,300,g,TRUE,manual,,,,https://assets.footlocker.com/is/image/FLDM/62244801_01?wid=1600&hei=1600&fmt=png-alpha,FALSE,,,,,,
,nike-air-force-1-girls-grade-school-black-black-62244801,,,,,,,,,,,,,,,,,,,,,,,,,,,,,,,https://assets.footlocker.com/is/image/FLDM/62244801_03?wid=1600&hei=1600&fmt=png-alpha,2,Nike Air Force 1 - Girls' Grade School Sneakers - Black/Black - view 2,,,,,,,,
,nike-air-force-1-girls-grade-school-black-black-62244801,,,,,,,,,,,,,,,,,,,,,,,,,,,,,,,https://assets.footlocker.com/is/image/FLDM/62244801_04?wid=1600&hei=1600&fmt=png-alpha,3,Nike Air Force 1 - Girls' Grade School Sneakers - Black/Black - view 3,,,,,,,,
,nike-air-force-1-girls-grade-school-black-black-62244801,,,,,,,,,,,,,,,,,,,,,,,,,,,,,,,https://assets.footlocker.com/is/image/FLDM/62244801_05?wid=1600&hei=1600&fmt=png-alpha,4,Nike Air Force 1 - Girls' Grade School Sneakers - Black/Black - view 4,,,,,,,,
,nike-air-force-1-girls-grade-school-black-black-62244801,,,,,,,,,,,,,,,,,,,,,,,,,,,,,,,https://assets.footlocker.com/is/image/FLDM/62244801_06?wid=1600&hei=1600&fmt=png-alpha,5,Nike Air Force 1 - Girls' Grade School Sneakers - Black/Black - view 5,,,,,,,,
Nike Air Force 1 - Girls' Grade School Sneakers - Pink/White/Grey,nike-air-force-1-girls-grade-school-pink-white-grey-ir65059,"<p>Game changing kick that not only revolutionized the world of basketball, but sneaker culture as well. Today’s take on the  Nike Air Force 1 Girls’ Shoe blends classic style with fresh materials, and will continue to be a heavy player in your rotation.</p> <ul> <li>Leather upper provides durability and comfort.</li> <li>Encapsulated Air-Sole unit for exceptional cushioning mile after mile.</li> <li>Rubber outsole offers superior traction.</li> </ul><hr /><p>Few sneakers carry the cultural weight of the Nike Air Force 1, the shoe that changed basketball and then rewrote street style for generations. Built for kids who want both comfort and credibility, the Air Force 1 Girls' Grade School delivers all-day wearability in a silhouette that pairs effortlessly with virtually any outfit.</p> <ul> <li>Leather upper provides lasting durability and a clean, classic look.</li> <li>Encapsulated Nike Air-Sole unit delivers lightweight, responsive cushioning underfoot.</li> <li>Low-top silhouette offers freedom of movement and easy on-and-off wear.</li> <li>Rubber outsole with iconic traction pattern for reliable grip on any surface.</li> <li>Perforated toe box adds breathability throughout the day.</li> </ul> <p><strong>Size & Fit Guidance</strong></p> <p>For the best fit, we recommend trying a half size up. Some wearers find the toe box runs slightly snug at first, and the leather naturally softens and conforms with wear. Adults with smaller feet note that grade school sizing translates very well to their everyday size.</p> <p><strong>Best For</strong></p> <p>School, errands, dance class, and everyday casual wear, wherever a versatile and go-with-everything sneaker is the right call.</p> <p><strong>Styling & Versatility</strong></p> <p>The Air Force 1's clean, low-profile design makes it one of the most versatile silhouettes in any rotation. Whether paired with jeans, joggers, or a school uniform, it earns compliments across seasons and consistently proves itself as a true go-to sneaker.</p> <p><strong>Break-In & Durability</strong></p> <p>The leather upper holds up well with regular use, and the shoe benefits from a few wears to fully settle in. Reviewers note the all-leather construction stays strong over time, while the secure heel fit keeps the shoe feeling dialed in throughout the day.</p> <p><strong>Care & Maintenance</strong></p> <p>The leather upper responds well to standard spot cleaning. Reviewers report the shoe wipes clean easily, helping maintain a fresh, polished appearance with minimal upkeep.</p>",Nike,Apparel & Accessories > Shoes,Lifestyle Sneakers,"footlocker-clean-batch-2026-09, footlocker-source, new-arrivals, nike, style:IR65059, kids, everyday",TRUE,Active,IR65059-4,198961583073,Color,Pink/White/Grey,,Size,4,,,,,90.00,,,TRUE,,shopify,8,DENY,300,g,TRUE,manual,https://assets.footlocker.com/is/image/FLDM/IR65059_01?wid=1600&hei=1600&fmt=png-alpha,1,Nike Air Force 1 - Girls' Grade School Sneakers - Pink/White/Grey - primary view,https://assets.footlocker.com/is/image/FLDM/IR65059_01?wid=1600&hei=1600&fmt=png-alpha,FALSE,Nike Air Force 1 - Girls' Grade School Sneakers - Pink/White/Grey,Shop Nike Air Force 1 - Girls' Grade School Sneakers - Pink/White/Grey at Sneaker Head.,White,Girls' Grade School,IR65059,https://www.footlocker.com/product/nike-air-force-1-girls-grade-school/IR65059.html
,nike-air-force-1-girls-grade-school-pink-white-grey-ir65059,,,,,,,,IR65059-4-5,198961584148,Color,Pink/White/Grey,,Size,4.5,,,,,90.00,,,TRUE,,shopify,8,DENY,300,g,TRUE,manual,,,,https://assets.footlocker.com/is/image/FLDM/IR65059_01?wid=1600&hei=1600&fmt=png-alpha,FALSE,,,,,,
,nike-air-force-1-girls-grade-school-pink-white-grey-ir65059,,,,,,,,IR65059-5,198961587620,Color,Pink/White/Grey,,Size,5,,,,,90.00,,,TRUE,,shopify,8,DENY,300,g,TRUE,manual,,,,https://assets.footlocker.com/is/image/FLDM/IR65059_01?wid=1600&hei=1600&fmt=png-alpha,FALSE,,,,,,
,nike-air-force-1-girls-grade-school-pink-white-grey-ir65059,,,,,,,,IR65059-5-5,198961590545,Color,Pink/White/Grey,,Size,5.5,,,,,90.00,,,TRUE,,shopify,8,DENY,300,g,TRUE,manual,,,,https://assets.footlocker.com/is/image/FLDM/IR65059_01?wid=1600&hei=1600&fmt=png-alpha,FALSE,,,,,,
,nike-air-force-1-girls-grade-school-pink-white-grey-ir65059,,,,,,,,IR65059-6,198961578086,Color,Pink/White/Grey,,Size,6,,,,,90.00,,,TRUE,,shopify,8,DENY,300,g,TRUE,manual,,,,https://assets.footlocker.com/is/image/FLDM/IR65059_01?wid=1600&hei=1600&fmt=png-alpha,FALSE,,,,,,
,nike-air-force-1-girls-grade-school-pink-white-grey-ir65059,,,,,,,,IR65059-6-5,198961598237,Color,Pink/White/Grey,,Size,6.5,,,,,90.00,,,TRUE,,shopify,8,DENY,300,g,TRUE,manual,,,,https://assets.footlocker.com/is/image/FLDM/IR65059_01?wid=1600&hei=1600&fmt=png-alpha,FALSE,,,,,,
,nike-air-force-1-girls-grade-school-pink-white-grey-ir65059,,,,,,,,IR65059-7,198961589440,Color,Pink/White/Grey,,Size,7,,,,,90.00,,,TRUE,,shopify,8,DENY,300,g,TRUE,manual,,,,https://assets.footlocker.com/is/image/FLDM/IR65059_01?wid=1600&hei=1600&fmt=png-alpha,FALSE,,,,,,
,nike-air-force-1-girls-grade-school-pink-white-grey-ir65059,,,,,,,,,,,,,,,,,,,,,,,,,,,,,,,https://assets.footlocker.com/is/image/FLDM/IR65059_03?wid=1600&hei=1600&fmt=png-alpha,2,Nike Air Force 1 - Girls' Grade School Sneakers - Pink/White/Grey - view 2,,,,,,,,
,nike-air-force-1-girls-grade-school-pink-white-grey-ir65059,,,,,,,,,,,,,,,,,,,,,,,,,,,,,,,https://assets.footlocker.com/is/image/FLDM/IR65059_04?wid=1600&hei=1600&fmt=png-alpha,3,Nike Air Force 1 - Girls' Grade School Sneakers - Pink/White/Grey - view 3,,,,,,,,
,nike-air-force-1-girls-grade-school-pink-white-grey-ir65059,,,,,,,,,,,,,,,,,,,,,,,,,,,,,,,https://assets.footlocker.com/is/image/FLDM/IR65059_05?wid=1600&hei=1600&fmt=png-alpha,4,Nike Air Force 1 - Girls' Grade School Sneakers - Pink/White/Grey - view 4,,,,,,,,
Nike Air Force 1 - Girls' Grade School Sneakers - White/Pink,nike-air-force-1-girls-grade-school-white-pink-ct3839,"<p>Game changing kick that not only revolutionized the world of basketball, but sneaker culture as well. Today’s take on the  Nike Air Force 1 Girls’ Shoe blends classic style with fresh materials, and will continue to be a heavy player in your rotation.</p> <ul> <li>Leather upper provides durability and comfort.</li> <li>Encapsulated Air-Sole unit for exceptional cushioning mile after mile.</li> <li>Rubber outsole offers superior traction.</li> </ul><hr /><p>Few sneakers carry the cultural weight of the Nike Air Force 1, the shoe that changed basketball and then rewrote street style for generations. Built for kids who want both comfort and credibility, the Air Force 1 Girls' Grade School delivers all-day wearability in a silhouette that pairs effortlessly with virtually any outfit.</p> <ul> <li>Leather upper provides lasting durability and a clean, classic look.</li> <li>Encapsulated Nike Air-Sole unit delivers lightweight, responsive cushioning underfoot.</li> <li>Low-top silhouette offers freedom of movement and easy on-and-off wear.</li> <li>Rubber outsole with iconic traction pattern for reliable grip on any surface.</li> <li>Perforated toe box adds breathability throughout the day.</li> </ul> <p><strong>Size & Fit Guidance</strong></p> <p>For the best fit, we recommend trying a half size up. Some wearers find the toe box runs slightly snug at first, and the leather naturally softens and conforms with wear. Adults with smaller feet note that grade school sizing translates very well to their everyday size.</p> <p><strong>Best For</strong></p> <p>School, errands, dance class, and everyday casual wear, wherever a versatile and go-with-everything sneaker is the right call.</p> <p><strong>Styling & Versatility</strong></p> <p>The Air Force 1's clean, low-profile design makes it one of the most versatile silhouettes in any rotation. Whether paired with jeans, joggers, or a school uniform, it earns compliments across seasons and consistently proves itself as a true go-to sneaker.</p> <p><strong>Break-In & Durability</strong></p> <p>The leather upper holds up well with regular use, and the shoe benefits from a few wears to fully settle in. Reviewers note the all-leather construction stays strong over time, while the secure heel fit keeps the shoe feeling dialed in throughout the day.</p> <p><strong>Care & Maintenance</strong></p> <p>The leather upper responds well to standard spot cleaning. Reviewers report the shoe wipes clean easily, helping maintain a fresh, polished appearance with minimal upkeep.</p>",Nike,Apparel & Accessories > Shoes,Lifestyle Sneakers,"footlocker-clean-batch-2026-09, footlocker-source, new-arrivals, nike, style:CT3839, kids, everyday",TRUE,Active,CT3839-4,198729281838,Color,White/Pink,,Size,4,,,,,90.00,,,TRUE,,shopify,8,DENY,300,g,TRUE,manual,https://assets.footlocker.com/is/image/FLDM/CT3839_01?wid=1600&hei=1600&fmt=png-alpha,1,Nike Air Force 1 - Girls' Grade School Sneakers - White/Pink - primary view,https://assets.footlocker.com/is/image/FLDM/CT3839_01?wid=1600&hei=1600&fmt=png-alpha,FALSE,Nike Air Force 1 - Girls' Grade School Sneakers - White/Pink,Shop Nike Air Force 1 - Girls' Grade School Sneakers - White/Pink at Sneaker Head.,White,Girls' Grade School,CT3839,https://www.footlocker.com/product/nike-air-force-1-girls-grade-school/CT3839.html
,nike-air-force-1-girls-grade-school-white-pink-ct3839,,,,,,,,CT3839-4-5,198729270399,Color,White/Pink,,Size,4.5,,,,,90.00,,,TRUE,,shopify,8,DENY,300,g,TRUE,manual,,,,https://assets.footlocker.com/is/image/FLDM/CT3839_01?wid=1600&hei=1600&fmt=png-alpha,FALSE,,,,,,
,nike-air-force-1-girls-grade-school-white-pink-ct3839,,,,,,,,CT3839-5,198729277039,Color,White/Pink,,Size,5,,,,,90.00,,,TRUE,,shopify,8,DENY,300,g,TRUE,manual,,,,https://assets.footlocker.com/is/image/FLDM/CT3839_01?wid=1600&hei=1600&fmt=png-alpha,FALSE,,,,,,
,nike-air-force-1-girls-grade-school-white-pink-ct3839,,,,,,,,CT3839-5-5,198729260925,Color,White/Pink,,Size,5.5,,,,,90.00,,,TRUE,,shopify,8,DENY,300,g,TRUE,manual,,,,https://assets.footlocker.com/is/image/FLDM/CT3839_01?wid=1600&hei=1600&fmt=png-alpha,FALSE,,,,,,
,nike-air-force-1-girls-grade-school-white-pink-ct3839,,,,,,,,CT3839-6,198729262332,Color,White/Pink,,Size,6,,,,,90.00,,,TRUE,,shopify,8,DENY,300,g,TRUE,manual,,,,https://assets.footlocker.com/is/image/FLDM/CT3839_01?wid=1600&hei=1600&fmt=png-alpha,FALSE,,,,,,
,nike-air-force-1-girls-grade-school-white-pink-ct3839,,,,,,,,CT3839-6-5,198729265609,Color,White/Pink,,Size,6.5,,,,,90.00,,,TRUE,,shopify,8,DENY,300,g,TRUE,manual,,,,https://assets.footlocker.com/is/image/FLDM/CT3839_01?wid=1600&hei=1600&fmt=png-alpha,FALSE,,,,,,
,nike-air-force-1-girls-grade-school-white-pink-ct3839,,,,,,,,CT3839-7,198729277466,Color,White/Pink,,Size,7,,,,,90.00,,,TRUE,,shopify,8,DENY,300,g,TRUE,manual,,,,https://assets.footlocker.com/is/image/FLDM/CT3839_01?wid=1600&hei=1600&fmt=png-alpha,FALSE,,,,,,
,nike-air-force-1-girls-grade-school-white-pink-ct3839,,,,,,,,,,,,,,,,,,,,,,,,,,,,,,,https://assets.footlocker.com/is/image/FLDM/CT3839_03?wid=1600&hei=1600&fmt=png-alpha,2,Nike Air Force 1 - Girls' Grade School Sneakers - White/Pink - view 2,,,,,,,,
,nike-air-force-1-girls-grade-school-white-pink-ct3839,,,,,,,,,,,,,,,,,,,,,,,,,,,,,,,https://assets.footlocker.com/is/image/FLDM/CT3839_04?wid=1600&hei=1600&fmt=png-alpha,3,Nike Air Force 1 - Girls' Grade School Sneakers - White/Pink - view 3,,,,,,,,
,nike-air-force-1-girls-grade-school-white-pink-ct3839,,,,,,,,,,,,,,,,,,,,,,,,,,,,,,,https://assets.footlocker.com/is/image/FLDM/CT3839_05?wid=1600&hei=1600&fmt=png-alpha,4,Nike Air Force 1 - Girls' Grade School Sneakers - White/Pink - view 4,,,,,,,,
Nike Air Max 90 Men's Sneakers - Black/Black,nike-air-max-90-men-black-black-42454010,"<p>Flashy, fierce, and functional! Setting the bar high with style and performance, the Nike Air Max 90 is truly one of a kind. The familiar Air Max silhouette gets updated with striking colour palettes and functional details you can trust. The gold Max Air unit in the heel cushions every step, while the rubber outsole delivers a grippy ride. Take flight in the iconic Nike Air Max 90!</p> <p><strong>Nike Air Max 90 features:</strong></p> <ul><li>Accents of gold on the upper add sleek style.</li><li>Stitched overlays and classic TPU accents bring standout style.</li><li>Foam midsole delivers cushioned comfort.</li><li>Low-top design combines with a padded collar for a comfortable fit.</li><li>Rubber Waffle outsole delivers superior traction.</li></ul><hr /><p>Long days on your feet feel better when comfort and classic style work together. The Nike Air Max 90 brings iconic running-inspired design into everyday rotation with cushioned support, a structured feel, and the unmistakable lines that have made it a sneaker favorite for decades.</p><ul><li>Visible Max Air unit in the heel adds lightweight cushioning.</li><li>Foam midsole helps soften every step.</li><li>Stitched overlays and classic TPU accents keep the signature Air Max 90 look.</li><li>Low-top design and padded collar provide comfortable everyday wear.</li><li>Rubber Waffle outsole delivers reliable traction.</li></ul> <p><strong>Size & Fit Guidance</strong></p><p>For the best fit, we recommend choosing your usual size if you prefer a classic, secure feel. If you have wider feet or like a little more room through the toe box, going up half a size may feel more comfortable.</p> <p><strong>Best For</strong></p><p>Best for everyday wear, long hours on your feet, casual walking, and easy styling with just about anything in your closet.</p> <p><strong>Styling & Versatility</strong></p><p>The Air Max 90 stands out with a timeless shape that works across laid-back, sport-inspired, and streetwear looks. Reviewers consistently call out how easily it pairs with everyday outfits while still bringing that unmistakable Air Max attitude.</p> <p><strong>Care & Maintenance</strong></p><p>To keep them looking fresh, wipe away dirt early with a soft cloth and spot clean as needed, especially on lighter colorways. Regular upkeep helps preserve the clean look of the upper and midsole.</p>",Nike,Apparel & Accessories > Shoes,Lifestyle Sneakers,"footlocker-clean-batch-2026-09, footlocker-source, new-arrivals, nike, style:42454010, men, everyday",TRUE,Active,42454010-7-5,198963106782,Color,Black/Black,,Size,7.5,,,,,145.00,,,TRUE,,shopify,8,DENY,300,g,TRUE,manual,https://assets.footlocker.com/is/image/FLDM/42454010_01?wid=1600&hei=1600&fmt=png-alpha,1,Nike Air Max 90 Men's Sneakers - Black/Black - primary view,https://assets.footlocker.com/is/image/FLDM/42454010_01?wid=1600&hei=1600&fmt=png-alpha,FALSE,Nike Air Max 90 Men's Sneakers - Black/Black,Shop Nike Air Max 90 Men's Sneakers - Black/Black at Sneaker Head.,Black,Men's,42454010,https://www.footlocker.com/product/nike-air-max-90-mens/42454010.html
,nike-air-max-90-men-black-black-42454010,,,,,,,,42454010-8,198963106690,Color,Black/Black,,Size,8,,,,,145.00,,,TRUE,,shopify,8,DENY,300,g,TRUE,manual,,,,https://assets.footlocker.com/is/image/FLDM/42454010_01?wid=1600&hei=1600&fmt=png-alpha,FALSE,,,,,,
,nike-air-max-90-men-black-black-42454010,,,,,,,,42454010-8-5,198963107178,Color,Black/Black,,Size,8.5,,,,,145.00,,,TRUE,,shopify,8,DENY,300,g,TRUE,manual,,,,https://assets.footlocker.com/is/image/FLDM/42454010_01?wid=1600&hei=1600&fmt=png-alpha,FALSE,,,,,,
,nike-air-max-90-men-black-black-42454010,,,,,,,,42454010-9,198963105655,Color,Black/Black,,Size,9,,,,,145.00,,,TRUE,,shopify,8,DENY,300,g,TRUE,manual,,,,https://assets.footlocker.com/is/image/FLDM/42454010_01?wid=1600&hei=1600&fmt=png-alpha,FALSE,,,,,,
,nike-air-max-90-men-black-black-42454010,,,,,,,,42454010-9-5,198963105426,Color,Black/Black,,Size,9.5,,,,,145.00,,,TRUE,,shopify,8,DENY,300,g,TRUE,manual,,,,https://assets.footlocker.com/is/image/FLDM/42454010_01?wid=1600&hei=1600&fmt=png-alpha,FALSE,,,,,,
,nike-air-max-90-men-black-black-42454010,,,,,,,,42454010-10,198963107864,Color,Black/Black,,Size,10,,,,,145.00,,,TRUE,,shopify,8,DENY,300,g,TRUE,manual,,,,https://assets.footlocker.com/is/image/FLDM/42454010_01?wid=1600&hei=1600&fmt=png-alpha,FALSE,,,,,,
,nike-air-max-90-men-black-black-42454010,,,,,,,,42454010-10-5,198963106621,Color,Black/Black,,Size,10.5,,,,,145.00,,,TRUE,,shopify,8,DENY,300,g,TRUE,manual,,,,https://assets.footlocker.com/is/image/FLDM/42454010_01?wid=1600&hei=1600&fmt=png-alpha,FALSE,,,,,,
,nike-air-max-90-men-black-black-42454010,,,,,,,,42454010-11,198963108533,Color,Black/Black,,Size,11,,,,,145.00,,,TRUE,,shopify,8,DENY,300,g,TRUE,manual,,,,https://assets.footlocker.com/is/image/FLDM/42454010_01?wid=1600&hei=1600&fmt=png-alpha,FALSE,,,,,,
,nike-air-max-90-men-black-black-42454010,,,,,,,,42454010-11-5,198963108632,Color,Black/Black,,Size,11.5,,,,,145.00,,,TRUE,,shopify,8,DENY,300,g,TRUE,manual,,,,https://assets.footlocker.com/is/image/FLDM/42454010_01?wid=1600&hei=1600&fmt=png-alpha,FALSE,,,,,,
,nike-air-max-90-men-black-black-42454010,,,,,,,,42454010-12,198963106355,Color,Black/Black,,Size,12,,,,,145.00,,,TRUE,,shopify,8,DENY,300,g,TRUE,manual,,,,https://assets.footlocker.com/is/image/FLDM/42454010_01?wid=1600&hei=1600&fmt=png-alpha,FALSE,,,,,,
,nike-air-max-90-men-black-black-42454010,,,,,,,,42454010-13,198963109653,Color,Black/Black,,Size,13,,,,,145.00,,,TRUE,,shopify,8,DENY,300,g,TRUE,manual,,,,https://assets.footlocker.com/is/image/FLDM/42454010_01?wid=1600&hei=1600&fmt=png-alpha,FALSE,,,,,,
,nike-air-max-90-men-black-black-42454010,,,,,,,,42454010-14,198963105099,Color,Black/Black,,Size,14,,,,,145.00,,,TRUE,,shopify,8,DENY,300,g,TRUE,manual,,,,https://assets.footlocker.com/is/image/FLDM/42454010_01?wid=1600&hei=1600&fmt=png-alpha,FALSE,,,,,,
,nike-air-max-90-men-black-black-42454010,,,,,,,,42454010-15,198963105266,Color,Black/Black,,Size,15,,,,,145.00,,,TRUE,,shopify,8,DENY,300,g,TRUE,manual,,,,https://assets.footlocker.com/is/image/FLDM/42454010_01?wid=1600&hei=1600&fmt=png-alpha,FALSE,,,,,,
,nike-air-max-90-men-black-black-42454010,,,,,,,,,,,,,,,,,,,,,,,,,,,,,,,https://assets.footlocker.com/is/image/FLDM/42454010_03?wid=1600&hei=1600&fmt=png-alpha,2,Nike Air Max 90 Men's Sneakers - Black/Black - view 2,,,,,,,,
,nike-air-max-90-men-black-black-42454010,,,,,,,,,,,,,,,,,,,,,,,,,,,,,,,https://assets.footlocker.com/is/image/FLDM/42454010_04?wid=1600&hei=1600&fmt=png-alpha,3,Nike Air Max 90 Men's Sneakers - Black/Black - view 3,,,,,,,,
,nike-air-max-90-men-black-black-42454010,,,,,,,,,,,,,,,,,,,,,,,,,,,,,,,https://assets.footlocker.com/is/image/FLDM/42454010_05?wid=1600&hei=1600&fmt=png-alpha,4,Nike Air Max 90 Men's Sneakers - Black/Black - view 4,,,,,,,,
,nike-air-max-90-men-black-black-42454010,,,,,,,,,,,,,,,,,,,,,,,,,,,,,,,https://assets.footlocker.com/is/image/FLDM/42454010_06?wid=1600&hei=1600&fmt=png-alpha,5,Nike Air Max 90 Men's Sneakers - Black/Black - view 5,,,,,,,,
Nike Air Max 90 Men's Sneakers - Black/Black/Black,nike-air-max-90-men-black-black-black-n8490003,"<p>Flashy, fierce, and functional! Setting the bar high with style and performance, the Nike Air Max 90 is truly one of a kind. The familiar Air Max silhouette gets updated with striking colour palettes and functional details you can trust. The gold Max Air unit in the heel cushions every step, while the rubber outsole delivers a grippy ride. Take flight in the iconic Nike Air Max 90!</p> <p><strong>Nike Air Max 90 features:</strong></p> <ul><li>Accents of gold on the upper add sleek style.</li><li>Stitched overlays and classic TPU accents bring standout style.</li><li>Foam midsole delivers cushioned comfort.</li><li>Low-top design combines with a padded collar for a comfortable fit.</li><li>Rubber Waffle outsole delivers superior traction.</li></ul><hr /><p>Long days on your feet feel better when comfort and classic style work together. The Nike Air Max 90 brings iconic running-inspired design into everyday rotation with cushioned support, a structured feel, and the unmistakable lines that have made it a sneaker favorite for decades.</p><ul><li>Visible Max Air unit in the heel adds lightweight cushioning.</li><li>Foam midsole helps soften every step.</li><li>Stitched overlays and classic TPU accents keep the signature Air Max 90 look.</li><li>Low-top design and padded collar provide comfortable everyday wear.</li><li>Rubber Waffle outsole delivers reliable traction.</li></ul> <p><strong>Size & Fit Guidance</strong></p><p>For the best fit, we recommend choosing your usual size if you prefer a classic, secure feel. If you have wider feet or like a little more room through the toe box, going up half a size may feel more comfortable.</p> <p><strong>Best For</strong></p><p>Best for everyday wear, long hours on your feet, casual walking, and easy styling with just about anything in your closet.</p> <p><strong>Styling & Versatility</strong></p><p>The Air Max 90 stands out with a timeless shape that works across laid-back, sport-inspired, and streetwear looks. Reviewers consistently call out how easily it pairs with everyday outfits while still bringing that unmistakable Air Max attitude.</p> <p><strong>Care & Maintenance</strong></p><p>To keep them looking fresh, wipe away dirt early with a soft cloth and spot clean as needed, especially on lighter colorways. Regular upkeep helps preserve the clean look of the upper and midsole.</p>",Nike,Apparel & Accessories > Shoes,Lifestyle Sneakers,"footlocker-clean-batch-2026-09, footlocker-source, new-arrivals, nike, style:N8490003, men, everyday",TRUE,Active,N8490003-7-5,193154416480,Color,Black/Black/Black,,Size,7.5,,,,,135.00,,,TRUE,,shopify,8,DENY,300,g,TRUE,manual,https://assets.footlocker.com/is/image/FLDM/N8490003_01?wid=1600&hei=1600&fmt=png-alpha,1,Nike Air Max 90 Men's Sneakers - Black/Black/Black - primary view,https://assets.footlocker.com/is/image/FLDM/N8490003_01?wid=1600&hei=1600&fmt=png-alpha,FALSE,Nike Air Max 90 Men's Sneakers - Black/Black/Black,Shop Nike Air Max 90 Men's Sneakers - Black/Black/Black at Sneaker Head.,Black,Men's,N8490003,https://www.footlocker.com/product/nike-air-max-90-mens/N8490003.html
,nike-air-max-90-men-black-black-black-n8490003,,,,,,,,N8490003-8,193154416497,Color,Black/Black/Black,,Size,8,,,,,135.00,,,TRUE,,shopify,8,DENY,300,g,TRUE,manual,,,,https://assets.footlocker.com/is/image/FLDM/N8490003_01?wid=1600&hei=1600&fmt=png-alpha,FALSE,,,,,,
,nike-air-max-90-men-black-black-black-n8490003,,,,,,,,N8490003-8-5,193154416503,Color,Black/Black/Black,,Size,8.5,,,,,135.00,,,TRUE,,shopify,8,DENY,300,g,TRUE,manual,,,,https://assets.footlocker.com/is/image/FLDM/N8490003_01?wid=1600&hei=1600&fmt=png-alpha,FALSE,,,,,,
,nike-air-max-90-men-black-black-black-n8490003,,,,,,,,N8490003-9,193154416510,Color,Black/Black/Black,,Size,9,,,,,135.00,,,TRUE,,shopify,8,DENY,300,g,TRUE,manual,,,,https://assets.footlocker.com/is/image/FLDM/N8490003_01?wid=1600&hei=1600&fmt=png-alpha,FALSE,,,,,,
,nike-air-max-90-men-black-black-black-n8490003,,,,,,,,N8490003-9-5,193154416527,Color,Black/Black/Black,,Size,9.5,,,,,135.00,,,TRUE,,shopify,8,DENY,300,g,TRUE,manual,,,,https://assets.footlocker.com/is/image/FLDM/N8490003_01?wid=1600&hei=1600&fmt=png-alpha,FALSE,,,,,,
,nike-air-max-90-men-black-black-black-n8490003,,,,,,,,N8490003-10,193154416534,Color,Black/Black/Black,,Size,10,,,,,135.00,,,TRUE,,shopify,8,DENY,300,g,TRUE,manual,,,,https://assets.footlocker.com/is/image/FLDM/N8490003_01?wid=1600&hei=1600&fmt=png-alpha,FALSE,,,,,,
,nike-air-max-90-men-black-black-black-n8490003,,,,,,,,N8490003-10-5,193154416541,Color,Black/Black/Black,,Size,10.5,,,,,135.00,,,TRUE,,shopify,8,DENY,300,g,TRUE,manual,,,,https://assets.footlocker.com/is/image/FLDM/N8490003_01?wid=1600&hei=1600&fmt=png-alpha,FALSE,,,,,,
,nike-air-max-90-men-black-black-black-n8490003,,,,,,,,N8490003-11,193154416558,Color,Black/Black/Black,,Size,11,,,,,135.00,,,TRUE,,shopify,8,DENY,300,g,TRUE,manual,,,,https://assets.footlocker.com/is/image/FLDM/N8490003_01?wid=1600&hei=1600&fmt=png-alpha,FALSE,,,,,,
,nike-air-max-90-men-black-black-black-n8490003,,,,,,,,N8490003-11-5,193154416565,Color,Black/Black/Black,,Size,11.5,,,,,135.00,,,TRUE,,shopify,8,DENY,300,g,TRUE,manual,,,,https://assets.footlocker.com/is/image/FLDM/N8490003_01?wid=1600&hei=1600&fmt=png-alpha,FALSE,,,,,,
,nike-air-max-90-men-black-black-black-n8490003,,,,,,,,N8490003-12,193154416572,Color,Black/Black/Black,,Size,12,,,,,135.00,,,TRUE,,shopify,8,DENY,300,g,TRUE,manual,,,,https://assets.footlocker.com/is/image/FLDM/N8490003_01?wid=1600&hei=1600&fmt=png-alpha,FALSE,,,,,,
,nike-air-max-90-men-black-black-black-n8490003,,,,,,,,N8490003-13,193154416596,Color,Black/Black/Black,,Size,13,,,,,135.00,,,TRUE,,shopify,8,DENY,300,g,TRUE,manual,,,,https://assets.footlocker.com/is/image/FLDM/N8490003_01?wid=1600&hei=1600&fmt=png-alpha,FALSE,,,,,,
,nike-air-max-90-men-black-black-black-n8490003,,,,,,,,N8490003-14,193154416602,Color,Black/Black/Black,,Size,14,,,,,135.00,,,TRUE,,shopify,8,DENY,300,g,TRUE,manual,,,,https://assets.footlocker.com/is/image/FLDM/N8490003_01?wid=1600&hei=1600&fmt=png-alpha,FALSE,,,,,,
,nike-air-max-90-men-black-black-black-n8490003,,,,,,,,,,,,,,,,,,,,,,,,,,,,,,,https://assets.footlocker.com/is/image/FLDM/N8490003_a1?wid=1600&hei=1600&fmt=png-alpha,2,Nike Air Max 90 Men's Sneakers - Black/Black/Black - view 2,,,,,,,,
,nike-air-max-90-men-black-black-black-n8490003,,,,,,,,,,,,,,,,,,,,,,,,,,,,,,,https://assets.footlocker.com/is/image/FLDM/N8490003_a2?wid=1600&hei=1600&fmt=png-alpha,3,Nike Air Max 90 Men's Sneakers - Black/Black/Black - view 3,,,,,,,,
,nike-air-max-90-men-black-black-black-n8490003,,,,,,,,,,,,,,,,,,,,,,,,,,,,,,,https://assets.footlocker.com/is/image/FLDM/N8490003_a3?wid=1600&hei=1600&fmt=png-alpha,4,Nike Air Max 90 Men's Sneakers - Black/Black/Black - view 4,,,,,,,,
,nike-air-max-90-men-black-black-black-n8490003,,,,,,,,,,,,,,,,,,,,,,,,,,,,,,,https://assets.footlocker.com/is/image/FLDM/N8490003_a4?wid=1600&hei=1600&fmt=png-alpha,5,Nike Air Max 90 Men's Sneakers - Black/Black/Black - view 5,,,,,,,,
Nike Air Max 90 Men's Sneakers - Blue Crystal/Light Smoke Grey/White,nike-air-max-90-men-blue-crystal-light-smoke-grey-white-m0029122,"<p>Flashy, fierce, and functional! Setting the bar high with style and performance, the Nike Air Max 90 is truly one of a kind. The familiar Air Max silhouette gets updated with striking colour palettes and functional details you can trust. The gold Max Air unit in the heel cushions every step, while the rubber outsole delivers a grippy ride. Take flight in the iconic Nike Air Max 90!</p> <p><strong>Nike Air Max 90 features:</strong></p> <ul><li>Accents of gold on the upper add sleek style.</li><li>Stitched overlays and classic TPU accents bring standout style.</li><li>Foam midsole delivers cushioned comfort.</li><li>Low-top design combines with a padded collar for a comfortable fit.</li><li>Rubber Waffle outsole delivers superior traction.</li></ul><hr /><p>Long days on your feet feel better when comfort and classic style work together. The Nike Air Max 90 brings iconic running-inspired design into everyday rotation with cushioned support, a structured feel, and the unmistakable lines that have made it a sneaker favorite for decades.</p><ul><li>Visible Max Air unit in the heel adds lightweight cushioning.</li><li>Foam midsole helps soften every step.</li><li>Stitched overlays and classic TPU accents keep the signature Air Max 90 look.</li><li>Low-top design and padded collar provide comfortable everyday wear.</li><li>Rubber Waffle outsole delivers reliable traction.</li></ul> <p><strong>Size & Fit Guidance</strong></p><p>For the best fit, we recommend choosing your usual size if you prefer a classic, secure feel. If you have wider feet or like a little more room through the toe box, going up half a size may feel more comfortable.</p> <p><strong>Best For</strong></p><p>Best for everyday wear, long hours on your feet, casual walking, and easy styling with just about anything in your closet.</p> <p><strong>Styling & Versatility</strong></p><p>The Air Max 90 stands out with a timeless shape that works across laid-back, sport-inspired, and streetwear looks. Reviewers consistently call out how easily it pairs with everyday outfits while still bringing that unmistakable Air Max attitude.</p> <p><strong>Care & Maintenance</strong></p><p>To keep them looking fresh, wipe away dirt early with a soft cloth and spot clean as needed, especially on lighter colorways. Regular upkeep helps preserve the clean look of the upper and midsole.</p>",Nike,Apparel & Accessories > Shoes,Lifestyle Sneakers,"footlocker-clean-batch-2026-09, footlocker-source, new-arrivals, nike, style:M0029122, men, everyday, sale",TRUE,Active,M0029122-7-5,198729158642,Color,Blue Crystal/Light Smoke Grey/White,,Size,7.5,,,,,108.00,135.00,,TRUE,,shopify,8,DENY,300,g,TRUE,manual,https://assets.footlocker.com/is/image/FLDM/M0029122_01?wid=1600&hei=1600&fmt=png-alpha,1,Nike Air Max 90 Men's Sneakers - Blue Crystal/Light Smoke Grey/White - primary view,https://assets.footlocker.com/is/image/FLDM/M0029122_01?wid=1600&hei=1600&fmt=png-alpha,FALSE,Nike Air Max 90 Men's Sneakers - Blue Crystal/Light Smoke Grey/White,Shop Nike Air Max 90 Men's Sneakers - Blue Crystal/Light Smoke Grey/White at Sneaker Head.,White,Men's,M0029122,https://www.footlocker.com/product/nike-air-max-90-mens/M0029122.html
,nike-air-max-90-men-blue-crystal-light-smoke-grey-white-m0029122,,,,,,,,M0029122-8,198729159311,Color,Blue Crystal/Light Smoke Grey/White,,Size,8,,,,,108.00,135.00,,TRUE,,shopify,8,DENY,300,g,TRUE,manual,,,,https://assets.footlocker.com/is/image/FLDM/M0029122_01?wid=1600&hei=1600&fmt=png-alpha,FALSE,,,,,,
,nike-air-max-90-men-blue-crystal-light-smoke-grey-white-m0029122,,,,,,,,M0029122-8-5,198729231437,Color,Blue Crystal/Light Smoke Grey/White,,Size,8.5,,,,,108.00,135.00,,TRUE,,shopify,8,DENY,300,g,TRUE,manual,,,,https://assets.footlocker.com/is/image/FLDM/M0029122_01?wid=1600&hei=1600&fmt=png-alpha,FALSE,,,,,,
,nike-air-max-90-men-blue-crystal-light-smoke-grey-white-m0029122,,,,,,,,M0029122-9,198729192158,Color,Blue Crystal/Light Smoke Grey/White,,Size,9,,,,,108.00,135.00,,TRUE,,shopify,8,DENY,300,g,TRUE,manual,,,,https://assets.footlocker.com/is/image/FLDM/M0029122_01?wid=1600&hei=1600&fmt=png-alpha,FALSE,,,,,,
,nike-air-max-90-men-blue-crystal-light-smoke-grey-white-m0029122,,,,,,,,M0029122-9-5,198729188977,Color,Blue Crystal/Light Smoke Grey/White,,Size,9.5,,,,,108.00,135.00,,TRUE,,shopify,8,DENY,300,g,TRUE,manual,,,,https://assets.footlocker.com/is/image/FLDM/M0029122_01?wid=1600&hei=1600&fmt=png-alpha,FALSE,,,,,,
,nike-air-max-90-men-blue-crystal-light-smoke-grey-white-m0029122,,,,,,,,M0029122-10,198729218452,Color,Blue Crystal/Light Smoke Grey/White,,Size,10,,,,,108.00,135.00,,TRUE,,shopify,8,DENY,300,g,TRUE,manual,,,,https://assets.footlocker.com/is/image/FLDM/M0029122_01?wid=1600&hei=1600&fmt=png-alpha,FALSE,,,,,,
,nike-air-max-90-men-blue-crystal-light-smoke-grey-white-m0029122,,,,,,,,M0029122-10-5,198729198693,Color,Blue Crystal/Light Smoke Grey/White,,Size,10.5,,,,,108.00,135.00,,TRUE,,shopify,8,DENY,300,g,TRUE,manual,,,,https://assets.footlocker.com/is/image/FLDM/M0029122_01?wid=1600&hei=1600&fmt=png-alpha,FALSE,,,,,,
,nike-air-max-90-men-blue-crystal-light-smoke-grey-white-m0029122,,,,,,,,M0029122-11,198729204851,Color,Blue Crystal/Light Smoke Grey/White,,Size,11,,,,,108.00,135.00,,TRUE,,shopify,8,DENY,300,g,TRUE,manual,,,,https://assets.footlocker.com/is/image/FLDM/M0029122_01?wid=1600&hei=1600&fmt=png-alpha,FALSE,,,,,,
,nike-air-max-90-men-blue-crystal-light-smoke-grey-white-m0029122,,,,,,,,M0029122-11-5,198729097019,Color,Blue Crystal/Light Smoke Grey/White,,Size,11.5,,,,,108.00,135.00,,TRUE,,shopify,8,DENY,300,g,TRUE,manual,,,,https://assets.footlocker.com/is/image/FLDM/M0029122_01?wid=1600&hei=1600&fmt=png-alpha,FALSE,,,,,,
,nike-air-max-90-men-blue-crystal-light-smoke-grey-white-m0029122,,,,,,,,M0029122-12,198729147882,Color,Blue Crystal/Light Smoke Grey/White,,Size,12,,,,,108.00,135.00,,TRUE,,shopify,8,DENY,300,g,TRUE,manual,,,,https://assets.footlocker.com/is/image/FLDM/M0029122_01?wid=1600&hei=1600&fmt=png-alpha,FALSE,,,,,,
,nike-air-max-90-men-blue-crystal-light-smoke-grey-white-m0029122,,,,,,,,M0029122-13,198729083937,Color,Blue Crystal/Light Smoke Grey/White,,Size,13,,,,,108.00,135.00,,TRUE,,shopify,8,DENY,300,g,TRUE,manual,,,,https://assets.footlocker.com/is/image/FLDM/M0029122_01?wid=1600&hei=1600&fmt=png-alpha,FALSE,,,,,,
,nike-air-max-90-men-blue-crystal-light-smoke-grey-white-m0029122,,,,,,,,,,,,,,,,,,,,,,,,,,,,,,,https://assets.footlocker.com/is/image/FLDM/M0029122_03?wid=1600&hei=1600&fmt=png-alpha,2,Nike Air Max 90 Men's Sneakers - Blue Crystal/Light Smoke Grey/White - view 2,,,,,,,,
,nike-air-max-90-men-blue-crystal-light-smoke-grey-white-m0029122,,,,,,,,,,,,,,,,,,,,,,,,,,,,,,,https://assets.footlocker.com/is/image/FLDM/M0029122_04?wid=1600&hei=1600&fmt=png-alpha,3,Nike Air Max 90 Men's Sneakers - Blue Crystal/Light Smoke Grey/White - view 3,,,,,,,,
,nike-air-max-90-men-blue-crystal-light-smoke-grey-white-m0029122,,,,,,,,,,,,,,,,,,,,,,,,,,,,,,,https://assets.footlocker.com/is/image/FLDM/M0029122_05?wid=1600&hei=1600&fmt=png-alpha,4,Nike Air Max 90 Men's Sneakers - Blue Crystal/Light Smoke Grey/White - view 4,,,,,,,,
Nike Air Max 90 Men's Sneakers - Iron Grey/White/Dark Smoke Grey,nike-air-max-90-men-iron-grey-white-dark-smoke-grey-n8490002,"<p>Flashy, fierce, and functional! Setting the bar high with style and performance, the Nike Air Max 90 is truly one of a kind. The familiar Air Max silhouette gets updated with striking colour palettes and functional details you can trust. The gold Max Air unit in the heel cushions every step, while the rubber outsole delivers a grippy ride. Take flight in the iconic Nike Air Max 90!</p> <p><strong>Nike Air Max 90 features:</strong></p> <ul><li>Accents of gold on the upper add sleek style.</li><li>Stitched overlays and classic TPU accents bring standout style.</li><li>Foam midsole delivers cushioned comfort.</li><li>Low-top design combines with a padded collar for a comfortable fit.</li><li>Rubber Waffle outsole delivers superior traction.</li></ul><hr /><p>Long days on your feet feel better when comfort and classic style work together. The Nike Air Max 90 brings iconic running-inspired design into everyday rotation with cushioned support, a structured feel, and the unmistakable lines that have made it a sneaker favorite for decades.</p><ul><li>Visible Max Air unit in the heel adds lightweight cushioning.</li><li>Foam midsole helps soften every step.</li><li>Stitched overlays and classic TPU accents keep the signature Air Max 90 look.</li><li>Low-top design and padded collar provide comfortable everyday wear.</li><li>Rubber Waffle outsole delivers reliable traction.</li></ul> <p><strong>Size & Fit Guidance</strong></p><p>For the best fit, we recommend choosing your usual size if you prefer a classic, secure feel. If you have wider feet or like a little more room through the toe box, going up half a size may feel more comfortable.</p> <p><strong>Best For</strong></p><p>Best for everyday wear, long hours on your feet, casual walking, and easy styling with just about anything in your closet.</p> <p><strong>Styling & Versatility</strong></p><p>The Air Max 90 stands out with a timeless shape that works across laid-back, sport-inspired, and streetwear looks. Reviewers consistently call out how easily it pairs with everyday outfits while still bringing that unmistakable Air Max attitude.</p> <p><strong>Care & Maintenance</strong></p><p>To keep them looking fresh, wipe away dirt early with a soft cloth and spot clean as needed, especially on lighter colorways. Regular upkeep helps preserve the clean look of the upper and midsole.</p>",Nike,Apparel & Accessories > Shoes,Lifestyle Sneakers,"footlocker-clean-batch-2026-09, footlocker-source, new-arrivals, nike, style:N8490002, men, everyday",TRUE,Active,N8490002-7-5,193154416312,Color,Iron Grey/White/Dark Smoke Grey,,Size,7.5,,,,,135.00,,,TRUE,,shopify,8,DENY,300,g,TRUE,manual,https://assets.footlocker.com/is/image/FLDM/N8490002_01?wid=1600&hei=1600&fmt=png-alpha,1,Nike Air Max 90 Men's Sneakers - Iron Grey/White/Dark Smoke Grey - primary view,https://assets.footlocker.com/is/image/FLDM/N8490002_01?wid=1600&hei=1600&fmt=png-alpha,FALSE,Nike Air Max 90 Men's Sneakers - Iron Grey/White/Dark Smoke Grey,Shop Nike Air Max 90 Men's Sneakers - Iron Grey/White/Dark Smoke Grey at Sneaker Head.,Black,Men's,N8490002,https://www.footlocker.com/product/nike-air-max-90-mens/N8490002.html
,nike-air-max-90-men-iron-grey-white-dark-smoke-grey-n8490002,,,,,,,,N8490002-8,193154416329,Color,Iron Grey/White/Dark Smoke Grey,,Size,8,,,,,135.00,,,TRUE,,shopify,8,DENY,300,g,TRUE,manual,,,,https://assets.footlocker.com/is/image/FLDM/N8490002_01?wid=1600&hei=1600&fmt=png-alpha,FALSE,,,,,,
,nike-air-max-90-men-iron-grey-white-dark-smoke-grey-n8490002,,,,,,,,N8490002-8-5,193154416336,Color,Iron Grey/White/Dark Smoke Grey,,Size,8.5,,,,,135.00,,,TRUE,,shopify,8,DENY,300,g,TRUE,manual,,,,https://assets.footlocker.com/is/image/FLDM/N8490002_01?wid=1600&hei=1600&fmt=png-alpha,FALSE,,,,,,
,nike-air-max-90-men-iron-grey-white-dark-smoke-grey-n8490002,,,,,,,,N8490002-9,193154416343,Color,Iron Grey/White/Dark Smoke Grey,,Size,9,,,,,135.00,,,TRUE,,shopify,8,DENY,300,g,TRUE,manual,,,,https://assets.footlocker.com/is/image/FLDM/N8490002_01?wid=1600&hei=1600&fmt=png-alpha,FALSE,,,,,,
,nike-air-max-90-men-iron-grey-white-dark-smoke-grey-n8490002,,,,,,,,N8490002-9-5,193154416350,Color,Iron Grey/White/Dark Smoke Grey,,Size,9.5,,,,,135.00,,,TRUE,,shopify,8,DENY,300,g,TRUE,manual,,,,https://assets.footlocker.com/is/image/FLDM/N8490002_01?wid=1600&hei=1600&fmt=png-alpha,FALSE,,,,,,
,nike-air-max-90-men-iron-grey-white-dark-smoke-grey-n8490002,,,,,,,,N8490002-10,193154416367,Color,Iron Grey/White/Dark Smoke Grey,,Size,10,,,,,135.00,,,TRUE,,shopify,8,DENY,300,g,TRUE,manual,,,,https://assets.footlocker.com/is/image/FLDM/N8490002_01?wid=1600&hei=1600&fmt=png-alpha,FALSE,,,,,,
,nike-air-max-90-men-iron-grey-white-dark-smoke-grey-n8490002,,,,,,,,N8490002-10-5,193154416374,Color,Iron Grey/White/Dark Smoke Grey,,Size,10.5,,,,,135.00,,,TRUE,,shopify,8,DENY,300,g,TRUE,manual,,,,https://assets.footlocker.com/is/image/FLDM/N8490002_01?wid=1600&hei=1600&fmt=png-alpha,FALSE,,,,,,
,nike-air-max-90-men-iron-grey-white-dark-smoke-grey-n8490002,,,,,,,,N8490002-11,193154416381,Color,Iron Grey/White/Dark Smoke Grey,,Size,11,,,,,135.00,,,TRUE,,shopify,8,DENY,300,g,TRUE,manual,,,,https://assets.footlocker.com/is/image/FLDM/N8490002_01?wid=1600&hei=1600&fmt=png-alpha,FALSE,,,,,,
,nike-air-max-90-men-iron-grey-white-dark-smoke-grey-n8490002,,,,,,,,N8490002-11-5,193154416398,Color,Iron Grey/White/Dark Smoke Grey,,Size,11.5,,,,,135.00,,,TRUE,,shopify,8,DENY,300,g,TRUE,manual,,,,https://assets.footlocker.com/is/image/FLDM/N8490002_01?wid=1600&hei=1600&fmt=png-alpha,FALSE,,,,,,
,nike-air-max-90-men-iron-grey-white-dark-smoke-grey-n8490002,,,,,,,,N8490002-12,193154416404,Color,Iron Grey/White/Dark Smoke Grey,,Size,12,,,,,135.00,,,TRUE,,shopify,8,DENY,300,g,TRUE,manual,,,,https://assets.footlocker.com/is/image/FLDM/N8490002_01?wid=1600&hei=1600&fmt=png-alpha,FALSE,,,,,,
,nike-air-max-90-men-iron-grey-white-dark-smoke-grey-n8490002,,,,,,,,N8490002-13,193154416428,Color,Iron Grey/White/Dark Smoke Grey,,Size,13,,,,,135.00,,,TRUE,,shopify,8,DENY,300,g,TRUE,manual,,,,https://assets.footlocker.com/is/image/FLDM/N8490002_01?wid=1600&hei=1600&fmt=png-alpha,FALSE,,,,,,
,nike-air-max-90-men-iron-grey-white-dark-smoke-grey-n8490002,,,,,,,,N8490002-14,193154416435,Color,Iron Grey/White/Dark Smoke Grey,,Size,14,,,,,135.00,,,TRUE,,shopify,8,DENY,300,g,TRUE,manual,,,,https://assets.footlocker.com/is/image/FLDM/N8490002_01?wid=1600&hei=1600&fmt=png-alpha,FALSE,,,,,,
,nike-air-max-90-men-iron-grey-white-dark-smoke-grey-n8490002,,,,,,,,N8490002-15,193154416442,Color,Iron Grey/White/Dark Smoke Grey,,Size,15,,,,,135.00,,,TRUE,,shopify,8,DENY,300,g,TRUE,manual,,,,https://assets.footlocker.com/is/image/FLDM/N8490002_01?wid=1600&hei=1600&fmt=png-alpha,FALSE,,,,,,
,nike-air-max-90-men-iron-grey-white-dark-smoke-grey-n8490002,,,,,,,,,,,,,,,,,,,,,,,,,,,,,,,https://assets.footlocker.com/is/image/FLDM/N8490002_02?wid=1600&hei=1600&fmt=png-alpha,2,Nike Air Max 90 Men's Sneakers - Iron Grey/White/Dark Smoke Grey - view 2,,,,,,,,
,nike-air-max-90-men-iron-grey-white-dark-smoke-grey-n8490002,,,,,,,,,,,,,,,,,,,,,,,,,,,,,,,https://assets.footlocker.com/is/image/FLDM/N8490002_03?wid=1600&hei=1600&fmt=png-alpha,3,Nike Air Max 90 Men's Sneakers - Iron Grey/White/Dark Smoke Grey - view 3,,,,,,,,
,nike-air-max-90-men-iron-grey-white-dark-smoke-grey-n8490002,,,,,,,,,,,,,,,,,,,,,,,,,,,,,,,https://assets.footlocker.com/is/image/FLDM/N8490002_04?wid=1600&hei=1600&fmt=png-alpha,4,Nike Air Max 90 Men's Sneakers - Iron Grey/White/Dark Smoke Grey - view 4,,,,,,,,
,nike-air-max-90-men-iron-grey-white-dark-smoke-grey-n8490002,,,,,,,,,,,,,,,,,,,,,,,,,,,,,,,https://assets.footlocker.com/is/image/FLDM/N8490002_05?wid=1600&hei=1600&fmt=png-alpha,5,Nike Air Max 90 Men's Sneakers - Iron Grey/White/Dark Smoke Grey - view 5,,,,,,,,
Nike Air Max 90 Men's Sneakers - Phantom/Phantom/Med Olive,nike-air-max-90-men-phantom-phantom-med-olive-f5446003,"<p>Flashy, fierce, and functional! Setting the bar high with style and performance, the Nike Air Max 90 is truly one of a kind. The familiar Air Max silhouette gets updated with striking colour palettes and functional details you can trust. The gold Max Air unit in the heel cushions every step, while the rubber outsole delivers a grippy ride. Take flight in the iconic Nike Air Max 90!</p> <p><strong>Nike Air Max 90 features:</strong></p> <ul><li>Accents of gold on the upper add sleek style.</li><li>Stitched overlays and classic TPU accents bring standout style.</li><li>Foam midsole delivers cushioned comfort.</li><li>Low-top design combines with a padded collar for a comfortable fit.</li><li>Rubber Waffle outsole delivers superior traction.</li></ul><hr /><p>Long days on your feet feel better when comfort and classic style work together. The Nike Air Max 90 brings iconic running-inspired design into everyday rotation with cushioned support, a structured feel, and the unmistakable lines that have made it a sneaker favorite for decades.</p><ul><li>Visible Max Air unit in the heel adds lightweight cushioning.</li><li>Foam midsole helps soften every step.</li><li>Stitched overlays and classic TPU accents keep the signature Air Max 90 look.</li><li>Low-top design and padded collar provide comfortable everyday wear.</li><li>Rubber Waffle outsole delivers reliable traction.</li></ul> <p><strong>Size & Fit Guidance</strong></p><p>For the best fit, we recommend choosing your usual size if you prefer a classic, secure feel. If you have wider feet or like a little more room through the toe box, going up half a size may feel more comfortable.</p> <p><strong>Best For</strong></p><p>Best for everyday wear, long hours on your feet, casual walking, and easy styling with just about anything in your closet.</p> <p><strong>Styling & Versatility</strong></p><p>The Air Max 90 stands out with a timeless shape that works across laid-back, sport-inspired, and streetwear looks. Reviewers consistently call out how easily it pairs with everyday outfits while still bringing that unmistakable Air Max attitude.</p> <p><strong>Care & Maintenance</strong></p><p>To keep them looking fresh, wipe away dirt early with a soft cloth and spot clean as needed, especially on lighter colorways. Regular upkeep helps preserve the clean look of the upper and midsole.</p>",Nike,Apparel & Accessories > Shoes,Lifestyle Sneakers,"footlocker-clean-batch-2026-09, footlocker-source, new-arrivals, nike, style:F5446003, men, everyday",TRUE,Active,F5446003-8,198482448097,Color,Phantom/Phantom/Med Olive,,Size,8,,,,,145.00,,,TRUE,,shopify,8,DENY,300,g,TRUE,manual,https://assets.footlocker.com/is/image/FLDM/F5446003_01?wid=1600&hei=1600&fmt=png-alpha,1,Nike Air Max 90 Men's Sneakers - Phantom/Phantom/Med Olive - primary view,https://assets.footlocker.com/is/image/FLDM/F5446003_01?wid=1600&hei=1600&fmt=png-alpha,FALSE,Nike Air Max 90 Men's Sneakers - Phantom/Phantom/Med Olive,Shop Nike Air Max 90 Men's Sneakers - Phantom/Phantom/Med Olive at Sneaker Head.,Grey,Men's,F5446003,https://www.footlocker.com/product/nike-air-max-90-mens/F5446003.html
,nike-air-max-90-men-phantom-phantom-med-olive-f5446003,,,,,,,,,,,,,,,,,,,,,,,,,,,,,,,https://assets.footlocker.com/is/image/FLDM/F5446003_03?wid=1600&hei=1600&fmt=png-alpha,2,Nike Air Max 90 Men's Sneakers - Phantom/Phantom/Med Olive - view 2,,,,,,,,
,nike-air-max-90-men-phantom-phantom-med-olive-f5446003,,,,,,,,,,,,,,,,,,,,,,,,,,,,,,,https://assets.footlocker.com/is/image/FLDM/F5446003_04?wid=1600&hei=1600&fmt=png-alpha,3,Nike Air Max 90 Men's Sneakers - Phantom/Phantom/Med Olive - view 3,,,,,,,,
,nike-air-max-90-men-phantom-phantom-med-olive-f5446003,,,,,,,,,,,,,,,,,,,,,,,,,,,,,,,https://assets.footlocker.com/is/image/FLDM/F5446003_05?wid=1600&hei=1600&fmt=png-alpha,4,Nike Air Max 90 Men's Sneakers - Phantom/Phantom/Med Olive - view 4,,,,,,,,
,nike-air-max-90-men-phantom-phantom-med-olive-f5446003,,,,,,,,,,,,,,,,,,,,,,,,,,,,,,,https://assets.footlocker.com/is/image/FLDM/F5446003_06?wid=1600&hei=1600&fmt=png-alpha,5,Nike Air Max 90 Men's Sneakers - Phantom/Phantom/Med Olive - view 5,,,,,,,,
Nike Air Max 90 Men's Sneakers - White/Black/University Red,nike-air-max-90-men-white-black-university-red-v2867100,"<p>Flashy, fierce, and functional! Setting the bar high with style and performance, the Nike Air Max 90 is truly one of a kind. The familiar Air Max silhouette gets updated with striking colour palettes and functional details you can trust. The gold Max Air unit in the heel cushions every step, while the rubber outsole delivers a grippy ride. Take flight in the iconic Nike Air Max 90!</p> <p><strong>Nike Air Max 90 features:</strong></p> <ul><li>Accents of gold on the upper add sleek style.</li><li>Stitched overlays and classic TPU accents bring standout style.</li><li>Foam midsole delivers cushioned comfort.</li><li>Low-top design combines with a padded collar for a comfortable fit.</li><li>Rubber Waffle outsole delivers superior traction.</li></ul><hr /><p>Long days on your feet feel better when comfort and classic style work together. The Nike Air Max 90 brings iconic running-inspired design into everyday rotation with cushioned support, a structured feel, and the unmistakable lines that have made it a sneaker favorite for decades.</p><ul><li>Visible Max Air unit in the heel adds lightweight cushioning.</li><li>Foam midsole helps soften every step.</li><li>Stitched overlays and classic TPU accents keep the signature Air Max 90 look.</li><li>Low-top design and padded collar provide comfortable everyday wear.</li><li>Rubber Waffle outsole delivers reliable traction.</li></ul> <p><strong>Size & Fit Guidance</strong></p><p>For the best fit, we recommend choosing your usual size if you prefer a classic, secure feel. If you have wider feet or like a little more room through the toe box, going up half a size may feel more comfortable.</p> <p><strong>Best For</strong></p><p>Best for everyday wear, long hours on your feet, casual walking, and easy styling with just about anything in your closet.</p> <p><strong>Styling & Versatility</strong></p><p>The Air Max 90 stands out with a timeless shape that works across laid-back, sport-inspired, and streetwear looks. Reviewers consistently call out how easily it pairs with everyday outfits while still bringing that unmistakable Air Max attitude.</p> <p><strong>Care & Maintenance</strong></p><p>To keep them looking fresh, wipe away dirt early with a soft cloth and spot clean as needed, especially on lighter colorways. Regular upkeep helps preserve the clean look of the upper and midsole.</p>",Nike,Apparel & Accessories > Shoes,Lifestyle Sneakers,"footlocker-clean-batch-2026-09, footlocker-source, new-arrivals, nike, style:V2867100, men, everyday",TRUE,Active,V2867100-7-5,198958746849,Color,White/Black/University Red,,Size,7.5,,,,,135.00,,,TRUE,,shopify,8,DENY,300,g,TRUE,manual,https://assets.footlocker.com/is/image/FLDM/V2867100_01?wid=1600&hei=1600&fmt=png-alpha,1,Nike Air Max 90 Men's Sneakers - White/Black/University Red - primary view,https://assets.footlocker.com/is/image/FLDM/V2867100_01?wid=1600&hei=1600&fmt=png-alpha,FALSE,Nike Air Max 90 Men's Sneakers - White/Black/University Red,Shop Nike Air Max 90 Men's Sneakers - White/Black/University Red at Sneaker Head.,White,Men's,V2867100,https://www.footlocker.com/product/nike-air-max-90-mens/V2867100.html
,nike-air-max-90-men-white-black-university-red-v2867100,,,,,,,,V2867100-8,198958755070,Color,White/Black/University Red,,Size,8,,,,,135.00,,,TRUE,,shopify,8,DENY,300,g,TRUE,manual,,,,https://assets.footlocker.com/is/image/FLDM/V2867100_01?wid=1600&hei=1600&fmt=png-alpha,FALSE,,,,,,
,nike-air-max-90-men-white-black-university-red-v2867100,,,,,,,,V2867100-8-5,198958753991,Color,White/Black/University Red,,Size,8.5,,,,,135.00,,,TRUE,,shopify,8,DENY,300,g,TRUE,manual,,,,https://assets.footlocker.com/is/image/FLDM/V2867100_01?wid=1600&hei=1600&fmt=png-alpha,FALSE,,,,,,
,nike-air-max-90-men-white-black-university-red-v2867100,,,,,,,,V2867100-9,198958759412,Color,White/Black/University Red,,Size,9,,,,,135.00,,,TRUE,,shopify,8,DENY,300,g,TRUE,manual,,,,https://assets.footlocker.com/is/image/FLDM/V2867100_01?wid=1600&hei=1600&fmt=png-alpha,FALSE,,,,,,
,nike-air-max-90-men-white-black-university-red-v2867100,,,,,,,,V2867100-9-5,198958747044,Color,White/Black/University Red,,Size,9.5,,,,,135.00,,,TRUE,,shopify,8,DENY,300,g,TRUE,manual,,,,https://assets.footlocker.com/is/image/FLDM/V2867100_01?wid=1600&hei=1600&fmt=png-alpha,FALSE,,,,,,
,nike-air-max-90-men-white-black-university-red-v2867100,,,,,,,,V2867100-10,198958748119,Color,White/Black/University Red,,Size,10,,,,,135.00,,,TRUE,,shopify,8,DENY,300,g,TRUE,manual,,,,https://assets.footlocker.com/is/image/FLDM/V2867100_01?wid=1600&hei=1600&fmt=png-alpha,FALSE,,,,,,
,nike-air-max-90-men-white-black-university-red-v2867100,,,,,,,,V2867100-10-5,198958754448,Color,White/Black/University Red,,Size,10.5,,,,,135.00,,,TRUE,,shopify,8,DENY,300,g,TRUE,manual,,,,https://assets.footlocker.com/is/image/FLDM/V2867100_01?wid=1600&hei=1600&fmt=png-alpha,FALSE,,,,,,
,nike-air-max-90-men-white-black-university-red-v2867100,,,,,,,,V2867100-11,198958764195,Color,White/Black/University Red,,Size,11,,,,,135.00,,,TRUE,,shopify,8,DENY,300,g,TRUE,manual,,,,https://assets.footlocker.com/is/image/FLDM/V2867100_01?wid=1600&hei=1600&fmt=png-alpha,FALSE,,,,,,
,nike-air-max-90-men-white-black-university-red-v2867100,,,,,,,,V2867100-11-5,198958749529,Color,White/Black/University Red,,Size,11.5,,,,,135.00,,,TRUE,,shopify,8,DENY,300,g,TRUE,manual,,,,https://assets.footlocker.com/is/image/FLDM/V2867100_01?wid=1600&hei=1600&fmt=png-alpha,FALSE,,,,,,
,nike-air-max-90-men-white-black-university-red-v2867100,,,,,,,,V2867100-12,198958752024,Color,White/Black/University Red,,Size,12,,,,,135.00,,,TRUE,,shopify,8,DENY,300,g,TRUE,manual,,,,https://assets.footlocker.com/is/image/FLDM/V2867100_01?wid=1600&hei=1600&fmt=png-alpha,FALSE,,,,,,
,nike-air-max-90-men-white-black-university-red-v2867100,,,,,,,,V2867100-13,198958759405,Color,White/Black/University Red,,Size,13,,,,,135.00,,,TRUE,,shopify,8,DENY,300,g,TRUE,manual,,,,https://assets.footlocker.com/is/image/FLDM/V2867100_01?wid=1600&hei=1600&fmt=png-alpha,FALSE,,,,,,
,nike-air-max-90-men-white-black-university-red-v2867100,,,,,,,,V2867100-14,198958751850,Color,White/Black/University Red,,Size,14,,,,,135.00,,,TRUE,,shopify,8,DENY,300,g,TRUE,manual,,,,https://assets.footlocker.com/is/image/FLDM/V2867100_01?wid=1600&hei=1600&fmt=png-alpha,FALSE,,,,,,
,nike-air-max-90-men-white-black-university-red-v2867100,,,,,,,,,,,,,,,,,,,,,,,,,,,,,,,https://assets.footlocker.com/is/image/FLDM/V2867100_03?wid=1600&hei=1600&fmt=png-alpha,2,Nike Air Max 90 Men's Sneakers - White/Black/University Red - view 2,,,,,,,,
,nike-air-max-90-men-white-black-university-red-v2867100,,,,,,,,,,,,,,,,,,,,,,,,,,,,,,,https://assets.footlocker.com/is/image/FLDM/V2867100_04?wid=1600&hei=1600&fmt=png-alpha,3,Nike Air Max 90 Men's Sneakers - White/Black/University Red - view 3,,,,,,,,
,nike-air-max-90-men-white-black-university-red-v2867100,,,,,,,,,,,,,,,,,,,,,,,,,,,,,,,https://assets.footlocker.com/is/image/FLDM/V2867100_05?wid=1600&hei=1600&fmt=png-alpha,4,Nike Air Max 90 Men's Sneakers - White/Black/University Red - view 4,,,,,,,,
,nike-air-max-90-men-white-black-university-red-v2867100,,,,,,,,,,,,,,,,,,,,,,,,,,,,,,,https://assets.footlocker.com/is/image/FLDM/V2867100_06?wid=1600&hei=1600&fmt=png-alpha,5,Nike Air Max 90 Men's Sneakers - White/Black/University Red - view 5,,,,,,,,
Nike Air Max 90 Men's Sneakers - White/Grey/Red,nike-air-max-90-men-white-grey-red-m002902,"<p>Flashy, fierce, and functional! Setting the bar high with style and performance, the Nike Air Max 90 is truly one of a kind. The familiar Air Max silhouette gets updated with striking colour palettes and functional details you can trust. The gold Max Air unit in the heel cushions every step, while the rubber outsole delivers a grippy ride. Take flight in the iconic Nike Air Max 90!</p> <p><strong>Nike Air Max 90 features:</strong></p> <ul><li>Accents of gold on the upper add sleek style.</li><li>Stitched overlays and classic TPU accents bring standout style.</li><li>Foam midsole delivers cushioned comfort.</li><li>Low-top design combines with a padded collar for a comfortable fit.</li><li>Rubber Waffle outsole delivers superior traction.</li></ul><hr /><p>Long days on your feet feel better when comfort and classic style work together. The Nike Air Max 90 brings iconic running-inspired design into everyday rotation with cushioned support, a structured feel, and the unmistakable lines that have made it a sneaker favorite for decades.</p><ul><li>Visible Max Air unit in the heel adds lightweight cushioning.</li><li>Foam midsole helps soften every step.</li><li>Stitched overlays and classic TPU accents keep the signature Air Max 90 look.</li><li>Low-top design and padded collar provide comfortable everyday wear.</li><li>Rubber Waffle outsole delivers reliable traction.</li></ul> <p><strong>Size & Fit Guidance</strong></p><p>For the best fit, we recommend choosing your usual size if you prefer a classic, secure feel. If you have wider feet or like a little more room through the toe box, going up half a size may feel more comfortable.</p> <p><strong>Best For</strong></p><p>Best for everyday wear, long hours on your feet, casual walking, and easy styling with just about anything in your closet.</p> <p><strong>Styling & Versatility</strong></p><p>The Air Max 90 stands out with a timeless shape that works across laid-back, sport-inspired, and streetwear looks. Reviewers consistently call out how easily it pairs with everyday outfits while still bringing that unmistakable Air Max attitude.</p> <p><strong>Care & Maintenance</strong></p><p>To keep them looking fresh, wipe away dirt early with a soft cloth and spot clean as needed, especially on lighter colorways. Regular upkeep helps preserve the clean look of the upper and midsole.</p>",Nike,Apparel & Accessories > Shoes,Lifestyle Sneakers,"footlocker-clean-batch-2026-09, footlocker-source, new-arrivals, nike, style:M002902, men, everyday",TRUE,Active,M002902-7-5,198967524933,Color,White/Grey/Red,,Size,7.5,,,,,135.00,,,TRUE,,shopify,8,DENY,300,g,TRUE,manual,https://assets.footlocker.com/is/image/FLDM/M002902_01?wid=1600&hei=1600&fmt=png-alpha,1,Nike Air Max 90 Men's Sneakers - White/Grey/Red - primary view,https://assets.footlocker.com/is/image/FLDM/M002902_01?wid=1600&hei=1600&fmt=png-alpha,FALSE,Nike Air Max 90 Men's Sneakers - White/Grey/Red,Shop Nike Air Max 90 Men's Sneakers - White/Grey/Red at Sneaker Head.,White,Men's,M002902,https://www.footlocker.com/product/nike-air-max-90-mens/M002902.html
,nike-air-max-90-men-white-grey-red-m002902,,,,,,,,M002902-8,198967522496,Color,White/Grey/Red,,Size,8,,,,,135.00,,,TRUE,,shopify,8,DENY,300,g,TRUE,manual,,,,https://assets.footlocker.com/is/image/FLDM/M002902_01?wid=1600&hei=1600&fmt=png-alpha,FALSE,,,,,,
,nike-air-max-90-men-white-grey-red-m002902,,,,,,,,M002902-8-5,198967522632,Color,White/Grey/Red,,Size,8.5,,,,,135.00,,,TRUE,,shopify,8,DENY,300,g,TRUE,manual,,,,https://assets.footlocker.com/is/image/FLDM/M002902_01?wid=1600&hei=1600&fmt=png-alpha,FALSE,,,,,,
,nike-air-max-90-men-white-grey-red-m002902,,,,,,,,M002902-9,198967527958,Color,White/Grey/Red,,Size,9,,,,,135.00,,,TRUE,,shopify,8,DENY,300,g,TRUE,manual,,,,https://assets.footlocker.com/is/image/FLDM/M002902_01?wid=1600&hei=1600&fmt=png-alpha,FALSE,,,,,,
,nike-air-max-90-men-white-grey-red-m002902,,,,,,,,M002902-9-5,198967529846,Color,White/Grey/Red,,Size,9.5,,,,,135.00,,,TRUE,,shopify,8,DENY,300,g,TRUE,manual,,,,https://assets.footlocker.com/is/image/FLDM/M002902_01?wid=1600&hei=1600&fmt=png-alpha,FALSE,,,,,,
,nike-air-max-90-men-white-grey-red-m002902,,,,,,,,M002902-10,198967521154,Color,White/Grey/Red,,Size,10,,,,,135.00,,,TRUE,,shopify,8,DENY,300,g,TRUE,manual,,,,https://assets.footlocker.com/is/image/FLDM/M002902_01?wid=1600&hei=1600&fmt=png-alpha,FALSE,,,,,,
,nike-air-max-90-men-white-grey-red-m002902,,,,,,,,M002902-10-5,198967530576,Color,White/Grey/Red,,Size,10.5,,,,,135.00,,,TRUE,,shopify,8,DENY,300,g,TRUE,manual,,,,https://assets.footlocker.com/is/image/FLDM/M002902_01?wid=1600&hei=1600&fmt=png-alpha,FALSE,,,,,,
,nike-air-max-90-men-white-grey-red-m002902,,,,,,,,M002902-11,198967522786,Color,White/Grey/Red,,Size,11,,,,,135.00,,,TRUE,,shopify,8,DENY,300,g,TRUE,manual,,,,https://assets.footlocker.com/is/image/FLDM/M002902_01?wid=1600&hei=1600&fmt=png-alpha,FALSE,,,,,,
,nike-air-max-90-men-white-grey-red-m002902,,,,,,,,M002902-11-5,198967524056,Color,White/Grey/Red,,Size,11.5,,,,,135.00,,,TRUE,,shopify,8,DENY,300,g,TRUE,manual,,,,https://assets.footlocker.com/is/image/FLDM/M002902_01?wid=1600&hei=1600&fmt=png-alpha,FALSE,,,,,,
,nike-air-max-90-men-white-grey-red-m002902,,,,,,,,M002902-12,198967530484,Color,White/Grey/Red,,Size,12,,,,,135.00,,,TRUE,,shopify,8,DENY,300,g,TRUE,manual,,,,https://assets.footlocker.com/is/image/FLDM/M002902_01?wid=1600&hei=1600&fmt=png-alpha,FALSE,,,,,,
,nike-air-max-90-men-white-grey-red-m002902,,,,,,,,M002902-13,198967528061,Color,White/Grey/Red,,Size,13,,,,,135.00,,,TRUE,,shopify,8,DENY,300,g,TRUE,manual,,,,https://assets.footlocker.com/is/image/FLDM/M002902_01?wid=1600&hei=1600&fmt=png-alpha,FALSE,,,,,,
,nike-air-max-90-men-white-grey-red-m002902,,,,,,,,M002902-14,198967521963,Color,White/Grey/Red,,Size,14,,,,,135.00,,,TRUE,,shopify,8,DENY,300,g,TRUE,manual,,,,https://assets.footlocker.com/is/image/FLDM/M002902_01?wid=1600&hei=1600&fmt=png-alpha,FALSE,,,,,,
,nike-air-max-90-men-white-grey-red-m002902,,,,,,,,,,,,,,,,,,,,,,,,,,,,,,,https://assets.footlocker.com/is/image/FLDM/M002902_03?wid=1600&hei=1600&fmt=png-alpha,2,Nike Air Max 90 Men's Sneakers - White/Grey/Red - view 2,,,,,,,,
,nike-air-max-90-men-white-grey-red-m002902,,,,,,,,,,,,,,,,,,,,,,,,,,,,,,,https://assets.footlocker.com/is/image/FLDM/M002902_04?wid=1600&hei=1600&fmt=png-alpha,3,Nike Air Max 90 Men's Sneakers - White/Grey/Red - view 3,,,,,,,,
,nike-air-max-90-men-white-grey-red-m002902,,,,,,,,,,,,,,,,,,,,,,,,,,,,,,,https://assets.footlocker.com/is/image/FLDM/M002902_05?wid=1600&hei=1600&fmt=png-alpha,4,Nike Air Max 90 Men's Sneakers - White/Grey/Red - view 4,,,,,,,,
,nike-air-max-90-men-white-grey-red-m002902,,,,,,,,,,,,,,,,,,,,,,,,,,,,,,,https://assets.footlocker.com/is/image/FLDM/M002902_06?wid=1600&hei=1600&fmt=png-alpha,5,Nike Air Max 90 Men's Sneakers - White/Grey/Red - view 5,,,,,,,,
Nike Air Max 90 Men's Sneakers - White/White/Wolf Grey,nike-air-max-90-men-white-white-wolf-grey-n8490100,"<p>Flashy, fierce, and functional! Setting the bar high with style and performance, the Nike Air Max 90 is truly one of a kind. The familiar Air Max silhouette gets updated with striking colour palettes and functional details you can trust. The gold Max Air unit in the heel cushions every step, while the rubber outsole delivers a grippy ride. Take flight in the iconic Nike Air Max 90!</p> <p><strong>Nike Air Max 90 features:</strong></p> <ul><li>Accents of gold on the upper add sleek style.</li><li>Stitched overlays and classic TPU accents bring standout style.</li><li>Foam midsole delivers cushioned comfort.</li><li>Low-top design combines with a padded collar for a comfortable fit.</li><li>Rubber Waffle outsole delivers superior traction.</li></ul><hr /><p>Long days on your feet feel better when comfort and classic style work together. The Nike Air Max 90 brings iconic running-inspired design into everyday rotation with cushioned support, a structured feel, and the unmistakable lines that have made it a sneaker favorite for decades.</p><ul><li>Visible Max Air unit in the heel adds lightweight cushioning.</li><li>Foam midsole helps soften every step.</li><li>Stitched overlays and classic TPU accents keep the signature Air Max 90 look.</li><li>Low-top design and padded collar provide comfortable everyday wear.</li><li>Rubber Waffle outsole delivers reliable traction.</li></ul> <p><strong>Size & Fit Guidance</strong></p><p>For the best fit, we recommend choosing your usual size if you prefer a classic, secure feel. If you have wider feet or like a little more room through the toe box, going up half a size may feel more comfortable.</p> <p><strong>Best For</strong></p><p>Best for everyday wear, long hours on your feet, casual walking, and easy styling with just about anything in your closet.</p> <p><strong>Styling & Versatility</strong></p><p>The Air Max 90 stands out with a timeless shape that works across laid-back, sport-inspired, and streetwear looks. Reviewers consistently call out how easily it pairs with everyday outfits while still bringing that unmistakable Air Max attitude.</p> <p><strong>Care & Maintenance</strong></p><p>To keep them looking fresh, wipe away dirt early with a soft cloth and spot clean as needed, especially on lighter colorways. Regular upkeep helps preserve the clean look of the upper and midsole.</p>",Nike,Apparel & Accessories > Shoes,Lifestyle Sneakers,"footlocker-clean-batch-2026-09, footlocker-source, new-arrivals, nike, style:N8490100, men, everyday",TRUE,Active,N8490100-7-5,193154416657,Color,White/White/Wolf Grey,,Size,7.5,,,,,135.00,,,TRUE,,shopify,8,DENY,300,g,TRUE,manual,https://assets.footlocker.com/is/image/FLDM/N8490100_01?wid=1600&hei=1600&fmt=png-alpha,1,Nike Air Max 90 Men's Sneakers - White/White/Wolf Grey - primary view,https://assets.footlocker.com/is/image/FLDM/N8490100_01?wid=1600&hei=1600&fmt=png-alpha,FALSE,Nike Air Max 90 Men's Sneakers - White/White/Wolf Grey,Shop Nike Air Max 90 Men's Sneakers - White/White/Wolf Grey at Sneaker Head.,All White,Men's,N8490100,https://www.footlocker.com/product/nike-air-max-90-mens/N8490100.html
,nike-air-max-90-men-white-white-wolf-grey-n8490100,,,,,,,,N8490100-8,193154416664,Color,White/White/Wolf Grey,,Size,8,,,,,135.00,,,TRUE,,shopify,8,DENY,300,g,TRUE,manual,,,,https://assets.footlocker.com/is/image/FLDM/N8490100_01?wid=1600&hei=1600&fmt=png-alpha,FALSE,,,,,,
,nike-air-max-90-men-white-white-wolf-grey-n8490100,,,,,,,,N8490100-8-5,193154416671,Color,White/White/Wolf Grey,,Size,8.5,,,,,135.00,,,TRUE,,shopify,8,DENY,300,g,TRUE,manual,,,,https://assets.footlocker.com/is/image/FLDM/N8490100_01?wid=1600&hei=1600&fmt=png-alpha,FALSE,,,,,,
,nike-air-max-90-men-white-white-wolf-grey-n8490100,,,,,,,,N8490100-9,193154416688,Color,White/White/Wolf Grey,,Size,9,,,,,135.00,,,TRUE,,shopify,8,DENY,300,g,TRUE,manual,,,,https://assets.footlocker.com/is/image/FLDM/N8490100_01?wid=1600&hei=1600&fmt=png-alpha,FALSE,,,,,,
,nike-air-max-90-men-white-white-wolf-grey-n8490100,,,,,,,,N8490100-9-5,193154416695,Color,White/White/Wolf Grey,,Size,9.5,,,,,135.00,,,TRUE,,shopify,8,DENY,300,g,TRUE,manual,,,,https://assets.footlocker.com/is/image/FLDM/N8490100_01?wid=1600&hei=1600&fmt=png-alpha,FALSE,,,,,,
,nike-air-max-90-men-white-white-wolf-grey-n8490100,,,,,,,,N8490100-10,193154416701,Color,White/White/Wolf Grey,,Size,10,,,,,135.00,,,TRUE,,shopify,8,DENY,300,g,TRUE,manual,,,,https://assets.footlocker.com/is/image/FLDM/N8490100_01?wid=1600&hei=1600&fmt=png-alpha,FALSE,,,,,,
,nike-air-max-90-men-white-white-wolf-grey-n8490100,,,,,,,,N8490100-10-5,193154416718,Color,White/White/Wolf Grey,,Size,10.5,,,,,135.00,,,TRUE,,shopify,8,DENY,300,g,TRUE,manual,,,,https://assets.footlocker.com/is/image/FLDM/N8490100_01?wid=1600&hei=1600&fmt=png-alpha,FALSE,,,,,,
,nike-air-max-90-men-white-white-wolf-grey-n8490100,,,,,,,,N8490100-11,193154416725,Color,White/White/Wolf Grey,,Size,11,,,,,135.00,,,TRUE,,shopify,8,DENY,300,g,TRUE,manual,,,,https://assets.footlocker.com/is/image/FLDM/N8490100_01?wid=1600&hei=1600&fmt=png-alpha,FALSE,,,,,,
,nike-air-max-90-men-white-white-wolf-grey-n8490100,,,,,,,,N8490100-11-5,193154416732,Color,White/White/Wolf Grey,,Size,11.5,,,,,135.00,,,TRUE,,shopify,8,DENY,300,g,TRUE,manual,,,,https://assets.footlocker.com/is/image/FLDM/N8490100_01?wid=1600&hei=1600&fmt=png-alpha,FALSE,,,,,,
,nike-air-max-90-men-white-white-wolf-grey-n8490100,,,,,,,,N8490100-12,193154416749,Color,White/White/Wolf Grey,,Size,12,,,,,135.00,,,TRUE,,shopify,8,DENY,300,g,TRUE,manual,,,,https://assets.footlocker.com/is/image/FLDM/N8490100_01?wid=1600&hei=1600&fmt=png-alpha,FALSE,,,,,,
,nike-air-max-90-men-white-white-wolf-grey-n8490100,,,,,,,,N8490100-13,193154416763,Color,White/White/Wolf Grey,,Size,13,,,,,135.00,,,TRUE,,shopify,8,DENY,300,g,TRUE,manual,,,,https://assets.footlocker.com/is/image/FLDM/N8490100_01?wid=1600&hei=1600&fmt=png-alpha,FALSE,,,,,,
,nike-air-max-90-men-white-white-wolf-grey-n8490100,,,,,,,,N8490100-14,193154416770,Color,White/White/Wolf Grey,,Size,14,,,,,135.00,,,TRUE,,shopify,8,DENY,300,g,TRUE,manual,,,,https://assets.footlocker.com/is/image/FLDM/N8490100_01?wid=1600&hei=1600&fmt=png-alpha,FALSE,,,,,,
,nike-air-max-90-men-white-white-wolf-grey-n8490100,,,,,,,,N8490100-15,193154416787,Color,White/White/Wolf Grey,,Size,15,,,,,135.00,,,TRUE,,shopify,8,DENY,300,g,TRUE,manual,,,,https://assets.footlocker.com/is/image/FLDM/N8490100_01?wid=1600&hei=1600&fmt=png-alpha,FALSE,,,,,,
,nike-air-max-90-men-white-white-wolf-grey-n8490100,,,,,,,,,,,,,,,,,,,,,,,,,,,,,,,https://assets.footlocker.com/is/image/FLDM/N8490100_02?wid=1600&hei=1600&fmt=png-alpha,2,Nike Air Max 90 Men's Sneakers - White/White/Wolf Grey - view 2,,,,,,,,
,nike-air-max-90-men-white-white-wolf-grey-n8490100,,,,,,,,,,,,,,,,,,,,,,,,,,,,,,,https://assets.footlocker.com/is/image/FLDM/N8490100_03?wid=1600&hei=1600&fmt=png-alpha,3,Nike Air Max 90 Men's Sneakers - White/White/Wolf Grey - view 3,,,,,,,,
,nike-air-max-90-men-white-white-wolf-grey-n8490100,,,,,,,,,,,,,,,,,,,,,,,,,,,,,,,https://assets.footlocker.com/is/image/FLDM/N8490100_04?wid=1600&hei=1600&fmt=png-alpha,4,Nike Air Max 90 Men's Sneakers - White/White/Wolf Grey - view 4,,,,,,,,
,nike-air-max-90-men-white-white-wolf-grey-n8490100,,,,,,,,,,,,,,,,,,,,,,,,,,,,,,,https://assets.footlocker.com/is/image/FLDM/N8490100_05?wid=1600&hei=1600&fmt=png-alpha,5,Nike Air Max 90 Men's Sneakers - White/White/Wolf Grey - view 5,,,,,,,,
Nike Phoenix Fleece High Rise Wide Pants Women's - Black/Sail,nike-phoenix-fleece-high-rise-wide-pants-women-black-sail-ih011010,"<p>Cinch up the Nike Phoenix Fleece High Rise Wide Pants to navigate through your day with ease. Stitched with two-way stretch fabric, these high-waisted pants deliver comfort that moves with you. The elastic waistband with a drawcord brings customisable coverage to this invincible mix. Bold, breezy, and effortlessly chic, the Nike Phoenix Fleece High Rise Wide Pants keep you ready for whatever the day has in store for you.</p> <p><strong>Nike Phoenix Fleece High Rise Wide Pants features:</strong></p> <ul> <li>Side vents offer comfort.</li> <li>Pockets provide space to stash small items.</li> <li>Pocket type: External.</li> <li>Machine wash.</li> <li>80% cotton/20% polyester. Imported.</li> </ul>",Nike,Apparel & Accessories > Clothing > Pants,Pants,"footlocker-clean-batch-2026-09, footlocker-source, new-arrivals, nike, style:IH011010, women, clothing",TRUE,Active,IH011010-XS,198482122607,Color,Black/Sail,,Size,XS,,,,,75.00,,,TRUE,,shopify,8,DENY,250,g,TRUE,manual,https://assets.footlocker.com/is/image/FLDM/IH011010_01?wid=1600&hei=1600&fmt=png-alpha,1,Nike Phoenix Fleece High Rise Wide Pants Women's - Black/Sail - primary view,https://assets.footlocker.com/is/image/FLDM/IH011010_01?wid=1600&hei=1600&fmt=png-alpha,FALSE,Nike Phoenix Fleece High Rise Wide Pants Women's - Black/Sail,Shop Nike Phoenix Fleece High Rise Wide Pants Women's - Black/Sail at Sneaker Head.,Black,Women's,IH011010,https://www.footlocker.com/product/nike-phoenix-fleece-high-rise-wide-pants-womens/IH011010.html
,nike-phoenix-fleece-high-rise-wide-pants-women-black-sail-ih011010,,,,,,,,IH011010-M,198482159689,Color,Black/Sail,,Size,M,,,,,75.00,,,TRUE,,shopify,8,DENY,250,g,TRUE,manual,,,,https://assets.footlocker.com/is/image/FLDM/IH011010_01?wid=1600&hei=1600&fmt=png-alpha,FALSE,,,,,,
,nike-phoenix-fleece-high-rise-wide-pants-women-black-sail-ih011010,,,,,,,,IH011010-L,198482158378,Color,Black/Sail,,Size,L,,,,,75.00,,,TRUE,,shopify,8,DENY,250,g,TRUE,manual,,,,https://assets.footlocker.com/is/image/FLDM/IH011010_01?wid=1600&hei=1600&fmt=png-alpha,FALSE,,,,,,
,nike-phoenix-fleece-high-rise-wide-pants-women-black-sail-ih011010,,,,,,,,IH011010-XL,198482107796,Color,Black/Sail,,Size,XL,,,,,75.00,,,TRUE,,shopify,8,DENY,250,g,TRUE,manual,,,,https://assets.footlocker.com/is/image/FLDM/IH011010_01?wid=1600&hei=1600&fmt=png-alpha,FALSE,,,,,,
,nike-phoenix-fleece-high-rise-wide-pants-women-black-sail-ih011010,,,,,,,,,,,,,,,,,,,,,,,,,,,,,,,https://assets.footlocker.com/is/image/FLDM/IH011010_02?wid=1600&hei=1600&fmt=png-alpha,2,Nike Phoenix Fleece High Rise Wide Pants Women's - Black/Sail - view 2,,,,,,,,
,nike-phoenix-fleece-high-rise-wide-pants-women-black-sail-ih011010,,,,,,,,,,,,,,,,,,,,,,,,,,,,,,,https://assets.footlocker.com/is/image/FLDM/IH011010_03?wid=1600&hei=1600&fmt=png-alpha,3,Nike Phoenix Fleece High Rise Wide Pants Women's - Black/Sail - view 3,,,,,,,,
Nike Phoenix Fleece High Rise Wide Pants Women's - Light Orewood Brown/White,nike-phoenix-fleece-high-rise-wide-pants-women-light-orewood-brown-white-ih011104,"<p>Cinch up the Nike Phoenix Fleece High Rise Wide Pants to navigate through your day with ease. Stitched with two-way stretch fabric, these high-waisted pants deliver comfort that moves with you. The elastic waistband with a drawcord brings customisable coverage to this invincible mix. Bold, breezy, and effortlessly chic, the Nike Phoenix Fleece High Rise Wide Pants keep you ready for whatever the day has in store for you.</p> <p><strong>Nike Phoenix Fleece High Rise Wide Pants features:</strong></p> <ul> <li>Side vents offer comfort.</li> <li>Pockets provide space to stash small items.</li> <li>Pocket type: External.</li> <li>Machine wash.</li> <li>80% cotton/20% polyester. Imported.</li> </ul>",Nike,Apparel & Accessories > Clothing > Pants,Pants,"footlocker-clean-batch-2026-09, footlocker-source, new-arrivals, nike, style:IH011104, women, clothing",TRUE,Active,IH011104-XS,198482112325,Color,Light Orewood Brown/White,,Size,XS,,,,,75.00,,,TRUE,,shopify,8,DENY,250,g,TRUE,manual,https://assets.footlocker.com/is/image/FLDM/IH011104_01?wid=1600&hei=1600&fmt=png-alpha,1,Nike Phoenix Fleece High Rise Wide Pants Women's - Light Orewood Brown/White - primary view,https://assets.footlocker.com/is/image/FLDM/IH011104_01?wid=1600&hei=1600&fmt=png-alpha,FALSE,Nike Phoenix Fleece High Rise Wide Pants Women's - Light Orewood Brown/White,Shop Nike Phoenix Fleece High Rise Wide Pants Women's - Light Orewood Brown/White at Sneaker Head.,Brown,Women's,IH011104,https://www.footlocker.com/product/nike-phoenix-fleece-high-rise-wide-pants-womens/IH011104.html
,nike-phoenix-fleece-high-rise-wide-pants-women-light-orewood-brown-white-ih011104,,,,,,,,IH011104-S,198482143213,Color,Light Orewood Brown/White,,Size,S,,,,,75.00,,,TRUE,,shopify,8,DENY,250,g,TRUE,manual,,,,https://assets.footlocker.com/is/image/FLDM/IH011104_01?wid=1600&hei=1600&fmt=png-alpha,FALSE,,,,,,
,nike-phoenix-fleece-high-rise-wide-pants-women-light-orewood-brown-white-ih011104,,,,,,,,IH011104-M,198482163808,Color,Light Orewood Brown/White,,Size,M,,,,,75.00,,,TRUE,,shopify,8,DENY,250,g,TRUE,manual,,,,https://assets.footlocker.com/is/image/FLDM/IH011104_01?wid=1600&hei=1600&fmt=png-alpha,FALSE,,,,,,
,nike-phoenix-fleece-high-rise-wide-pants-women-light-orewood-brown-white-ih011104,,,,,,,,IH011104-L,198482120474,Color,Light Orewood Brown/White,,Size,L,,,,,75.00,,,TRUE,,shopify,8,DENY,250,g,TRUE,manual,,,,https://assets.footlocker.com/is/image/FLDM/IH011104_01?wid=1600&hei=1600&fmt=png-alpha,FALSE,,,,,,
,nike-phoenix-fleece-high-rise-wide-pants-women-light-orewood-brown-white-ih011104,,,,,,,,IH011104-XL,198482144746,Color,Light Orewood Brown/White,,Size,XL,,,,,75.00,,,TRUE,,shopify,8,DENY,250,g,TRUE,manual,,,,https://assets.footlocker.com/is/image/FLDM/IH011104_01?wid=1600&hei=1600&fmt=png-alpha,FALSE,,,,,,
,nike-phoenix-fleece-high-rise-wide-pants-women-light-orewood-brown-white-ih011104,,,,,,,,,,,,,,,,,,,,,,,,,,,,,,,https://assets.footlocker.com/is/image/FLDM/IH011104_02?wid=1600&hei=1600&fmt=png-alpha,2,Nike Phoenix Fleece High Rise Wide Pants Women's - Light Orewood Brown/White - view 2,,,,,,,,
,nike-phoenix-fleece-high-rise-wide-pants-women-light-orewood-brown-white-ih011104,,,,,,,,,,,,,,,,,,,,,,,,,,,,,,,https://assets.footlocker.com/is/image/FLDM/IH011104_03?wid=1600&hei=1600&fmt=png-alpha,3,Nike Phoenix Fleece High Rise Wide Pants Women's - Light Orewood Brown/White - view 3,,,,,,,,
Nike Phoenix Fleece High Rise Wide Pants Women's - Playful Pink/Sail,nike-phoenix-fleece-high-rise-wide-pants-women-playful-pink-sail-h1011675,"<p>Cinch up the Nike Phoenix Fleece High Rise Wide Pants to navigate through your day with ease. Stitched with two-way stretch fabric, these high-waisted pants deliver comfort that moves with you. The elastic waistband with a drawcord brings customisable coverage to this invincible mix. Bold, breezy, and effortlessly chic, the Nike Phoenix Fleece High Rise Wide Pants keep you ready for whatever the day has in store for you.</p> <p><strong>Nike Phoenix Fleece High Rise Wide Pants features:</strong></p> <ul> <li>Side vents offer comfort.</li> <li>Pockets provide space to stash small items.</li> <li>Pocket type: External.</li> <li>Machine wash.</li> <li>80% cotton/20% polyester. Imported.</li> </ul>",Nike,Apparel & Accessories > Clothing > Pants,Pants,"footlocker-clean-batch-2026-09, footlocker-source, new-arrivals, nike, style:H1011675, women, clothing",TRUE,Active,H1011675-XS,198482120337,Color,Playful Pink/Sail,,Size,XS,,,,,70.00,,,TRUE,,shopify,8,DENY,250,g,TRUE,manual,https://assets.footlocker.com/is/image/FLDM/H1011675_01?wid=1600&hei=1600&fmt=png-alpha,1,Nike Phoenix Fleece High Rise Wide Pants Women's - Playful Pink/Sail - primary view,https://assets.footlocker.com/is/image/FLDM/H1011675_01?wid=1600&hei=1600&fmt=png-alpha,FALSE,Nike Phoenix Fleece High Rise Wide Pants Women's - Playful Pink/Sail,Shop Nike Phoenix Fleece High Rise Wide Pants Women's - Playful Pink/Sail at Sneaker Head.,Pink,Women's,H1011675,https://www.footlocker.com/product/nike-phoenix-fleece-high-rise-wide-pants-womens/H1011675.html
,nike-phoenix-fleece-high-rise-wide-pants-women-playful-pink-sail-h1011675,,,,,,,,H1011675-S,198482153397,Color,Playful Pink/Sail,,Size,S,,,,,70.00,,,TRUE,,shopify,8,DENY,250,g,TRUE,manual,,,,https://assets.footlocker.com/is/image/FLDM/H1011675_01?wid=1600&hei=1600&fmt=png-alpha,FALSE,,,,,,
,nike-phoenix-fleece-high-rise-wide-pants-women-playful-pink-sail-h1011675,,,,,,,,H1011675-M,198482136321,Color,Playful Pink/Sail,,Size,M,,,,,70.00,,,TRUE,,shopify,8,DENY,250,g,TRUE,manual,,,,https://assets.footlocker.com/is/image/FLDM/H1011675_01?wid=1600&hei=1600&fmt=png-alpha,FALSE,,,,,,
,nike-phoenix-fleece-high-rise-wide-pants-women-playful-pink-sail-h1011675,,,,,,,,H1011675-L,198482101718,Color,Playful Pink/Sail,,Size,L,,,,,70.00,,,TRUE,,shopify,8,DENY,250,g,TRUE,manual,,,,https://assets.footlocker.com/is/image/FLDM/H1011675_01?wid=1600&hei=1600&fmt=png-alpha,FALSE,,,,,,
,nike-phoenix-fleece-high-rise-wide-pants-women-playful-pink-sail-h1011675,,,,,,,,H1011675-XL,198482128371,Color,Playful Pink/Sail,,Size,XL,,,,,70.00,,,TRUE,,shopify,8,DENY,250,g,TRUE,manual,,,,https://assets.footlocker.com/is/image/FLDM/H1011675_01?wid=1600&hei=1600&fmt=png-alpha,FALSE,,,,,,
,nike-phoenix-fleece-high-rise-wide-pants-women-playful-pink-sail-h1011675,,,,,,,,,,,,,,,,,,,,,,,,,,,,,,,https://assets.footlocker.com/is/image/FLDM/H1011675_03?wid=1600&hei=1600&fmt=png-alpha,2,Nike Phoenix Fleece High Rise Wide Pants Women's - Playful Pink/Sail - view 2,,,,,,,,
,nike-phoenix-fleece-high-rise-wide-pants-women-playful-pink-sail-h1011675,,,,,,,,,,,,,,,,,,,,,,,,,,,,,,,https://assets.footlocker.com/is/image/FLDM/H1011675_04?wid=1600&hei=1600&fmt=png-alpha,3,Nike Phoenix Fleece High Rise Wide Pants Women's - Playful Pink/Sail - view 3,,,,,,,,
Nike Phoenix Fleece High Rise Wide Pants Women's - Sail/Lt Medium Blue,nike-phoenix-fleece-high-rise-wide-pants-women-sail-lt-medium-blue-h1011460,"<p>Cinch up the Nike Phoenix Fleece High Rise Wide Pants to navigate through your day with ease. Stitched with two-way stretch fabric, these high-waisted pants deliver comfort that moves with you. The elastic waistband with a drawcord brings customisable coverage to this invincible mix. Bold, breezy, and effortlessly chic, the Nike Phoenix Fleece High Rise Wide Pants keep you ready for whatever the day has in store for you.</p> <p><strong>Nike Phoenix Fleece High Rise Wide Pants features:</strong></p> <ul> <li>Side vents offer comfort.</li> <li>Pockets provide space to stash small items.</li> <li>Pocket type: External.</li> <li>Machine wash.</li> <li>80% cotton/20% polyester. Imported.</li> </ul>",Nike,Apparel & Accessories > Clothing > Pants,Pants,"footlocker-clean-batch-2026-09, footlocker-source, new-arrivals, nike, style:H1011460, women, clothing",TRUE,Active,H1011460-M,198726517374,Color,Sail/Lt Medium Blue,,Size,M,,,,,75.00,,,TRUE,,shopify,8,DENY,250,g,TRUE,manual,https://assets.footlocker.com/is/image/FLDM/H1011460_01?wid=1600&hei=1600&fmt=png-alpha,1,Nike Phoenix Fleece High Rise Wide Pants Women's - Sail/Lt Medium Blue - primary view,https://assets.footlocker.com/is/image/FLDM/H1011460_01?wid=1600&hei=1600&fmt=png-alpha,FALSE,Nike Phoenix Fleece High Rise Wide Pants Women's - Sail/Lt Medium Blue,Shop Nike Phoenix Fleece High Rise Wide Pants Women's - Sail/Lt Medium Blue at Sneaker Head.,Blue,Women's,H1011460,https://www.footlocker.com/product/nike-phoenix-fleece-high-rise-wide-pants-womens/H1011460.html
,nike-phoenix-fleece-high-rise-wide-pants-women-sail-lt-medium-blue-h1011460,,,,,,,,,,,,,,,,,,,,,,,,,,,,,,,https://assets.footlocker.com/is/image/FLDM/H1011460_03?wid=1600&hei=1600&fmt=png-alpha,2,Nike Phoenix Fleece High Rise Wide Pants Women's - Sail/Lt Medium Blue - view 2,,,,,,,,
,nike-phoenix-fleece-high-rise-wide-pants-women-sail-lt-medium-blue-h1011460,,,,,,,,,,,,,,,,,,,,,,,,,,,,,,,https://assets.footlocker.com/is/image/FLDM/H1011460_04?wid=1600&hei=1600&fmt=png-alpha,3,Nike Phoenix Fleece High Rise Wide Pants Women's - Sail/Lt Medium Blue - view 3,,,,,,,,
,nike-phoenix-fleece-high-rise-wide-pants-women-sail-lt-medium-blue-h1011460,,,,,,,,,,,,,,,,,,,,,,,,,,,,,,,https://assets.footlocker.com/is/image/FLDM/H1011460_05?wid=1600&hei=1600&fmt=png-alpha,4,Nike Phoenix Fleece High Rise Wide Pants Women's - Sail/Lt Medium Blue - view 4,,,,,,,,
Nike Phoenix Fleece High Rise Wide Pants Women's - Sail/Pink Foam,nike-phoenix-fleece-high-rise-wide-pants-women-sail-pink-foam-h1011663,"<p>Cinch up the Nike Phoenix Fleece High Rise Wide Pants to navigate through your day with ease. Stitched with two-way stretch fabric, these high-waisted pants deliver comfort that moves with you. The elastic waistband with a drawcord brings customisable coverage to this invincible mix. Bold, breezy, and effortlessly chic, the Nike Phoenix Fleece High Rise Wide Pants keep you ready for whatever the day has in store for you.</p> <p><strong>Nike Phoenix Fleece High Rise Wide Pants features:</strong></p> <ul> <li>Side vents offer comfort.</li> <li>Pockets provide space to stash small items.</li> <li>Pocket type: External.</li> <li>Machine wash.</li> <li>80% cotton/20% polyester. Imported.</li> </ul>",Nike,Apparel & Accessories > Clothing > Pants,Pants,"footlocker-clean-batch-2026-09, footlocker-source, new-arrivals, nike, style:H1011663, women, clothing",TRUE,Active,H1011663-XS,198727318017,Color,Sail/Pink Foam,,Size,XS,,,,,75.00,,,TRUE,,shopify,8,DENY,250,g,TRUE,manual,https://assets.footlocker.com/is/image/FLDM/H1011663_01?wid=1600&hei=1600&fmt=png-alpha,1,Nike Phoenix Fleece High Rise Wide Pants Women's - Sail/Pink Foam - primary view,https://assets.footlocker.com/is/image/FLDM/H1011663_01?wid=1600&hei=1600&fmt=png-alpha,FALSE,Nike Phoenix Fleece High Rise Wide Pants Women's - Sail/Pink Foam,Shop Nike Phoenix Fleece High Rise Wide Pants Women's - Sail/Pink Foam at Sneaker Head.,Pink,Women's,H1011663,https://www.footlocker.com/product/nike-phoenix-fleece-high-rise-wide-pants-womens/H1011663.html
,nike-phoenix-fleece-high-rise-wide-pants-women-sail-pink-foam-h1011663,,,,,,,,H1011663-S,198726518197,Color,Sail/Pink Foam,,Size,S,,,,,75.00,,,TRUE,,shopify,8,DENY,250,g,TRUE,manual,,,,https://assets.footlocker.com/is/image/FLDM/H1011663_01?wid=1600&hei=1600&fmt=png-alpha,FALSE,,,,,,
,nike-phoenix-fleece-high-rise-wide-pants-women-sail-pink-foam-h1011663,,,,,,,,H1011663-M,198726509577,Color,Sail/Pink Foam,,Size,M,,,,,75.00,,,TRUE,,shopify,8,DENY,250,g,TRUE,manual,,,,https://assets.footlocker.com/is/image/FLDM/H1011663_01?wid=1600&hei=1600&fmt=png-alpha,FALSE,,,,,,
,nike-phoenix-fleece-high-rise-wide-pants-women-sail-pink-foam-h1011663,,,,,,,,H1011663-L,198727320881,Color,Sail/Pink Foam,,Size,L,,,,,75.00,,,TRUE,,shopify,8,DENY,250,g,TRUE,manual,,,,https://assets.footlocker.com/is/image/FLDM/H1011663_01?wid=1600&hei=1600&fmt=png-alpha,FALSE,,,,,,
,nike-phoenix-fleece-high-rise-wide-pants-women-sail-pink-foam-h1011663,,,,,,,,H1011663-XL,198726484768,Color,Sail/Pink Foam,,Size,XL,,,,,75.00,,,TRUE,,shopify,8,DENY,250,g,TRUE,manual,,,,https://assets.footlocker.com/is/image/FLDM/H1011663_01?wid=1600&hei=1600&fmt=png-alpha,FALSE,,,,,,
,nike-phoenix-fleece-high-rise-wide-pants-women-sail-pink-foam-h1011663,,,,,,,,,,,,,,,,,,,,,,,,,,,,,,,https://assets.footlocker.com/is/image/FLDM/H1011663_03?wid=1600&hei=1600&fmt=png-alpha,2,Nike Phoenix Fleece High Rise Wide Pants Women's - Sail/Pink Foam - view 2,,,,,,,,
,nike-phoenix-fleece-high-rise-wide-pants-women-sail-pink-foam-h1011663,,,,,,,,,,,,,,,,,,,,,,,,,,,,,,,https://assets.footlocker.com/is/image/FLDM/H1011663_04?wid=1600&hei=1600&fmt=png-alpha,3,Nike Phoenix Fleece High Rise Wide Pants Women's - Sail/Pink Foam - view 3,,,,,,,,
,nike-phoenix-fleece-high-rise-wide-pants-women-sail-pink-foam-h1011663,,,,,,,,,,,,,,,,,,,,,,,,,,,,,,,https://assets.footlocker.com/is/image/FLDM/H1011663_05?wid=1600&hei=1600&fmt=png-alpha,4,Nike Phoenix Fleece High Rise Wide Pants Women's - Sail/Pink Foam - view 4,,,,,,,,
Nike Zoom Vomero 5 Women's Sneakers - Black/Black/Court Purple,nike-zoom-vomero-5-women-black-black-court-purple-j2028004,"<p>Work hard, play hard, and rest even harder! Lace up the Nike Zoom Vomero 5 to rise, shine, and power through your active routine in style. Featuring snappy and responsive Zoom Air cushioning, these silhouettes provide a quick-off-the-ground sensation as you head out and about. From relaxing on the couch to crushing it at the gym, these sneakers make it easy for you to go with the flow and swing into action mode.</p> <p>Accented with metal tones, monochromatic neutrals, and a metallic Swoosh, these silhouettes let you stay on top of your style game. Wherever you want to go, whatever you want to do, these sneakers come with a grippy rubber outsole that keeps you ready for anything and everything. Making good times better and hard times easier, the Nike Zoom Vomero 5 is all set to earn the top spot in your sneaker collection.</p> <p><strong>Nike Zoom Vomero 5 features:</strong></p> <ul> <li>Real and synthetic leather upper provides long-lasting durability.</li> <li>Mesh panels and ventilation ports on the heel deliver maximum breathability.</li> <li>Plastic caging on the side ensures excellent support.</li> <li>Foam midsole offers cushioning and responsiveness.</li> </ul> <p>*Not intended for use as Personal Protective Equipment (PPE).</p><hr /><p>Long days on your feet call for comfort that keeps up and a look that works with almost anything. The Nike Zoom Vomero 5 blends cushioned support, breathable layering, and a sleek running-inspired design, making it an easy choice for everyday wear, travel, commuting, and casual gym sessions.</p><ul><li>Real and synthetic leather upper adds durability and structure</li><li>Mesh panels and heel ventilation ports help keep airflow moving</li><li>Plastic side caging provides supportive containment</li><li>Foam midsole and Zoom Air cushioning deliver a soft, responsive ride</li><li>Rubber outsole adds durable traction for daily wear</li></ul> <p><strong>Size & Fit Guidance</strong></p><p>Most reviewers say the fit feels true to size with a comfortable, secure feel. For the best fit, we recommend starting with your usual size; if you prefer extra toe room or wear thicker socks, some shoppers found a half size up works well, while others liked the slightly roomier feel of their regular size.</p> <p><strong>Best For</strong></p><p>Best for everyday wear, long walks, commuting, travel, and long hours on your feet when comfort and style matter equally.</p> <p><strong>Styling & Versatility</strong></p><p>The layered upper, sculpted midsole, and heritage running lines give this pair a standout look that still feels easy to wear day after day. Reviewers love how easily it dresses up or down and pairs with everything from workout sets to everyday outfits.</p> <p><strong>Break-In & Durability</strong></p><p>Most reviewers say the comfort shows up right away with little to no break-in needed. Some note it feels even better after a few wears, making it a strong option for regular rotation.</p> <p><strong>Care & Maintenance</strong></p><p>To keep the mixed-material upper looking its best, spot clean gently and let it air dry. Regular light cleaning can help preserve the finish and keep the shoe looking fresh for everyday wear.</p>",Nike,Apparel & Accessories > Shoes,Lifestyle Sneakers,"footlocker-clean-batch-2026-09, footlocker-source, new-arrivals, nike, style:J2028004, women, everyday",TRUE,Active,J2028004-5,198726018512,Color,Black/Black/Court Purple,,Size,5,,,,,170.00,,,TRUE,,shopify,8,DENY,300,g,TRUE,manual,https://assets.footlocker.com/is/image/FLDM/J2028004_01?wid=1600&hei=1600&fmt=png-alpha,1,Nike Zoom Vomero 5 Women's Sneakers - Black/Black/Court Purple - primary view,https://assets.footlocker.com/is/image/FLDM/J2028004_01?wid=1600&hei=1600&fmt=png-alpha,FALSE,Nike Zoom Vomero 5 Women's Sneakers - Black/Black/Court Purple,Shop Nike Zoom Vomero 5 Women's Sneakers - Black/Black/Court Purple at Sneaker Head.,Black,Women's,J2028004,https://www.footlocker.com/product/nike-zoom-vomero-5-womens/J2028004.html
,nike-zoom-vomero-5-women-black-black-court-purple-j2028004,,,,,,,,J2028004-5-5,198726255337,Color,Black/Black/Court Purple,,Size,5.5,,,,,170.00,,,TRUE,,shopify,8,DENY,300,g,TRUE,manual,,,,https://assets.footlocker.com/is/image/FLDM/J2028004_01?wid=1600&hei=1600&fmt=png-alpha,FALSE,,,,,,
,nike-zoom-vomero-5-women-black-black-court-purple-j2028004,,,,,,,,J2028004-6,198726098422,Color,Black/Black/Court Purple,,Size,6,,,,,170.00,,,TRUE,,shopify,8,DENY,300,g,TRUE,manual,,,,https://assets.footlocker.com/is/image/FLDM/J2028004_01?wid=1600&hei=1600&fmt=png-alpha,FALSE,,,,,,
,nike-zoom-vomero-5-women-black-black-court-purple-j2028004,,,,,,,,J2028004-6-5,198726152100,Color,Black/Black/Court Purple,,Size,6.5,,,,,170.00,,,TRUE,,shopify,8,DENY,300,g,TRUE,manual,,,,https://assets.footlocker.com/is/image/FLDM/J2028004_01?wid=1600&hei=1600&fmt=png-alpha,FALSE,,,,,,
,nike-zoom-vomero-5-women-black-black-court-purple-j2028004,,,,,,,,J2028004-7,198726000104,Color,Black/Black/Court Purple,,Size,7,,,,,170.00,,,TRUE,,shopify,8,DENY,300,g,TRUE,manual,,,,https://assets.footlocker.com/is/image/FLDM/J2028004_01?wid=1600&hei=1600&fmt=png-alpha,FALSE,,,,,,
,nike-zoom-vomero-5-women-black-black-court-purple-j2028004,,,,,,,,J2028004-7-5,198726245246,Color,Black/Black/Court Purple,,Size,7.5,,,,,170.00,,,TRUE,,shopify,8,DENY,300,g,TRUE,manual,,,,https://assets.footlocker.com/is/image/FLDM/J2028004_01?wid=1600&hei=1600&fmt=png-alpha,FALSE,,,,,,
,nike-zoom-vomero-5-women-black-black-court-purple-j2028004,,,,,,,,J2028004-8,198726284276,Color,Black/Black/Court Purple,,Size,8,,,,,170.00,,,TRUE,,shopify,8,DENY,300,g,TRUE,manual,,,,https://assets.footlocker.com/is/image/FLDM/J2028004_01?wid=1600&hei=1600&fmt=png-alpha,FALSE,,,,,,
,nike-zoom-vomero-5-women-black-black-court-purple-j2028004,,,,,,,,,,,,,,,,,,,,,,,,,,,,,,,https://assets.footlocker.com/is/image/FLDM/J2028004_03?wid=1600&hei=1600&fmt=png-alpha,2,Nike Zoom Vomero 5 Women's Sneakers - Black/Black/Court Purple - view 2,,,,,,,,
,nike-zoom-vomero-5-women-black-black-court-purple-j2028004,,,,,,,,,,,,,,,,,,,,,,,,,,,,,,,https://assets.footlocker.com/is/image/FLDM/J2028004_04?wid=1600&hei=1600&fmt=png-alpha,3,Nike Zoom Vomero 5 Women's Sneakers - Black/Black/Court Purple - view 3,,,,,,,,
,nike-zoom-vomero-5-women-black-black-court-purple-j2028004,,,,,,,,,,,,,,,,,,,,,,,,,,,,,,,https://assets.footlocker.com/is/image/FLDM/J2028004_05?wid=1600&hei=1600&fmt=png-alpha,4,Nike Zoom Vomero 5 Women's Sneakers - Black/Black/Court Purple - view 4,,,,,,,,
,nike-zoom-vomero-5-women-black-black-court-purple-j2028004,,,,,,,,,,,,,,,,,,,,,,,,,,,,,,,https://assets.footlocker.com/is/image/FLDM/J2028004_06?wid=1600&hei=1600&fmt=png-alpha,5,Nike Zoom Vomero 5 Women's Sneakers - Black/Black/Court Purple - view 5,,,,,,,,
Nike Zoom Vomero 5 Women's Sneakers - Black/Chrome,nike-zoom-vomero-5-women-black-chrome-v4311002,"<p>Work hard, play hard, and rest even harder! Lace up the Nike Zoom Vomero 5 to rise, shine, and power through your active routine in style. Featuring snappy and responsive Zoom Air cushioning, these silhouettes provide a quick-off-the-ground sensation as you head out and about. From relaxing on the couch to crushing it at the gym, these sneakers make it easy for you to go with the flow and swing into action mode.</p> <p>Accented with metal tones, monochromatic neutrals, and a metallic Swoosh, these silhouettes let you stay on top of your style game. Wherever you want to go, whatever you want to do, these sneakers come with a grippy rubber outsole that keeps you ready for anything and everything. Making good times better and hard times easier, the Nike Zoom Vomero 5 is all set to earn the top spot in your sneaker collection.</p> <p><strong>Nike Zoom Vomero 5 features:</strong></p> <ul> <li>Real and synthetic leather upper provides long-lasting durability.</li> <li>Mesh panels and ventilation ports on the heel deliver maximum breathability.</li> <li>Plastic caging on the side ensures excellent support.</li> <li>Foam midsole offers cushioning and responsiveness.</li> </ul> <p>*Not intended for use as Personal Protective Equipment (PPE).</p><hr /><p>Long days on your feet call for comfort that keeps up and a look that works with almost anything. The Nike Zoom Vomero 5 blends cushioned support, breathable layering, and a sleek running-inspired design, making it an easy choice for everyday wear, travel, commuting, and casual gym sessions.</p><ul><li>Real and synthetic leather upper adds durability and structure</li><li>Mesh panels and heel ventilation ports help keep airflow moving</li><li>Plastic side caging provides supportive containment</li><li>Foam midsole and Zoom Air cushioning deliver a soft, responsive ride</li><li>Rubber outsole adds durable traction for daily wear</li></ul> <p><strong>Size & Fit Guidance</strong></p><p>Most reviewers say the fit feels true to size with a comfortable, secure feel. For the best fit, we recommend starting with your usual size; if you prefer extra toe room or wear thicker socks, some shoppers found a half size up works well, while others liked the slightly roomier feel of their regular size.</p> <p><strong>Best For</strong></p><p>Best for everyday wear, long walks, commuting, travel, and long hours on your feet when comfort and style matter equally.</p> <p><strong>Styling & Versatility</strong></p><p>The layered upper, sculpted midsole, and heritage running lines give this pair a standout look that still feels easy to wear day after day. Reviewers love how easily it dresses up or down and pairs with everything from workout sets to everyday outfits.</p> <p><strong>Break-In & Durability</strong></p><p>Most reviewers say the comfort shows up right away with little to no break-in needed. Some note it feels even better after a few wears, making it a strong option for regular rotation.</p> <p><strong>Care & Maintenance</strong></p><p>To keep the mixed-material upper looking its best, spot clean gently and let it air dry. Regular light cleaning can help preserve the finish and keep the shoe looking fresh for everyday wear.</p>",Nike,Apparel & Accessories > Shoes,Lifestyle Sneakers,"footlocker-clean-batch-2026-09, footlocker-source, new-arrivals, nike, style:V4311002, women, everyday",TRUE,Active,V4311002-5-5,198961899808,Color,Black/Chrome,,Size,5.5,,,,,170.00,,,TRUE,,shopify,8,DENY,300,g,TRUE,manual,https://assets.footlocker.com/is/image/FLDM/V4311002_01?wid=1600&hei=1600&fmt=png-alpha,1,Nike Zoom Vomero 5 Women's Sneakers - Black/Chrome - primary view,https://assets.footlocker.com/is/image/FLDM/V4311002_01?wid=1600&hei=1600&fmt=png-alpha,FALSE,Nike Zoom Vomero 5 Women's Sneakers - Black/Chrome,Shop Nike Zoom Vomero 5 Women's Sneakers - Black/Chrome at Sneaker Head.,Black,Women's,V4311002,https://www.footlocker.com/product/nike-zoom-vomero-5-womens/V4311002.html
,nike-zoom-vomero-5-women-black-chrome-v4311002,,,,,,,,V4311002-6,198961881650,Color,Black/Chrome,,Size,6,,,,,170.00,,,TRUE,,shopify,8,DENY,300,g,TRUE,manual,,,,https://assets.footlocker.com/is/image/FLDM/V4311002_01?wid=1600&hei=1600&fmt=png-alpha,FALSE,,,,,,
,nike-zoom-vomero-5-women-black-chrome-v4311002,,,,,,,,V4311002-6-5,198961882589,Color,Black/Chrome,,Size,6.5,,,,,170.00,,,TRUE,,shopify,8,DENY,300,g,TRUE,manual,,,,https://assets.footlocker.com/is/image/FLDM/V4311002_01?wid=1600&hei=1600&fmt=png-alpha,FALSE,,,,,,
,nike-zoom-vomero-5-women-black-chrome-v4311002,,,,,,,,V4311002-7,198961891673,Color,Black/Chrome,,Size,7,,,,,170.00,,,TRUE,,shopify,8,DENY,300,g,TRUE,manual,,,,https://assets.footlocker.com/is/image/FLDM/V4311002_01?wid=1600&hei=1600&fmt=png-alpha,FALSE,,,,,,
,nike-zoom-vomero-5-women-black-chrome-v4311002,,,,,,,,V4311002-7-5,198961898924,Color,Black/Chrome,,Size,7.5,,,,,170.00,,,TRUE,,shopify,8,DENY,300,g,TRUE,manual,,,,https://assets.footlocker.com/is/image/FLDM/V4311002_01?wid=1600&hei=1600&fmt=png-alpha,FALSE,,,,,,
,nike-zoom-vomero-5-women-black-chrome-v4311002,,,,,,,,V4311002-8,198961881322,Color,Black/Chrome,,Size,8,,,,,170.00,,,TRUE,,shopify,8,DENY,300,g,TRUE,manual,,,,https://assets.footlocker.com/is/image/FLDM/V4311002_01?wid=1600&hei=1600&fmt=png-alpha,FALSE,,,,,,
,nike-zoom-vomero-5-women-black-chrome-v4311002,,,,,,,,V4311002-8-5,198961890744,Color,Black/Chrome,,Size,8.5,,,,,170.00,,,TRUE,,shopify,8,DENY,300,g,TRUE,manual,,,,https://assets.footlocker.com/is/image/FLDM/V4311002_01?wid=1600&hei=1600&fmt=png-alpha,FALSE,,,,,,
,nike-zoom-vomero-5-women-black-chrome-v4311002,,,,,,,,V4311002-9,198961882312,Color,Black/Chrome,,Size,9,,,,,170.00,,,TRUE,,shopify,8,DENY,300,g,TRUE,manual,,,,https://assets.footlocker.com/is/image/FLDM/V4311002_01?wid=1600&hei=1600&fmt=png-alpha,FALSE,,,,,,
,nike-zoom-vomero-5-women-black-chrome-v4311002,,,,,,,,V4311002-9-5,198961876229,Color,Black/Chrome,,Size,9.5,,,,,170.00,,,TRUE,,shopify,8,DENY,300,g,TRUE,manual,,,,https://assets.footlocker.com/is/image/FLDM/V4311002_01?wid=1600&hei=1600&fmt=png-alpha,FALSE,,,,,,
,nike-zoom-vomero-5-women-black-chrome-v4311002,,,,,,,,V4311002-10,198961876670,Color,Black/Chrome,,Size,10,,,,,170.00,,,TRUE,,shopify,8,DENY,300,g,TRUE,manual,,,,https://assets.footlocker.com/is/image/FLDM/V4311002_01?wid=1600&hei=1600&fmt=png-alpha,FALSE,,,,,,
,nike-zoom-vomero-5-women-black-chrome-v4311002,,,,,,,,V4311002-11,198961892120,Color,Black/Chrome,,Size,11,,,,,170.00,,,TRUE,,shopify,8,DENY,300,g,TRUE,manual,,,,https://assets.footlocker.com/is/image/FLDM/V4311002_01?wid=1600&hei=1600&fmt=png-alpha,FALSE,,,,,,
,nike-zoom-vomero-5-women-black-chrome-v4311002,,,,,,,,,,,,,,,,,,,,,,,,,,,,,,,https://assets.footlocker.com/is/image/FLDM/V4311002_03?wid=1600&hei=1600&fmt=png-alpha,2,Nike Zoom Vomero 5 Women's Sneakers - Black/Chrome - view 2,,,,,,,,
,nike-zoom-vomero-5-women-black-chrome-v4311002,,,,,,,,,,,,,,,,,,,,,,,,,,,,,,,https://assets.footlocker.com/is/image/FLDM/V4311002_04?wid=1600&hei=1600&fmt=png-alpha,3,Nike Zoom Vomero 5 Women's Sneakers - Black/Chrome - view 3,,,,,,,,
,nike-zoom-vomero-5-women-black-chrome-v4311002,,,,,,,,,,,,,,,,,,,,,,,,,,,,,,,https://assets.footlocker.com/is/image/FLDM/V4311002_05?wid=1600&hei=1600&fmt=png-alpha,4,Nike Zoom Vomero 5 Women's Sneakers - Black/Chrome - view 4,,,,,,,,
,nike-zoom-vomero-5-women-black-chrome-v4311002,,,,,,,,,,,,,,,,,,,,,,,,,,,,,,,https://assets.footlocker.com/is/image/FLDM/V4311002_06?wid=1600&hei=1600&fmt=png-alpha,5,Nike Zoom Vomero 5 Women's Sneakers - Black/Chrome - view 5,,,,,,,,
Nike Zoom Vomero 5 Women's Sneakers - Grey/Gold,nike-zoom-vomero-5-women-grey-gold-7723001,"<p>Work hard, play hard, and rest even harder! Lace up the Nike Zoom Vomero 5 to rise, shine, and power through your active routine in style. Featuring snappy and responsive Zoom Air cushioning, these silhouettes provide a quick-off-the-ground sensation as you head out and about. From relaxing on the couch to crushing it at the gym, these sneakers make it easy for you to go with the flow and swing into action mode.</p> <p>Accented with metal tones, monochromatic neutrals, and a metallic Swoosh, these silhouettes let you stay on top of your style game. Wherever you want to go, whatever you want to do, these sneakers come with a grippy rubber outsole that keeps you ready for anything and everything. Making good times better and hard times easier, the Nike Zoom Vomero 5 is all set to earn the top spot in your sneaker collection.</p> <p><strong>Nike Zoom Vomero 5 features:</strong></p> <ul> <li>Real and synthetic leather upper provides long-lasting durability.</li> <li>Mesh panels and ventilation ports on the heel deliver maximum breathability.</li> <li>Plastic caging on the side ensures excellent support.</li> <li>Foam midsole offers cushioning and responsiveness.</li> </ul> <p>*Not intended for use as Personal Protective Equipment (PPE).</p><hr /><p>Long days on your feet call for comfort that keeps up and a look that works with almost anything. The Nike Zoom Vomero 5 blends cushioned support, breathable layering, and a sleek running-inspired design, making it an easy choice for everyday wear, travel, commuting, and casual gym sessions.</p><ul><li>Real and synthetic leather upper adds durability and structure</li><li>Mesh panels and heel ventilation ports help keep airflow moving</li><li>Plastic side caging provides supportive containment</li><li>Foam midsole and Zoom Air cushioning deliver a soft, responsive ride</li><li>Rubber outsole adds durable traction for daily wear</li></ul> <p><strong>Size & Fit Guidance</strong></p><p>Most reviewers say the fit feels true to size with a comfortable, secure feel. For the best fit, we recommend starting with your usual size; if you prefer extra toe room or wear thicker socks, some shoppers found a half size up works well, while others liked the slightly roomier feel of their regular size.</p> <p><strong>Best For</strong></p><p>Best for everyday wear, long walks, commuting, travel, and long hours on your feet when comfort and style matter equally.</p> <p><strong>Styling & Versatility</strong></p><p>The layered upper, sculpted midsole, and heritage running lines give this pair a standout look that still feels easy to wear day after day. Reviewers love how easily it dresses up or down and pairs with everything from workout sets to everyday outfits.</p> <p><strong>Break-In & Durability</strong></p><p>Most reviewers say the comfort shows up right away with little to no break-in needed. Some note it feels even better after a few wears, making it a strong option for regular rotation.</p> <p><strong>Care & Maintenance</strong></p><p>To keep the mixed-material upper looking its best, spot clean gently and let it air dry. Regular light cleaning can help preserve the finish and keep the shoe looking fresh for everyday wear.</p>",Nike,Apparel & Accessories > Shoes,Lifestyle Sneakers,"footlocker-clean-batch-2026-09, footlocker-source, new-arrivals, nike, style:7723001, women, everyday",TRUE,Active,7723001-5-5,197594618664,Color,Grey/Gold,,Size,5.5,,,,,170.00,,,TRUE,,shopify,8,DENY,300,g,TRUE,manual,https://assets.footlocker.com/is/image/FLDM/7723001_01?wid=1600&hei=1600&fmt=png-alpha,1,Nike Zoom Vomero 5 Women's Sneakers - Grey/Gold - primary view,https://assets.footlocker.com/is/image/FLDM/7723001_01?wid=1600&hei=1600&fmt=png-alpha,FALSE,Nike Zoom Vomero 5 Women's Sneakers - Grey/Gold,Shop Nike Zoom Vomero 5 Women's Sneakers - Grey/Gold at Sneaker Head.,Grey,Women's,7723001,https://www.footlocker.com/product/nike-zoom-vomero-5-womens/7723001.html
,nike-zoom-vomero-5-women-grey-gold-7723001,,,,,,,,7723001-6,197594620582,Color,Grey/Gold,,Size,6,,,,,170.00,,,TRUE,,shopify,8,DENY,300,g,TRUE,manual,,,,https://assets.footlocker.com/is/image/FLDM/7723001_01?wid=1600&hei=1600&fmt=png-alpha,FALSE,,,,,,
,nike-zoom-vomero-5-women-grey-gold-7723001,,,,,,,,7723001-6-5,197594618534,Color,Grey/Gold,,Size,6.5,,,,,170.00,,,TRUE,,shopify,8,DENY,300,g,TRUE,manual,,,,https://assets.footlocker.com/is/image/FLDM/7723001_01?wid=1600&hei=1600&fmt=png-alpha,FALSE,,,,,,
,nike-zoom-vomero-5-women-grey-gold-7723001,,,,,,,,7723001-7,197594618978,Color,Grey/Gold,,Size,7,,,,,170.00,,,TRUE,,shopify,8,DENY,300,g,TRUE,manual,,,,https://assets.footlocker.com/is/image/FLDM/7723001_01?wid=1600&hei=1600&fmt=png-alpha,FALSE,,,,,,
,nike-zoom-vomero-5-women-grey-gold-7723001,,,,,,,,7723001-7-5,197594617933,Color,Grey/Gold,,Size,7.5,,,,,170.00,,,TRUE,,shopify,8,DENY,300,g,TRUE,manual,,,,https://assets.footlocker.com/is/image/FLDM/7723001_01?wid=1600&hei=1600&fmt=png-alpha,FALSE,,,,,,
,nike-zoom-vomero-5-women-grey-gold-7723001,,,,,,,,7723001-8,197594618190,Color,Grey/Gold,,Size,8,,,,,170.00,,,TRUE,,shopify,8,DENY,300,g,TRUE,manual,,,,https://assets.footlocker.com/is/image/FLDM/7723001_01?wid=1600&hei=1600&fmt=png-alpha,FALSE,,,,,,
,nike-zoom-vomero-5-women-grey-gold-7723001,,,,,,,,7723001-8-5,197594619647,Color,Grey/Gold,,Size,8.5,,,,,170.00,,,TRUE,,shopify,8,DENY,300,g,TRUE,manual,,,,https://assets.footlocker.com/is/image/FLDM/7723001_01?wid=1600&hei=1600&fmt=png-alpha,FALSE,,,,,,
,nike-zoom-vomero-5-women-grey-gold-7723001,,,,,,,,7723001-9,197594619029,Color,Grey/Gold,,Size,9,,,,,170.00,,,TRUE,,shopify,8,DENY,300,g,TRUE,manual,,,,https://assets.footlocker.com/is/image/FLDM/7723001_01?wid=1600&hei=1600&fmt=png-alpha,FALSE,,,,,,
,nike-zoom-vomero-5-women-grey-gold-7723001,,,,,,,,7723001-9-5,197594618428,Color,Grey/Gold,,Size,9.5,,,,,170.00,,,TRUE,,shopify,8,DENY,300,g,TRUE,manual,,,,https://assets.footlocker.com/is/image/FLDM/7723001_01?wid=1600&hei=1600&fmt=png-alpha,FALSE,,,,,,
,nike-zoom-vomero-5-women-grey-gold-7723001,,,,,,,,7723001-10,197594620391,Color,Grey/Gold,,Size,10,,,,,170.00,,,TRUE,,shopify,8,DENY,300,g,TRUE,manual,,,,https://assets.footlocker.com/is/image/FLDM/7723001_01?wid=1600&hei=1600&fmt=png-alpha,FALSE,,,,,,
,nike-zoom-vomero-5-women-grey-gold-7723001,,,,,,,,,,,,,,,,,,,,,,,,,,,,,,,https://assets.footlocker.com/is/image/FLDM/7723001_02?wid=1600&hei=1600&fmt=png-alpha,2,Nike Zoom Vomero 5 Women's Sneakers - Grey/Gold - view 2,,,,,,,,
,nike-zoom-vomero-5-women-grey-gold-7723001,,,,,,,,,,,,,,,,,,,,,,,,,,,,,,,https://assets.footlocker.com/is/image/FLDM/7723001_03?wid=1600&hei=1600&fmt=png-alpha,3,Nike Zoom Vomero 5 Women's Sneakers - Grey/Gold - view 3,,,,,,,,
,nike-zoom-vomero-5-women-grey-gold-7723001,,,,,,,,,,,,,,,,,,,,,,,,,,,,,,,https://assets.footlocker.com/is/image/FLDM/7723001_04?wid=1600&hei=1600&fmt=png-alpha,4,Nike Zoom Vomero 5 Women's Sneakers - Grey/Gold - view 4,,,,,,,,
,nike-zoom-vomero-5-women-grey-gold-7723001,,,,,,,,,,,,,,,,,,,,,,,,,,,,,,,https://assets.footlocker.com/is/image/FLDM/7723001_05?wid=1600&hei=1600&fmt=png-alpha,5,Nike Zoom Vomero 5 Women's Sneakers - Grey/Gold - view 5,,,,,,,,
Nike Zoom Vomero 5 Women's Sneakers - Metallic Silver/Photon Dust/Pink Foam,nike-zoom-vomero-5-women-metallic-silver-photon-dust-pink-foam-f1877001,"<p>Work hard, play hard, and rest even harder! Lace up the Nike Zoom Vomero 5 to rise, shine, and power through your active routine in style. Featuring snappy and responsive Zoom Air cushioning, these silhouettes provide a quick-off-the-ground sensation as you head out and about. From relaxing on the couch to crushing it at the gym, these sneakers make it easy for you to go with the flow and swing into action mode.</p> <p>Accented with metal tones, monochromatic neutrals, and a metallic Swoosh, these silhouettes let you stay on top of your style game. Wherever you want to go, whatever you want to do, these sneakers come with a grippy rubber outsole that keeps you ready for anything and everything. Making good times better and hard times easier, the Nike Zoom Vomero 5 is all set to earn the top spot in your sneaker collection.</p> <p><strong>Nike Zoom Vomero 5 features:</strong></p> <ul> <li>Real and synthetic leather upper provides long-lasting durability.</li> <li>Mesh panels and ventilation ports on the heel deliver maximum breathability.</li> <li>Plastic caging on the side ensures excellent support.</li> <li>Foam midsole offers cushioning and responsiveness.</li> </ul> <p>*Not intended for use as Personal Protective Equipment (PPE).</p><hr /><p>Long days on your feet call for comfort that keeps up and a look that works with almost anything. The Nike Zoom Vomero 5 blends cushioned support, breathable layering, and a sleek running-inspired design, making it an easy choice for everyday wear, travel, commuting, and casual gym sessions.</p><ul><li>Real and synthetic leather upper adds durability and structure</li><li>Mesh panels and heel ventilation ports help keep airflow moving</li><li>Plastic side caging provides supportive containment</li><li>Foam midsole and Zoom Air cushioning deliver a soft, responsive ride</li><li>Rubber outsole adds durable traction for daily wear</li></ul> <p><strong>Size & Fit Guidance</strong></p><p>Most reviewers say the fit feels true to size with a comfortable, secure feel. For the best fit, we recommend starting with your usual size; if you prefer extra toe room or wear thicker socks, some shoppers found a half size up works well, while others liked the slightly roomier feel of their regular size.</p> <p><strong>Best For</strong></p><p>Best for everyday wear, long walks, commuting, travel, and long hours on your feet when comfort and style matter equally.</p> <p><strong>Styling & Versatility</strong></p><p>The layered upper, sculpted midsole, and heritage running lines give this pair a standout look that still feels easy to wear day after day. Reviewers love how easily it dresses up or down and pairs with everything from workout sets to everyday outfits.</p> <p><strong>Break-In & Durability</strong></p><p>Most reviewers say the comfort shows up right away with little to no break-in needed. Some note it feels even better after a few wears, making it a strong option for regular rotation.</p> <p><strong>Care & Maintenance</strong></p><p>To keep the mixed-material upper looking its best, spot clean gently and let it air dry. Regular light cleaning can help preserve the finish and keep the shoe looking fresh for everyday wear.</p>",Nike,Apparel & Accessories > Shoes,Lifestyle Sneakers,"footlocker-clean-batch-2026-09, footlocker-source, new-arrivals, nike, style:F1877001, women, everyday",TRUE,Active,F1877001-6,197596111620,Color,Metallic Silver/Photon Dust/Pink Foam,,Size,6,,,,,170.00,,,TRUE,,shopify,8,DENY,300,g,TRUE,manual,https://assets.footlocker.com/is/image/FLDM/F1877001_a1?wid=1600&hei=1600&fmt=png-alpha,1,Nike Zoom Vomero 5 Women's Sneakers - Metallic Silver/Photon Dust/Pink Foam - primary view,https://assets.footlocker.com/is/image/FLDM/F1877001_a1?wid=1600&hei=1600&fmt=png-alpha,FALSE,Nike Zoom Vomero 5 Women's Sneakers - Metallic Silver/Photon Dust/Pink Foam,Shop Nike Zoom Vomero 5 Women's Sneakers - Metallic Silver/Photon Dust/Pink Foam at Sneaker Head.,Grey,Women's,F1877001,https://www.footlocker.com/product/nike-zoom-vomero-5-womens/F1877001.html
,nike-zoom-vomero-5-women-metallic-silver-photon-dust-pink-foam-f1877001,,,,,,,,F1877001-6-5,197596832426,Color,Metallic Silver/Photon Dust/Pink Foam,,Size,6.5,,,,,170.00,,,TRUE,,shopify,8,DENY,300,g,TRUE,manual,,,,https://assets.footlocker.com/is/image/FLDM/F1877001_a1?wid=1600&hei=1600&fmt=png-alpha,FALSE,,,,,,
,nike-zoom-vomero-5-women-metallic-silver-photon-dust-pink-foam-f1877001,,,,,,,,F1877001-7,197596440119,Color,Metallic Silver/Photon Dust/Pink Foam,,Size,7,,,,,170.00,,,TRUE,,shopify,8,DENY,300,g,TRUE,manual,,,,https://assets.footlocker.com/is/image/FLDM/F1877001_a1?wid=1600&hei=1600&fmt=png-alpha,FALSE,,,,,,
,nike-zoom-vomero-5-women-metallic-silver-photon-dust-pink-foam-f1877001,,,,,,,,F1877001-7-5,197596502275,Color,Metallic Silver/Photon Dust/Pink Foam,,Size,7.5,,,,,170.00,,,TRUE,,shopify,8,DENY,300,g,TRUE,manual,,,,https://assets.footlocker.com/is/image/FLDM/F1877001_a1?wid=1600&hei=1600&fmt=png-alpha,FALSE,,,,,,
,nike-zoom-vomero-5-women-metallic-silver-photon-dust-pink-foam-f1877001,,,,,,,,F1877001-8,197596263930,Color,Metallic Silver/Photon Dust/Pink Foam,,Size,8,,,,,170.00,,,TRUE,,shopify,8,DENY,300,g,TRUE,manual,,,,https://assets.footlocker.com/is/image/FLDM/F1877001_a1?wid=1600&hei=1600&fmt=png-alpha,FALSE,,,,,,
,nike-zoom-vomero-5-women-metallic-silver-photon-dust-pink-foam-f1877001,,,,,,,,F1877001-8-5,197596140750,Color,Metallic Silver/Photon Dust/Pink Foam,,Size,8.5,,,,,170.00,,,TRUE,,shopify,8,DENY,300,g,TRUE,manual,,,,https://assets.footlocker.com/is/image/FLDM/F1877001_a1?wid=1600&hei=1600&fmt=png-alpha,FALSE,,,,,,
,nike-zoom-vomero-5-women-metallic-silver-photon-dust-pink-foam-f1877001,,,,,,,,F1877001-9,197596999495,Color,Metallic Silver/Photon Dust/Pink Foam,,Size,9,,,,,170.00,,,TRUE,,shopify,8,DENY,300,g,TRUE,manual,,,,https://assets.footlocker.com/is/image/FLDM/F1877001_a1?wid=1600&hei=1600&fmt=png-alpha,FALSE,,,,,,
,nike-zoom-vomero-5-women-metallic-silver-photon-dust-pink-foam-f1877001,,,,,,,,F1877001-9-5,197596203394,Color,Metallic Silver/Photon Dust/Pink Foam,,Size,9.5,,,,,170.00,,,TRUE,,shopify,8,DENY,300,g,TRUE,manual,,,,https://assets.footlocker.com/is/image/FLDM/F1877001_a1?wid=1600&hei=1600&fmt=png-alpha,FALSE,,,,,,
,nike-zoom-vomero-5-women-metallic-silver-photon-dust-pink-foam-f1877001,,,,,,,,F1877001-10,197596551815,Color,Metallic Silver/Photon Dust/Pink Foam,,Size,10,,,,,170.00,,,TRUE,,shopify,8,DENY,300,g,TRUE,manual,,,,https://assets.footlocker.com/is/image/FLDM/F1877001_a1?wid=1600&hei=1600&fmt=png-alpha,FALSE,,,,,,
,nike-zoom-vomero-5-women-metallic-silver-photon-dust-pink-foam-f1877001,,,,,,,,F1877001-10-5,197596386028,Color,Metallic Silver/Photon Dust/Pink Foam,,Size,10.5,,,,,170.00,,,TRUE,,shopify,8,DENY,300,g,TRUE,manual,,,,https://assets.footlocker.com/is/image/FLDM/F1877001_a1?wid=1600&hei=1600&fmt=png-alpha,FALSE,,,,,,
,nike-zoom-vomero-5-women-metallic-silver-photon-dust-pink-foam-f1877001,,,,,,,,,,,,,,,,,,,,,,,,,,,,,,,https://assets.footlocker.com/is/image/FLDM/F1877001_a2?wid=1600&hei=1600&fmt=png-alpha,2,Nike Zoom Vomero 5 Women's Sneakers - Metallic Silver/Photon Dust/Pink Foam - view 2,,,,,,,,
,nike-zoom-vomero-5-women-metallic-silver-photon-dust-pink-foam-f1877001,,,,,,,,,,,,,,,,,,,,,,,,,,,,,,,https://assets.footlocker.com/is/image/FLDM/F1877001_a3?wid=1600&hei=1600&fmt=png-alpha,3,Nike Zoom Vomero 5 Women's Sneakers - Metallic Silver/Photon Dust/Pink Foam - view 3,,,,,,,,
,nike-zoom-vomero-5-women-metallic-silver-photon-dust-pink-foam-f1877001,,,,,,,,,,,,,,,,,,,,,,,,,,,,,,,https://assets.footlocker.com/is/image/FLDM/F1877001_a4?wid=1600&hei=1600&fmt=png-alpha,4,Nike Zoom Vomero 5 Women's Sneakers - Metallic Silver/Photon Dust/Pink Foam - view 4,,,,,,,,
Nike Zoom Vomero 5 Women's Sneakers - Photon Dust/Charcoal,nike-zoom-vomero-5-women-photon-dust-charcoal-d0884025,"<p>Work hard, play hard, and rest even harder! Lace up the Nike Zoom Vomero 5 to rise, shine, and power through your active routine in style. Featuring snappy and responsive Zoom Air cushioning, these silhouettes provide a quick-off-the-ground sensation as you head out and about. From relaxing on the couch to crushing it at the gym, these sneakers make it easy for you to go with the flow and swing into action mode.</p> <p>Accented with metal tones, monochromatic neutrals, and a metallic Swoosh, these silhouettes let you stay on top of your style game. Wherever you want to go, whatever you want to do, these sneakers come with a grippy rubber outsole that keeps you ready for anything and everything. Making good times better and hard times easier, the Nike Zoom Vomero 5 is all set to earn the top spot in your sneaker collection.</p> <p><strong>Nike Zoom Vomero 5 features:</strong></p> <ul> <li>Real and synthetic leather upper provides long-lasting durability.</li> <li>Mesh panels and ventilation ports on the heel deliver maximum breathability.</li> <li>Plastic caging on the side ensures excellent support.</li> <li>Foam midsole offers cushioning and responsiveness.</li> </ul> <p>*Not intended for use as Personal Protective Equipment (PPE).</p><hr /><p>Long days on your feet call for comfort that keeps up and a look that works with almost anything. The Nike Zoom Vomero 5 blends cushioned support, breathable layering, and a sleek running-inspired design, making it an easy choice for everyday wear, travel, commuting, and casual gym sessions.</p><ul><li>Real and synthetic leather upper adds durability and structure</li><li>Mesh panels and heel ventilation ports help keep airflow moving</li><li>Plastic side caging provides supportive containment</li><li>Foam midsole and Zoom Air cushioning deliver a soft, responsive ride</li><li>Rubber outsole adds durable traction for daily wear</li></ul> <p><strong>Size & Fit Guidance</strong></p><p>Most reviewers say the fit feels true to size with a comfortable, secure feel. For the best fit, we recommend starting with your usual size; if you prefer extra toe room or wear thicker socks, some shoppers found a half size up works well, while others liked the slightly roomier feel of their regular size.</p> <p><strong>Best For</strong></p><p>Best for everyday wear, long walks, commuting, travel, and long hours on your feet when comfort and style matter equally.</p> <p><strong>Styling & Versatility</strong></p><p>The layered upper, sculpted midsole, and heritage running lines give this pair a standout look that still feels easy to wear day after day. Reviewers love how easily it dresses up or down and pairs with everything from workout sets to everyday outfits.</p> <p><strong>Break-In & Durability</strong></p><p>Most reviewers say the comfort shows up right away with little to no break-in needed. Some note it feels even better after a few wears, making it a strong option for regular rotation.</p> <p><strong>Care & Maintenance</strong></p><p>To keep the mixed-material upper looking its best, spot clean gently and let it air dry. Regular light cleaning can help preserve the finish and keep the shoe looking fresh for everyday wear.</p>",Nike,Apparel & Accessories > Shoes,Lifestyle Sneakers,"footlocker-clean-batch-2026-09, footlocker-source, new-arrivals, nike, style:D0884025, women, everyday",TRUE,Active,D0884025-6,196604822589,Color,Photon Dust/Charcoal,,Size,6,,,,,170.00,,,TRUE,,shopify,8,DENY,300,g,TRUE,manual,https://assets.footlocker.com/is/image/FLDM/D0884025_01?wid=1600&hei=1600&fmt=png-alpha,1,Nike Zoom Vomero 5 Women's Sneakers - Photon Dust/Charcoal - primary view,https://assets.footlocker.com/is/image/FLDM/D0884025_01?wid=1600&hei=1600&fmt=png-alpha,FALSE,Nike Zoom Vomero 5 Women's Sneakers - Photon Dust/Charcoal,Shop Nike Zoom Vomero 5 Women's Sneakers - Photon Dust/Charcoal at Sneaker Head.,Grey,Women's,D0884025,https://www.footlocker.com/product/nike-zoom-vomero-5-womens/D0884025.html
,nike-zoom-vomero-5-women-photon-dust-charcoal-d0884025,,,,,,,,D0884025-6-5,196604822596,Color,Photon Dust/Charcoal,,Size,6.5,,,,,170.00,,,TRUE,,shopify,8,DENY,300,g,TRUE,manual,,,,https://assets.footlocker.com/is/image/FLDM/D0884025_01?wid=1600&hei=1600&fmt=png-alpha,FALSE,,,,,,
,nike-zoom-vomero-5-women-photon-dust-charcoal-d0884025,,,,,,,,D0884025-11,196604822688,Color,Photon Dust/Charcoal,,Size,11,,,,,170.00,,,TRUE,,shopify,8,DENY,300,g,TRUE,manual,,,,https://assets.footlocker.com/is/image/FLDM/D0884025_01?wid=1600&hei=1600&fmt=png-alpha,FALSE,,,,,,
,nike-zoom-vomero-5-women-photon-dust-charcoal-d0884025,,,,,,,,,,,,,,,,,,,,,,,,,,,,,,,https://assets.footlocker.com/is/image/FLDM/D0884025_02?wid=1600&hei=1600&fmt=png-alpha,2,Nike Zoom Vomero 5 Women's Sneakers - Photon Dust/Charcoal - view 2,,,,,,,,
,nike-zoom-vomero-5-women-photon-dust-charcoal-d0884025,,,,,,,,,,,,,,,,,,,,,,,,,,,,,,,https://assets.footlocker.com/is/image/FLDM/D0884025_03?wid=1600&hei=1600&fmt=png-alpha,3,Nike Zoom Vomero 5 Women's Sneakers - Photon Dust/Charcoal - view 3,,,,,,,,
,nike-zoom-vomero-5-women-photon-dust-charcoal-d0884025,,,,,,,,,,,,,,,,,,,,,,,,,,,,,,,https://assets.footlocker.com/is/image/FLDM/D0884025_04?wid=1600&hei=1600&fmt=png-alpha,4,Nike Zoom Vomero 5 Women's Sneakers - Photon Dust/Charcoal - view 4,,,,,,,,
,nike-zoom-vomero-5-women-photon-dust-charcoal-d0884025,,,,,,,,,,,,,,,,,,,,,,,,,,,,,,,https://assets.footlocker.com/is/image/FLDM/D0884025_05?wid=1600&hei=1600&fmt=png-alpha,5,Nike Zoom Vomero 5 Women's Sneakers - Photon Dust/Charcoal - view 5,,,,,,,,
