Title,URL handle,Description,Vendor,Product category,Type,Tags,Published on online store,Status,SKU,Barcode,Option1 name,Option1 value,Option1 Linked To,Option2 name,Option2 value,Option2 Linked To,Option3 name,Option3 value,Option3 Linked To,Price,Compare-at price,Cost per item,Charge tax,Tax code,Inventory tracker,Inventory quantity,Continue selling when out of stock,Weight value (grams),Weight unit for display,Requires shipping,Fulfillment service,Product image URL,Image position,Image alt text,Variant image URL,Gift card,SEO title,SEO description,Color (product.metafields.shopify.color-pattern),Gender (product.metafields.custom.gender),Source SKU (product.metafields.custom.source_sku),Source URL (product.metafields.custom.source_url)
adidas Adizero Evo SL Women's Running Shoes - Aurora Coffee/Iron Metallic/Blush Pink,adidas-adizero-evo-sl-women-aurora-coffee-iron-metallic-blush-pink-kk1952,"<p>Feel the surge of speed with the adidas Adizero Evo. Inspired by the world-record-breaking EVO 1, these breathable running shoes carry the same ultra-fast mentality as a versatile tempo trainer, perfect for pushing your limits in every step. The synthetic and textile upper ensures durability and targeted support, while the Lightstrike Pro technology delivers super-light cushioning to keep you quick and agile on your feet. Constructed with at least 20% recycled content, the adidas adiZero Evo brings peak performance and sustainability, making your every step count.</p> <p><strong>adidas adiZero Evo features:</strong></p> <ul> <li>Regular fit gives a relaxed feel.</li> <li>Lace closure provides a customised fit.</li> <li>Textile lining maximises comfort.</li> <li>3-Stripes add a bold, signature look.</li> <li>Small stiffening element ensures a little extra snap in each step.</li> <li>Continental Rubber outsole delivers grip and reliable traction.</li> </ul> <p>*By reusing materials that have already been created, adidas helps to reduce waste and reliance on finite resources and reduce the footprint of the products.</p><hr /><p>From daily miles to tempo sessions and race-day efforts, this lightweight runner is built to help you move fast without giving up comfort. Inspired by the record-setting EVO 1, the adidas Adizero Evo SL pairs a breathable synthetic and textile upper with ultra-light Lightstrike Pro cushioning for a smooth, energetic ride. A streamlined shape, subtle stiffening element, and dependable Continental Rubber outsole keep the feel quick, efficient, and ready for repeat miles.</p><ul><li>Regular fit</li><li>Lace closure for a secure feel</li><li>Textile lining for added comfort</li><li>Lightstrike Pro midsole for lightweight cushioning and energy return</li><li>Small stiffening element for extra snap through transitions</li><li>Continental Rubber outsole for road-ready traction</li><li>Made with at least 20% recycled content</li></ul>  <p><strong>Size &amp; Fit Guidance</strong></p><p>For the best fit, most runners can start with their usual size. If you prefer a little extra room for long runs or thicker socks, a half size up may feel best. The fit is generally secure through the midfoot with enough forefoot space for many runners.</p>  <p><strong>Best For</strong></p><p>Best for daily training, long runs, tempo work, and runners who want one shoe that can also handle race day.</p>  <p><strong>Cushioning &amp; Road Feel</strong></p><p>Reviewers consistently call out the soft, bouncy ride and lightweight feel, with enough cushioning to stay comfortable over everything from short runs to half and full marathon training. The platform feels lively and responsive rather than bulky, giving you smooth landings with quick turnover.</p>  <p><strong>Break-In &amp; Durability</strong></p><p>Most runners find it comfortable right away, while some say it settles in even more after a few runs. The lightweight build has also earned praise for holding up through regular training mileage, especially in a road-running rotation.</p>",adidas,Apparel & Accessories > Shoes,Running Shoes,"footlocker-expansion-batch-2026-09, footlocker-source, new-arrivals, adidas, style:KK1952, women, Running, running",TRUE,Active,KK1952-6,198322759383,Color,Aurora Coffee/Iron Metallic/Blush Pink,,Size,6,,,,,150.00,,,TRUE,,shopify,8,DENY,300,g,TRUE,manual,https://assets.footlocker.com/is/image/FLDM/KK1952_01?wid=1600&hei=1600&fmt=png-alpha,1,adidas Adizero Evo SL Women's Running Shoes - Aurora Coffee/Iron Metallic/Blush Pink - primary view,https://assets.footlocker.com/is/image/FLDM/KK1952_01?wid=1600&hei=1600&fmt=png-alpha,FALSE,adidas Adizero Evo SL Women's Running Shoes - Aurora Coffee/Iron Metallic/Blush Pink,Shop adidas Adizero Evo SL Women's Running Shoes - Aurora Coffee/Iron Metallic/Blush Pink at Sneaker Head.,Black,Women's,KK1952,https://www.footlocker.com/product/adidas-adizero-evo-sl-womens/KK1952.html
,adidas-adizero-evo-sl-women-aurora-coffee-iron-metallic-blush-pink-kk1952,,,,,,,,KK1952-6-5,198322744969,Color,Aurora Coffee/Iron Metallic/Blush Pink,,Size,6.5,,,,,150.00,,,TRUE,,shopify,8,DENY,300,g,TRUE,manual,,,,https://assets.footlocker.com/is/image/FLDM/KK1952_01?wid=1600&hei=1600&fmt=png-alpha,FALSE,,,,,,
,adidas-adizero-evo-sl-women-aurora-coffee-iron-metallic-blush-pink-kk1952,,,,,,,,KK1952-7,198322759406,Color,Aurora Coffee/Iron Metallic/Blush Pink,,Size,7,,,,,150.00,,,TRUE,,shopify,8,DENY,300,g,TRUE,manual,,,,https://assets.footlocker.com/is/image/FLDM/KK1952_01?wid=1600&hei=1600&fmt=png-alpha,FALSE,,,,,,
,adidas-adizero-evo-sl-women-aurora-coffee-iron-metallic-blush-pink-kk1952,,,,,,,,KK1952-7-5,198322759376,Color,Aurora Coffee/Iron Metallic/Blush Pink,,Size,7.5,,,,,150.00,,,TRUE,,shopify,8,DENY,300,g,TRUE,manual,,,,https://assets.footlocker.com/is/image/FLDM/KK1952_01?wid=1600&hei=1600&fmt=png-alpha,FALSE,,,,,,
,adidas-adizero-evo-sl-women-aurora-coffee-iron-metallic-blush-pink-kk1952,,,,,,,,KK1952-8,198322744945,Color,Aurora Coffee/Iron Metallic/Blush Pink,,Size,8,,,,,150.00,,,TRUE,,shopify,8,DENY,300,g,TRUE,manual,,,,https://assets.footlocker.com/is/image/FLDM/KK1952_01?wid=1600&hei=1600&fmt=png-alpha,FALSE,,,,,,
,adidas-adizero-evo-sl-women-aurora-coffee-iron-metallic-blush-pink-kk1952,,,,,,,,KK1952-8-5,198322744921,Color,Aurora Coffee/Iron Metallic/Blush Pink,,Size,8.5,,,,,150.00,,,TRUE,,shopify,8,DENY,300,g,TRUE,manual,,,,https://assets.footlocker.com/is/image/FLDM/KK1952_01?wid=1600&hei=1600&fmt=png-alpha,FALSE,,,,,,
,adidas-adizero-evo-sl-women-aurora-coffee-iron-metallic-blush-pink-kk1952,,,,,,,,KK1952-9-5,198322744860,Color,Aurora Coffee/Iron Metallic/Blush Pink,,Size,9.5,,,,,150.00,,,TRUE,,shopify,8,DENY,300,g,TRUE,manual,,,,https://assets.footlocker.com/is/image/FLDM/KK1952_01?wid=1600&hei=1600&fmt=png-alpha,FALSE,,,,,,
,adidas-adizero-evo-sl-women-aurora-coffee-iron-metallic-blush-pink-kk1952,,,,,,,,KK1952-10,198322744914,Color,Aurora Coffee/Iron Metallic/Blush Pink,,Size,10,,,,,150.00,,,TRUE,,shopify,8,DENY,300,g,TRUE,manual,,,,https://assets.footlocker.com/is/image/FLDM/KK1952_01?wid=1600&hei=1600&fmt=png-alpha,FALSE,,,,,,
,adidas-adizero-evo-sl-women-aurora-coffee-iron-metallic-blush-pink-kk1952,,,,,,,,,,,,,,,,,,,,,,,,,,,,,,,https://assets.footlocker.com/is/image/FLDM/KK1952_03?wid=1600&hei=1600&fmt=png-alpha,2,adidas Adizero Evo SL Women's Running Shoes - Aurora Coffee/Iron Metallic/Blush Pink - view 2,,,,,,,,
,adidas-adizero-evo-sl-women-aurora-coffee-iron-metallic-blush-pink-kk1952,,,,,,,,,,,,,,,,,,,,,,,,,,,,,,,https://assets.footlocker.com/is/image/FLDM/KK1952_04?wid=1600&hei=1600&fmt=png-alpha,3,adidas Adizero Evo SL Women's Running Shoes - Aurora Coffee/Iron Metallic/Blush Pink - view 3,,,,,,,,
,adidas-adizero-evo-sl-women-aurora-coffee-iron-metallic-blush-pink-kk1952,,,,,,,,,,,,,,,,,,,,,,,,,,,,,,,https://assets.footlocker.com/is/image/FLDM/KK1952_05?wid=1600&hei=1600&fmt=png-alpha,4,adidas Adizero Evo SL Women's Running Shoes - Aurora Coffee/Iron Metallic/Blush Pink - view 4,,,,,,,,
,adidas-adizero-evo-sl-women-aurora-coffee-iron-metallic-blush-pink-kk1952,,,,,,,,,,,,,,,,,,,,,,,,,,,,,,,https://assets.footlocker.com/is/image/FLDM/KK1952_06?wid=1600&hei=1600&fmt=png-alpha,5,adidas Adizero Evo SL Women's Running Shoes - Aurora Coffee/Iron Metallic/Blush Pink - view 5,,,,,,,,
adidas Adizero Evo SL Women's Running Shoes - Silver Met/Lucid Red/Iron Met,adidas-adizero-evo-sl-women-silver-met-lucid-red-iron-met-ki3383,"<p>Feel the surge of speed with the adidas Adizero Evo. Inspired by the world-record-breaking EVO 1, these breathable running shoes carry the same ultra-fast mentality as a versatile tempo trainer, perfect for pushing your limits in every step. The synthetic and textile upper ensures durability and targeted support, while the Lightstrike Pro technology delivers super-light cushioning to keep you quick and agile on your feet. Constructed with at least 20% recycled content, the adidas adiZero Evo brings peak performance and sustainability, making your every step count.</p> <p><strong>adidas adiZero Evo features:</strong></p> <ul> <li>Regular fit gives a relaxed feel.</li> <li>Lace closure provides a customised fit.</li> <li>Textile lining maximises comfort.</li> <li>3-Stripes add a bold, signature look.</li> <li>Small stiffening element ensures a little extra snap in each step.</li> <li>Continental Rubber outsole delivers grip and reliable traction.</li> </ul> <p>*By reusing materials that have already been created, adidas helps to reduce waste and reliance on finite resources and reduce the footprint of the products.</p><hr /><p>From daily miles to tempo sessions and race-day efforts, this lightweight runner is built to help you move fast without giving up comfort. Inspired by the record-setting EVO 1, the adidas Adizero Evo SL pairs a breathable synthetic and textile upper with ultra-light Lightstrike Pro cushioning for a smooth, energetic ride. A streamlined shape, subtle stiffening element, and dependable Continental Rubber outsole keep the feel quick, efficient, and ready for repeat miles.</p><ul><li>Regular fit</li><li>Lace closure for a secure feel</li><li>Textile lining for added comfort</li><li>Lightstrike Pro midsole for lightweight cushioning and energy return</li><li>Small stiffening element for extra snap through transitions</li><li>Continental Rubber outsole for road-ready traction</li><li>Made with at least 20% recycled content</li></ul>  <p><strong>Size &amp; Fit Guidance</strong></p><p>For the best fit, most runners can start with their usual size. If you prefer a little extra room for long runs or thicker socks, a half size up may feel best. The fit is generally secure through the midfoot with enough forefoot space for many runners.</p>  <p><strong>Best For</strong></p><p>Best for daily training, long runs, tempo work, and runners who want one shoe that can also handle race day.</p>  <p><strong>Cushioning &amp; Road Feel</strong></p><p>Reviewers consistently call out the soft, bouncy ride and lightweight feel, with enough cushioning to stay comfortable over everything from short runs to half and full marathon training. The platform feels lively and responsive rather than bulky, giving you smooth landings with quick turnover.</p>  <p><strong>Break-In &amp; Durability</strong></p><p>Most runners find it comfortable right away, while some say it settles in even more after a few runs. The lightweight build has also earned praise for holding up through regular training mileage, especially in a road-running rotation.</p>",adidas,Apparel & Accessories > Shoes,Running Shoes,"footlocker-expansion-batch-2026-09, footlocker-source, new-arrivals, adidas, style:KI3383, women, Running, running",TRUE,Active,KI3383-11-5,198323993793,Color,Silver Met/Lucid Red/Iron Met,,Size,11.5,,,,,150.00,,,TRUE,,shopify,8,DENY,300,g,TRUE,manual,https://assets.footlocker.com/is/image/FLDM/KI3383_01?wid=1600&hei=1600&fmt=png-alpha,1,adidas Adizero Evo SL Women's Running Shoes - Silver Met/Lucid Red/Iron Met - primary view,https://assets.footlocker.com/is/image/FLDM/KI3383_01?wid=1600&hei=1600&fmt=png-alpha,FALSE,adidas Adizero Evo SL Women's Running Shoes - Silver Met/Lucid Red/Iron Met,Shop adidas Adizero Evo SL Women's Running Shoes - Silver Met/Lucid Red/Iron Met at Sneaker Head.,Grey,Women's,KI3383,https://www.footlocker.com/product/adidas-adizero-evo-sl-womens/KI3383.html
,adidas-adizero-evo-sl-women-silver-met-lucid-red-iron-met-ki3383,,,,,,,,KI3383-12,198323993816,Color,Silver Met/Lucid Red/Iron Met,,Size,12,,,,,150.00,,,TRUE,,shopify,8,DENY,300,g,TRUE,manual,,,,https://assets.footlocker.com/is/image/FLDM/KI3383_01?wid=1600&hei=1600&fmt=png-alpha,FALSE,,,,,,
,adidas-adizero-evo-sl-women-silver-met-lucid-red-iron-met-ki3383,,,,,,,,,,,,,,,,,,,,,,,,,,,,,,,https://assets.footlocker.com/is/image/FLDM/KI3383_03?wid=1600&hei=1600&fmt=png-alpha,2,adidas Adizero Evo SL Women's Running Shoes - Silver Met/Lucid Red/Iron Met - view 2,,,,,,,,
,adidas-adizero-evo-sl-women-silver-met-lucid-red-iron-met-ki3383,,,,,,,,,,,,,,,,,,,,,,,,,,,,,,,https://assets.footlocker.com/is/image/FLDM/KI3383_04?wid=1600&hei=1600&fmt=png-alpha,3,adidas Adizero Evo SL Women's Running Shoes - Silver Met/Lucid Red/Iron Met - view 3,,,,,,,,
,adidas-adizero-evo-sl-women-silver-met-lucid-red-iron-met-ki3383,,,,,,,,,,,,,,,,,,,,,,,,,,,,,,,https://assets.footlocker.com/is/image/FLDM/KI3383_05?wid=1600&hei=1600&fmt=png-alpha,4,adidas Adizero Evo SL Women's Running Shoes - Silver Met/Lucid Red/Iron Met - view 4,,,,,,,,
,adidas-adizero-evo-sl-women-silver-met-lucid-red-iron-met-ki3383,,,,,,,,,,,,,,,,,,,,,,,,,,,,,,,https://assets.footlocker.com/is/image/FLDM/KI3383_06?wid=1600&hei=1600&fmt=png-alpha,5,adidas Adizero Evo SL Women's Running Shoes - Silver Met/Lucid Red/Iron Met - view 5,,,,,,,,
adidas Adizero Evo SL Women's Running Shoes - White/Blue Fusion,adidas-adizero-evo-sl-women-white-blue-fusion-js4454,"<p>Feel the surge of speed with the adidas Adizero Evo. Inspired by the world-record-breaking EVO 1, these breathable running shoes carry the same ultra-fast mentality as a versatile tempo trainer, perfect for pushing your limits in every step. The synthetic and textile upper ensures durability and targeted support, while the Lightstrike Pro technology delivers super-light cushioning to keep you quick and agile on your feet. Constructed with at least 20% recycled content, the adidas adiZero Evo brings peak performance and sustainability, making your every step count.</p> <p><strong>adidas adiZero Evo features:</strong></p> <ul> <li>Regular fit gives a relaxed feel.</li> <li>Lace closure provides a customised fit.</li> <li>Textile lining maximises comfort.</li> <li>3-Stripes add a bold, signature look.</li> <li>Small stiffening element ensures a little extra snap in each step.</li> <li>Continental Rubber outsole delivers grip and reliable traction.</li> </ul> <p>*By reusing materials that have already been created, adidas helps to reduce waste and reliance on finite resources and reduce the footprint of the products.</p><hr /><p>From daily miles to tempo sessions and race-day efforts, this lightweight runner is built to help you move fast without giving up comfort. Inspired by the record-setting EVO 1, the adidas Adizero Evo SL pairs a breathable synthetic and textile upper with ultra-light Lightstrike Pro cushioning for a smooth, energetic ride. A streamlined shape, subtle stiffening element, and dependable Continental Rubber outsole keep the feel quick, efficient, and ready for repeat miles.</p><ul><li>Regular fit</li><li>Lace closure for a secure feel</li><li>Textile lining for added comfort</li><li>Lightstrike Pro midsole for lightweight cushioning and energy return</li><li>Small stiffening element for extra snap through transitions</li><li>Continental Rubber outsole for road-ready traction</li><li>Made with at least 20% recycled content</li></ul>  <p><strong>Size &amp; Fit Guidance</strong></p><p>For the best fit, most runners can start with their usual size. If you prefer a little extra room for long runs or thicker socks, a half size up may feel best. The fit is generally secure through the midfoot with enough forefoot space for many runners.</p>  <p><strong>Best For</strong></p><p>Best for daily training, long runs, tempo work, and runners who want one shoe that can also handle race day.</p>  <p><strong>Cushioning &amp; Road Feel</strong></p><p>Reviewers consistently call out the soft, bouncy ride and lightweight feel, with enough cushioning to stay comfortable over everything from short runs to half and full marathon training. The platform feels lively and responsive rather than bulky, giving you smooth landings with quick turnover.</p>  <p><strong>Break-In &amp; Durability</strong></p><p>Most runners find it comfortable right away, while some say it settles in even more after a few runs. The lightweight build has also earned praise for holding up through regular training mileage, especially in a road-running rotation.</p>",adidas,Apparel & Accessories > Shoes,Running Shoes,"footlocker-expansion-batch-2026-09, footlocker-source, new-arrivals, adidas, style:JS4454, women, Running, running",TRUE,Active,JS4454-9,197620383931,Color,White/Blue Fusion,,Size,9,,,,,150.00,,,TRUE,,shopify,8,DENY,300,g,TRUE,manual,https://assets.footlocker.com/is/image/FLDM/JS4454_01?wid=1600&hei=1600&fmt=png-alpha,1,adidas Adizero Evo SL Women's Running Shoes - White/Blue Fusion - primary view,https://assets.footlocker.com/is/image/FLDM/JS4454_01?wid=1600&hei=1600&fmt=png-alpha,FALSE,adidas Adizero Evo SL Women's Running Shoes - White/Blue Fusion,Shop adidas Adizero Evo SL Women's Running Shoes - White/Blue Fusion at Sneaker Head.,White,Women's,JS4454,https://www.footlocker.com/product/adidas-adizero-evo-sl-womens/JS4454.html
,adidas-adizero-evo-sl-women-white-blue-fusion-js4454,,,,,,,,JS4454-10,197620383863,Color,White/Blue Fusion,,Size,10,,,,,150.00,,,TRUE,,shopify,8,DENY,300,g,TRUE,manual,,,,https://assets.footlocker.com/is/image/FLDM/JS4454_01?wid=1600&hei=1600&fmt=png-alpha,FALSE,,,,,,
,adidas-adizero-evo-sl-women-white-blue-fusion-js4454,,,,,,,,,,,,,,,,,,,,,,,,,,,,,,,https://assets.footlocker.com/is/image/FLDM/JS4454_02?wid=1600&hei=1600&fmt=png-alpha,2,adidas Adizero Evo SL Women's Running Shoes - White/Blue Fusion - view 2,,,,,,,,
,adidas-adizero-evo-sl-women-white-blue-fusion-js4454,,,,,,,,,,,,,,,,,,,,,,,,,,,,,,,https://assets.footlocker.com/is/image/FLDM/JS4454_03?wid=1600&hei=1600&fmt=png-alpha,3,adidas Adizero Evo SL Women's Running Shoes - White/Blue Fusion - view 3,,,,,,,,
,adidas-adizero-evo-sl-women-white-blue-fusion-js4454,,,,,,,,,,,,,,,,,,,,,,,,,,,,,,,https://assets.footlocker.com/is/image/FLDM/JS4454_04?wid=1600&hei=1600&fmt=png-alpha,4,adidas Adizero Evo SL Women's Running Shoes - White/Blue Fusion - view 4,,,,,,,,
,adidas-adizero-evo-sl-women-white-blue-fusion-js4454,,,,,,,,,,,,,,,,,,,,,,,,,,,,,,,https://assets.footlocker.com/is/image/FLDM/JS4454_05?wid=1600&hei=1600&fmt=png-alpha,5,adidas Adizero Evo SL Women's Running Shoes - White/Blue Fusion - view 5,,,,,,,,
adidas Adizero Evo SL Women's Running Shoes - White/White/Core Black,adidas-adizero-evo-sl-women-white-white-core-black-jh6208,"<p>Feel the surge of speed with the adidas Adizero Evo. Inspired by the world-record-breaking EVO 1, these breathable running shoes carry the same ultra-fast mentality as a versatile tempo trainer, perfect for pushing your limits in every step. The synthetic and textile upper ensures durability and targeted support, while the Lightstrike Pro technology delivers super-light cushioning to keep you quick and agile on your feet. Constructed with at least 20% recycled content, the adidas adiZero Evo brings peak performance and sustainability, making your every step count.</p> <p><strong>adidas adiZero Evo features:</strong></p> <ul> <li>Regular fit gives a relaxed feel.</li> <li>Lace closure provides a customised fit.</li> <li>Textile lining maximises comfort.</li> <li>3-Stripes add a bold, signature look.</li> <li>Small stiffening element ensures a little extra snap in each step.</li> <li>Continental Rubber outsole delivers grip and reliable traction.</li> </ul> <p>*By reusing materials that have already been created, adidas helps to reduce waste and reliance on finite resources and reduce the footprint of the products.</p><hr /><p>From daily miles to tempo sessions and race-day efforts, this lightweight runner is built to help you move fast without giving up comfort. Inspired by the record-setting EVO 1, the adidas Adizero Evo SL pairs a breathable synthetic and textile upper with ultra-light Lightstrike Pro cushioning for a smooth, energetic ride. A streamlined shape, subtle stiffening element, and dependable Continental Rubber outsole keep the feel quick, efficient, and ready for repeat miles.</p><ul><li>Regular fit</li><li>Lace closure for a secure feel</li><li>Textile lining for added comfort</li><li>Lightstrike Pro midsole for lightweight cushioning and energy return</li><li>Small stiffening element for extra snap through transitions</li><li>Continental Rubber outsole for road-ready traction</li><li>Made with at least 20% recycled content</li></ul>  <p><strong>Size &amp; Fit Guidance</strong></p><p>For the best fit, most runners can start with their usual size. If you prefer a little extra room for long runs or thicker socks, a half size up may feel best. The fit is generally secure through the midfoot with enough forefoot space for many runners.</p>  <p><strong>Best For</strong></p><p>Best for daily training, long runs, tempo work, and runners who want one shoe that can also handle race day.</p>  <p><strong>Cushioning &amp; Road Feel</strong></p><p>Reviewers consistently call out the soft, bouncy ride and lightweight feel, with enough cushioning to stay comfortable over everything from short runs to half and full marathon training. The platform feels lively and responsive rather than bulky, giving you smooth landings with quick turnover.</p>  <p><strong>Break-In &amp; Durability</strong></p><p>Most runners find it comfortable right away, while some say it settles in even more after a few runs. The lightweight build has also earned praise for holding up through regular training mileage, especially in a road-running rotation.</p>",adidas,Apparel & Accessories > Shoes,Running Shoes,"footlocker-expansion-batch-2026-09, footlocker-source, new-arrivals, adidas, style:JH6208, women, Running, running",TRUE,Active,JH6208-6,197613211883,Color,White/White/Core Black,,Size,6,,,,,150.00,,,TRUE,,shopify,8,DENY,300,g,TRUE,manual,https://assets.footlocker.com/is/image/FLDM/JH6208_01?wid=1600&hei=1600&fmt=png-alpha,1,adidas Adizero Evo SL Women's Running Shoes - White/White/Core Black - primary view,https://assets.footlocker.com/is/image/FLDM/JH6208_01?wid=1600&hei=1600&fmt=png-alpha,FALSE,adidas Adizero Evo SL Women's Running Shoes - White/White/Core Black,Shop adidas Adizero Evo SL Women's Running Shoes - White/White/Core Black at Sneaker Head.,White,Women's,JH6208,https://www.footlocker.com/product/adidas-adizero-evo-sl-womens/JH6208.html
,adidas-adizero-evo-sl-women-white-white-core-black-jh6208,,,,,,,,JH6208-6-5,197613211890,Color,White/White/Core Black,,Size,6.5,,,,,150.00,,,TRUE,,shopify,8,DENY,300,g,TRUE,manual,,,,https://assets.footlocker.com/is/image/FLDM/JH6208_01?wid=1600&hei=1600&fmt=png-alpha,FALSE,,,,,,
,adidas-adizero-evo-sl-women-white-white-core-black-jh6208,,,,,,,,JH6208-7,197613211876,Color,White/White/Core Black,,Size,7,,,,,150.00,,,TRUE,,shopify,8,DENY,300,g,TRUE,manual,,,,https://assets.footlocker.com/is/image/FLDM/JH6208_01?wid=1600&hei=1600&fmt=png-alpha,FALSE,,,,,,
,adidas-adizero-evo-sl-women-white-white-core-black-jh6208,,,,,,,,JH6208-7-5,197613208197,Color,White/White/Core Black,,Size,7.5,,,,,150.00,,,TRUE,,shopify,8,DENY,300,g,TRUE,manual,,,,https://assets.footlocker.com/is/image/FLDM/JH6208_01?wid=1600&hei=1600&fmt=png-alpha,FALSE,,,,,,
,adidas-adizero-evo-sl-women-white-white-core-black-jh6208,,,,,,,,JH6208-8,197613211920,Color,White/White/Core Black,,Size,8,,,,,150.00,,,TRUE,,shopify,8,DENY,300,g,TRUE,manual,,,,https://assets.footlocker.com/is/image/FLDM/JH6208_01?wid=1600&hei=1600&fmt=png-alpha,FALSE,,,,,,
,adidas-adizero-evo-sl-women-white-white-core-black-jh6208,,,,,,,,JH6208-8-5,197613208203,Color,White/White/Core Black,,Size,8.5,,,,,150.00,,,TRUE,,shopify,8,DENY,300,g,TRUE,manual,,,,https://assets.footlocker.com/is/image/FLDM/JH6208_01?wid=1600&hei=1600&fmt=png-alpha,FALSE,,,,,,
,adidas-adizero-evo-sl-women-white-white-core-black-jh6208,,,,,,,,JH6208-9,197613211937,Color,White/White/Core Black,,Size,9,,,,,150.00,,,TRUE,,shopify,8,DENY,300,g,TRUE,manual,,,,https://assets.footlocker.com/is/image/FLDM/JH6208_01?wid=1600&hei=1600&fmt=png-alpha,FALSE,,,,,,
,adidas-adizero-evo-sl-women-white-white-core-black-jh6208,,,,,,,,JH6208-9-5,197613208210,Color,White/White/Core Black,,Size,9.5,,,,,150.00,,,TRUE,,shopify,8,DENY,300,g,TRUE,manual,,,,https://assets.footlocker.com/is/image/FLDM/JH6208_01?wid=1600&hei=1600&fmt=png-alpha,FALSE,,,,,,
,adidas-adizero-evo-sl-women-white-white-core-black-jh6208,,,,,,,,JH6208-10,197613211906,Color,White/White/Core Black,,Size,10,,,,,150.00,,,TRUE,,shopify,8,DENY,300,g,TRUE,manual,,,,https://assets.footlocker.com/is/image/FLDM/JH6208_01?wid=1600&hei=1600&fmt=png-alpha,FALSE,,,,,,
,adidas-adizero-evo-sl-women-white-white-core-black-jh6208,,,,,,,,JH6208-10-5,197613211869,Color,White/White/Core Black,,Size,10.5,,,,,150.00,,,TRUE,,shopify,8,DENY,300,g,TRUE,manual,,,,https://assets.footlocker.com/is/image/FLDM/JH6208_01?wid=1600&hei=1600&fmt=png-alpha,FALSE,,,,,,
,adidas-adizero-evo-sl-women-white-white-core-black-jh6208,,,,,,,,JH6208-11,197613208234,Color,White/White/Core Black,,Size,11,,,,,150.00,,,TRUE,,shopify,8,DENY,300,g,TRUE,manual,,,,https://assets.footlocker.com/is/image/FLDM/JH6208_01?wid=1600&hei=1600&fmt=png-alpha,FALSE,,,,,,
,adidas-adizero-evo-sl-women-white-white-core-black-jh6208,,,,,,,,JH6208-11-5,197613211852,Color,White/White/Core Black,,Size,11.5,,,,,150.00,,,TRUE,,shopify,8,DENY,300,g,TRUE,manual,,,,https://assets.footlocker.com/is/image/FLDM/JH6208_01?wid=1600&hei=1600&fmt=png-alpha,FALSE,,,,,,
,adidas-adizero-evo-sl-women-white-white-core-black-jh6208,,,,,,,,JH6208-12,197613208241,Color,White/White/Core Black,,Size,12,,,,,150.00,,,TRUE,,shopify,8,DENY,300,g,TRUE,manual,,,,https://assets.footlocker.com/is/image/FLDM/JH6208_01?wid=1600&hei=1600&fmt=png-alpha,FALSE,,,,,,
,adidas-adizero-evo-sl-women-white-white-core-black-jh6208,,,,,,,,,,,,,,,,,,,,,,,,,,,,,,,https://assets.footlocker.com/is/image/FLDM/JH6208_03?wid=1600&hei=1600&fmt=png-alpha,2,adidas Adizero Evo SL Women's Running Shoes - White/White/Core Black - view 2,,,,,,,,
,adidas-adizero-evo-sl-women-white-white-core-black-jh6208,,,,,,,,,,,,,,,,,,,,,,,,,,,,,,,https://assets.footlocker.com/is/image/FLDM/JH6208_04?wid=1600&hei=1600&fmt=png-alpha,3,adidas Adizero Evo SL Women's Running Shoes - White/White/Core Black - view 3,,,,,,,,
,adidas-adizero-evo-sl-women-white-white-core-black-jh6208,,,,,,,,,,,,,,,,,,,,,,,,,,,,,,,https://assets.footlocker.com/is/image/FLDM/JH6208_05?wid=1600&hei=1600&fmt=png-alpha,4,adidas Adizero Evo SL Women's Running Shoes - White/White/Core Black - view 4,,,,,,,,
,adidas-adizero-evo-sl-women-white-white-core-black-jh6208,,,,,,,,,,,,,,,,,,,,,,,,,,,,,,,https://assets.footlocker.com/is/image/FLDM/JH6208_06?wid=1600&hei=1600&fmt=png-alpha,5,adidas Adizero Evo SL Women's Running Shoes - White/White/Core Black - view 5,,,,,,,,
adidas Adizero Evo SL Women's Running Shoes - Wonder White/Crystal Linen,adidas-adizero-evo-sl-women-wonder-white-crystal-linen-ki6951,"<p>Feel the surge of speed with the adidas Adizero Evo. Inspired by the world-record-breaking EVO 1, these breathable running shoes carry the same ultra-fast mentality as a versatile tempo trainer, perfect for pushing your limits in every step. The synthetic and textile upper ensures durability and targeted support, while the Lightstrike Pro technology delivers super-light cushioning to keep you quick and agile on your feet. Constructed with at least 20% recycled content, the adidas adiZero Evo brings peak performance and sustainability, making your every step count.</p> <p><strong>adidas adiZero Evo features:</strong></p> <ul> <li>Regular fit gives a relaxed feel.</li> <li>Lace closure provides a customised fit.</li> <li>Textile lining maximises comfort.</li> <li>3-Stripes add a bold, signature look.</li> <li>Small stiffening element ensures a little extra snap in each step.</li> <li>Continental Rubber outsole delivers grip and reliable traction.</li> </ul> <p>*By reusing materials that have already been created, adidas helps to reduce waste and reliance on finite resources and reduce the footprint of the products.</p><hr /><p>From daily miles to tempo sessions and race-day efforts, this lightweight runner is built to help you move fast without giving up comfort. Inspired by the record-setting EVO 1, the adidas Adizero Evo SL pairs a breathable synthetic and textile upper with ultra-light Lightstrike Pro cushioning for a smooth, energetic ride. A streamlined shape, subtle stiffening element, and dependable Continental Rubber outsole keep the feel quick, efficient, and ready for repeat miles.</p><ul><li>Regular fit</li><li>Lace closure for a secure feel</li><li>Textile lining for added comfort</li><li>Lightstrike Pro midsole for lightweight cushioning and energy return</li><li>Small stiffening element for extra snap through transitions</li><li>Continental Rubber outsole for road-ready traction</li><li>Made with at least 20% recycled content</li></ul>  <p><strong>Size &amp; Fit Guidance</strong></p><p>For the best fit, most runners can start with their usual size. If you prefer a little extra room for long runs or thicker socks, a half size up may feel best. The fit is generally secure through the midfoot with enough forefoot space for many runners.</p>  <p><strong>Best For</strong></p><p>Best for daily training, long runs, tempo work, and runners who want one shoe that can also handle race day.</p>  <p><strong>Cushioning &amp; Road Feel</strong></p><p>Reviewers consistently call out the soft, bouncy ride and lightweight feel, with enough cushioning to stay comfortable over everything from short runs to half and full marathon training. The platform feels lively and responsive rather than bulky, giving you smooth landings with quick turnover.</p>  <p><strong>Break-In &amp; Durability</strong></p><p>Most runners find it comfortable right away, while some say it settles in even more after a few runs. The lightweight build has also earned praise for holding up through regular training mileage, especially in a road-running rotation.</p>",adidas,Apparel & Accessories > Shoes,Running Shoes,"footlocker-expansion-batch-2026-09, footlocker-source, new-arrivals, adidas, style:KI6951, women, Running, running",TRUE,Active,KI6951-6,198324893139,Color,Wonder White/Crystal Linen,,Size,6,,,,,150.00,,,TRUE,,shopify,8,DENY,300,g,TRUE,manual,https://assets.footlocker.com/is/image/FLDM/KI6951_01?wid=1600&hei=1600&fmt=png-alpha,1,adidas Adizero Evo SL Women's Running Shoes - Wonder White/Crystal Linen - primary view,https://assets.footlocker.com/is/image/FLDM/KI6951_01?wid=1600&hei=1600&fmt=png-alpha,FALSE,adidas Adizero Evo SL Women's Running Shoes - Wonder White/Crystal Linen,Shop adidas Adizero Evo SL Women's Running Shoes - Wonder White/Crystal Linen at Sneaker Head.,White,Women's,KI6951,https://www.footlocker.com/product/adidas-adizero-evo-sl-womens/KI6951.html
,adidas-adizero-evo-sl-women-wonder-white-crystal-linen-ki6951,,,,,,,,,,,,,,,,,,,,,,,,,,,,,,,https://assets.footlocker.com/is/image/FLDM/KI6951_03?wid=1600&hei=1600&fmt=png-alpha,2,adidas Adizero Evo SL Women's Running Shoes - Wonder White/Crystal Linen - view 2,,,,,,,,
,adidas-adizero-evo-sl-women-wonder-white-crystal-linen-ki6951,,,,,,,,,,,,,,,,,,,,,,,,,,,,,,,https://assets.footlocker.com/is/image/FLDM/KI6951_04?wid=1600&hei=1600&fmt=png-alpha,3,adidas Adizero Evo SL Women's Running Shoes - Wonder White/Crystal Linen - view 3,,,,,,,,
,adidas-adizero-evo-sl-women-wonder-white-crystal-linen-ki6951,,,,,,,,,,,,,,,,,,,,,,,,,,,,,,,https://assets.footlocker.com/is/image/FLDM/KI6951_05?wid=1600&hei=1600&fmt=png-alpha,4,adidas Adizero Evo SL Women's Running Shoes - Wonder White/Crystal Linen - view 4,,,,,,,,
,adidas-adizero-evo-sl-women-wonder-white-crystal-linen-ki6951,,,,,,,,,,,,,,,,,,,,,,,,,,,,,,,https://assets.footlocker.com/is/image/FLDM/KI6951_06?wid=1600&hei=1600&fmt=png-alpha,5,adidas Adizero Evo SL Women's Running Shoes - Wonder White/Crystal Linen - view 5,,,,,,,,
HOKA Clifton 10 Women's Running Shoes - Vanilla/Birch,hoka-clifton-10-women-vanilla-birch-62031vch,"<p>Lighter and more cushioned than ever before, the Hoka Clifton 10 empowers runners like you to log miles no matter the challenge. Constructed with a jacquard knit upper, these shoes offer superior breathability and comfort with every step. The smooth MetaRocker and CMEVA midsole provide a stable, springy ride with an improved forefoot fit. Plus, the rearfoot-focused Active Foot Frame ensures an enhanced underfoot transition and supports every step. Effortlessly blend style and performance with the Hoka Clifton 10.</p> <p><strong>Hoka Clifton 10 features:</strong></p> <ul> <li>Double-lace lock ensures a secure fit.</li> <li>Molded EVA sockliner adds maximum comfort.</li> <li>Reflective upper details enable low-light visibility.</li> <li>Durable abrasion rubber outsole offers superior traction.</li> <li>Weight: 8 oz.</li> </ul><hr /><p>Long walks, daily miles, and busy days on your feet feel easier when comfort leads the way. The HOKA Clifton 10 balances lightweight cushioning with a smooth, stable ride, pairing a breathable jacquard knit upper with CMEVA cushioning, MetaRocker geometry, and a rearfoot-focused Active Foot Frame for fluid transitions and dependable support.</p> <ul><li>Jacquard knit upper for breathable comfort</li><li>Double-lace lock helps create a secure fit</li><li>Molded EVA sockliner adds soft underfoot comfort</li><li>Reflective upper details enhance low-light visibility</li><li>Durable abrasion rubber outsole for reliable traction</li><li>Weight: 8 oz.</li></ul>  <p><strong>Size &amp; Fit Guidance</strong></p> <p>Reviews point to a secure, close-to-foot feel. For the best fit, we recommend your usual size if you like a snug, locked-in hold through the midfoot.</p>  <p><strong>Best For</strong></p> <p>Best for walking, long shifts, everyday training, and anyone who wants plush comfort throughout the day.</p>  <p><strong>Cushioning &amp; Road Feel</strong></p> <p>This ride leans soft, smooth, and protective rather than firm and ground-close. Wearers consistently call out the cushioning as a standout, while the MetaRocker shape helps keep transitions feeling easy and efficient.</p>  <p><strong>Break-In &amp; Durability</strong></p> <p>Many wearers find the Clifton 10 comfortable right away, making it an easy choice for regular rotation. The supportive platform and abrasion rubber outsole are built to handle repeated daily wear.</p>",HOKA,Apparel & Accessories > Shoes,Running Shoes,"footlocker-expansion-batch-2026-09, footlocker-source, new-arrivals, hoka, style:62031VCH, women, Running, running, sale",TRUE,Active,62031VCH-6,197634752587,Color,Vanilla/Birch,,Size,6,,,,,123.99,155.00,,TRUE,,shopify,8,DENY,300,g,TRUE,manual,https://assets.footlocker.com/is/image/FLDM/62031VCH_01?wid=1600&hei=1600&fmt=png-alpha,1,HOKA Clifton 10 Women's Running Shoes - Vanilla/Birch - primary view,https://assets.footlocker.com/is/image/FLDM/62031VCH_01?wid=1600&hei=1600&fmt=png-alpha,FALSE,HOKA Clifton 10 Women's Running Shoes - Vanilla/Birch,Shop HOKA Clifton 10 Women's Running Shoes - Vanilla/Birch at Sneaker Head.,Tan,Women's,62031VCH,https://www.footlocker.com/product/hoka-clifton-10-womens/62031VCH.html
,hoka-clifton-10-women-vanilla-birch-62031vch,,,,,,,,62031VCH-6-5,197634752570,Color,Vanilla/Birch,,Size,6.5,,,,,123.99,155.00,,TRUE,,shopify,8,DENY,300,g,TRUE,manual,,,,https://assets.footlocker.com/is/image/FLDM/62031VCH_01?wid=1600&hei=1600&fmt=png-alpha,FALSE,,,,,,
,hoka-clifton-10-women-vanilla-birch-62031vch,,,,,,,,62031VCH-7,197634752600,Color,Vanilla/Birch,,Size,7,,,,,123.99,155.00,,TRUE,,shopify,8,DENY,300,g,TRUE,manual,,,,https://assets.footlocker.com/is/image/FLDM/62031VCH_01?wid=1600&hei=1600&fmt=png-alpha,FALSE,,,,,,
,hoka-clifton-10-women-vanilla-birch-62031vch,,,,,,,,62031VCH-7-5,197634752594,Color,Vanilla/Birch,,Size,7.5,,,,,123.99,155.00,,TRUE,,shopify,8,DENY,300,g,TRUE,manual,,,,https://assets.footlocker.com/is/image/FLDM/62031VCH_01?wid=1600&hei=1600&fmt=png-alpha,FALSE,,,,,,
,hoka-clifton-10-women-vanilla-birch-62031vch,,,,,,,,62031VCH-8,197634752501,Color,Vanilla/Birch,,Size,8,,,,,123.99,155.00,,TRUE,,shopify,8,DENY,300,g,TRUE,manual,,,,https://assets.footlocker.com/is/image/FLDM/62031VCH_01?wid=1600&hei=1600&fmt=png-alpha,FALSE,,,,,,
,hoka-clifton-10-women-vanilla-birch-62031vch,,,,,,,,62031VCH-8-5,197634752648,Color,Vanilla/Birch,,Size,8.5,,,,,123.99,155.00,,TRUE,,shopify,8,DENY,300,g,TRUE,manual,,,,https://assets.footlocker.com/is/image/FLDM/62031VCH_01?wid=1600&hei=1600&fmt=png-alpha,FALSE,,,,,,
,hoka-clifton-10-women-vanilla-birch-62031vch,,,,,,,,62031VCH-9,197634752655,Color,Vanilla/Birch,,Size,9,,,,,123.99,155.00,,TRUE,,shopify,8,DENY,300,g,TRUE,manual,,,,https://assets.footlocker.com/is/image/FLDM/62031VCH_01?wid=1600&hei=1600&fmt=png-alpha,FALSE,,,,,,
,hoka-clifton-10-women-vanilla-birch-62031vch,,,,,,,,62031VCH-9-5,197634752495,Color,Vanilla/Birch,,Size,9.5,,,,,123.99,155.00,,TRUE,,shopify,8,DENY,300,g,TRUE,manual,,,,https://assets.footlocker.com/is/image/FLDM/62031VCH_01?wid=1600&hei=1600&fmt=png-alpha,FALSE,,,,,,
,hoka-clifton-10-women-vanilla-birch-62031vch,,,,,,,,62031VCH-10,197634752525,Color,Vanilla/Birch,,Size,10,,,,,123.99,155.00,,TRUE,,shopify,8,DENY,300,g,TRUE,manual,,,,https://assets.footlocker.com/is/image/FLDM/62031VCH_01?wid=1600&hei=1600&fmt=png-alpha,FALSE,,,,,,
,hoka-clifton-10-women-vanilla-birch-62031vch,,,,,,,,,,,,,,,,,,,,,,,,,,,,,,,https://assets.footlocker.com/is/image/FLDM/62031VCH_02?wid=1600&hei=1600&fmt=png-alpha,2,HOKA Clifton 10 Women's Running Shoes - Vanilla/Birch - view 2,,,,,,,,
,hoka-clifton-10-women-vanilla-birch-62031vch,,,,,,,,,,,,,,,,,,,,,,,,,,,,,,,https://assets.footlocker.com/is/image/FLDM/62031VCH_03?wid=1600&hei=1600&fmt=png-alpha,3,HOKA Clifton 10 Women's Running Shoes - Vanilla/Birch - view 3,,,,,,,,
,hoka-clifton-10-women-vanilla-birch-62031vch,,,,,,,,,,,,,,,,,,,,,,,,,,,,,,,https://assets.footlocker.com/is/image/FLDM/62031VCH_04?wid=1600&hei=1600&fmt=png-alpha,4,HOKA Clifton 10 Women's Running Shoes - Vanilla/Birch - view 4,,,,,,,,
,hoka-clifton-10-women-vanilla-birch-62031vch,,,,,,,,,,,,,,,,,,,,,,,,,,,,,,,https://assets.footlocker.com/is/image/FLDM/62031VCH_05?wid=1600&hei=1600&fmt=png-alpha,5,HOKA Clifton 10 Women's Running Shoes - Vanilla/Birch - view 5,,,,,,,,
HOKA Speedgoat 2 Men's Trail Shoes - Black/Brown,hoka-speedgoat-2-men-black-brown-2710bhlt,"<p>Truly designed to go the extra mile, the Hoka One One Speedgoat 2 is inspired by Karl Meltzer, the runner who holds the record for the most 100-mile trail race wins. His competitive spirit and drive are reflected in the Speedgoat 2, which combines aggressive traction patterns in the outsole with soft cushioning, so you can attack any terrain in comfort, from mile one to 100.</p> <ul> <li>Open, engineered mesh upper for a breathable, lightweight fit and feel.</li> <li>Oversize EVA midsole for plush comfort with every step.</li> <li>Vibram MegaGrip outsole delivers unmatched traction, thanks to multidirectional 5mm lugs that dig in to uneven terrain and keep you running strong.</li> <li>Wt. 9.8 oz.</li> </ul><hr /><p>When trails get technical and the miles stack up, the HOKA Speedgoat 2 is engineered to keep you moving with confidence. Inspired by Karl Meltzer, the record holder for the most 100-mile trail race wins, this shoe channels elite endurance into every outing, pairing relentless grip with the plush cushioning HOKA is built on. Whether you're navigating loose shale, slick roots, or long climbs, the Speedgoat 2 delivers the protection and traction to attack any terrain from mile one to 100.</p> <ul> <li>Open, engineered mesh upper provides a breathable, lightweight fit that stays comfortable over long distances.</li> <li>Oversized EVA midsole delivers plush cushioning that absorbs impact on rocky descents and uneven singletrack.</li> <li>Vibram MegaGrip outsole with multidirectional 5mm lugs digs into loose dirt, gravel, and technical terrain for unmatched grip.</li> <li>Lightweight build at just 9.8 oz keeps your stride feeling effortless mile after mile.</li> </ul> <p><strong>Cushioning & Road Feel</strong></p> <p>The oversized EVA midsole is the core of the Speedgoat 2's ride, absorbing the punishment of rocky trails and steep descents while keeping each foot strike feeling soft and controlled. The Vibram MegaGrip outsole works in tandem to translate that cushioned comfort into confident ground feel, giving you the feedback and stability to push harder on everything from fire roads to technical alpine terrain.</p>",HOKA,Apparel & Accessories > Shoes,Trail Shoes,"footlocker-expansion-batch-2026-09, footlocker-source, new-arrivals, hoka, style:2710BHLT, men, trail, Running",TRUE,Active,2710BHLT-7-5,198605558801,Color,Black/Brown,,Size,7.5,,,,,160.00,,,TRUE,,shopify,8,DENY,300,g,TRUE,manual,https://assets.footlocker.com/is/image/FLDM/2710BHLT_01?wid=1600&hei=1600&fmt=png-alpha,1,HOKA Speedgoat 2 Men's Trail Shoes - Black/Brown - primary view,https://assets.footlocker.com/is/image/FLDM/2710BHLT_01?wid=1600&hei=1600&fmt=png-alpha,FALSE,HOKA Speedgoat 2 Men's Trail Shoes - Black/Brown,Shop HOKA Speedgoat 2 Men's Trail Shoes - Black/Brown at Sneaker Head.,Black,Men's,2710BHLT,https://www.footlocker.com/product/hoka-speedgoat-2-mens/2710BHLT.html
,hoka-speedgoat-2-men-black-brown-2710bhlt,,,,,,,,2710BHLT-8,198605558955,Color,Black/Brown,,Size,8,,,,,160.00,,,TRUE,,shopify,8,DENY,300,g,TRUE,manual,,,,https://assets.footlocker.com/is/image/FLDM/2710BHLT_01?wid=1600&hei=1600&fmt=png-alpha,FALSE,,,,,,
,hoka-speedgoat-2-men-black-brown-2710bhlt,,,,,,,,2710BHLT-8-5,198605558948,Color,Black/Brown,,Size,8.5,,,,,160.00,,,TRUE,,shopify,8,DENY,300,g,TRUE,manual,,,,https://assets.footlocker.com/is/image/FLDM/2710BHLT_01?wid=1600&hei=1600&fmt=png-alpha,FALSE,,,,,,
,hoka-speedgoat-2-men-black-brown-2710bhlt,,,,,,,,2710BHLT-9,198605558818,Color,Black/Brown,,Size,9,,,,,160.00,,,TRUE,,shopify,8,DENY,300,g,TRUE,manual,,,,https://assets.footlocker.com/is/image/FLDM/2710BHLT_01?wid=1600&hei=1600&fmt=png-alpha,FALSE,,,,,,
,hoka-speedgoat-2-men-black-brown-2710bhlt,,,,,,,,2710BHLT-9-5,198605558962,Color,Black/Brown,,Size,9.5,,,,,160.00,,,TRUE,,shopify,8,DENY,300,g,TRUE,manual,,,,https://assets.footlocker.com/is/image/FLDM/2710BHLT_01?wid=1600&hei=1600&fmt=png-alpha,FALSE,,,,,,
,hoka-speedgoat-2-men-black-brown-2710bhlt,,,,,,,,2710BHLT-10,198605558863,Color,Black/Brown,,Size,10,,,,,160.00,,,TRUE,,shopify,8,DENY,300,g,TRUE,manual,,,,https://assets.footlocker.com/is/image/FLDM/2710BHLT_01?wid=1600&hei=1600&fmt=png-alpha,FALSE,,,,,,
,hoka-speedgoat-2-men-black-brown-2710bhlt,,,,,,,,2710BHLT-10-5,198605558856,Color,Black/Brown,,Size,10.5,,,,,160.00,,,TRUE,,shopify,8,DENY,300,g,TRUE,manual,,,,https://assets.footlocker.com/is/image/FLDM/2710BHLT_01?wid=1600&hei=1600&fmt=png-alpha,FALSE,,,,,,
,hoka-speedgoat-2-men-black-brown-2710bhlt,,,,,,,,2710BHLT-11,198605558917,Color,Black/Brown,,Size,11,,,,,160.00,,,TRUE,,shopify,8,DENY,300,g,TRUE,manual,,,,https://assets.footlocker.com/is/image/FLDM/2710BHLT_01?wid=1600&hei=1600&fmt=png-alpha,FALSE,,,,,,
,hoka-speedgoat-2-men-black-brown-2710bhlt,,,,,,,,2710BHLT-11-5,198605558900,Color,Black/Brown,,Size,11.5,,,,,160.00,,,TRUE,,shopify,8,DENY,300,g,TRUE,manual,,,,https://assets.footlocker.com/is/image/FLDM/2710BHLT_01?wid=1600&hei=1600&fmt=png-alpha,FALSE,,,,,,
,hoka-speedgoat-2-men-black-brown-2710bhlt,,,,,,,,2710BHLT-12,198605558924,Color,Black/Brown,,Size,12,,,,,160.00,,,TRUE,,shopify,8,DENY,300,g,TRUE,manual,,,,https://assets.footlocker.com/is/image/FLDM/2710BHLT_01?wid=1600&hei=1600&fmt=png-alpha,FALSE,,,,,,
,hoka-speedgoat-2-men-black-brown-2710bhlt,,,,,,,,,,,,,,,,,,,,,,,,,,,,,,,https://assets.footlocker.com/is/image/FLDM/2710BHLT_03?wid=1600&hei=1600&fmt=png-alpha,2,HOKA Speedgoat 2 Men's Trail Shoes - Black/Brown - view 2,,,,,,,,
,hoka-speedgoat-2-men-black-brown-2710bhlt,,,,,,,,,,,,,,,,,,,,,,,,,,,,,,,https://assets.footlocker.com/is/image/FLDM/2710BHLT_04?wid=1600&hei=1600&fmt=png-alpha,3,HOKA Speedgoat 2 Men's Trail Shoes - Black/Brown - view 3,,,,,,,,
,hoka-speedgoat-2-men-black-brown-2710bhlt,,,,,,,,,,,,,,,,,,,,,,,,,,,,,,,https://assets.footlocker.com/is/image/FLDM/2710BHLT_05?wid=1600&hei=1600&fmt=png-alpha,4,HOKA Speedgoat 2 Men's Trail Shoes - Black/Brown - view 4,,,,,,,,
,hoka-speedgoat-2-men-black-brown-2710bhlt,,,,,,,,,,,,,,,,,,,,,,,,,,,,,,,https://assets.footlocker.com/is/image/FLDM/2710BHLT_06?wid=1600&hei=1600&fmt=png-alpha,5,HOKA Speedgoat 2 Men's Trail Shoes - Black/Brown - view 5,,,,,,,,
HOKA Speedgoat 2 Men's Trail Shoes - Yellow/Black,hoka-speedgoat-2-men-yellow-black-nz422710,"<p>Truly designed to go the extra mile, the Hoka One One Speedgoat 2 is inspired by Karl Meltzer, the runner who holds the record for the most 100-mile trail race wins. His competitive spirit and drive are reflected in the Speedgoat 2, which combines aggressive traction patterns in the outsole with soft cushioning, so you can attack any terrain in comfort, from mile one to 100.</p> <ul> <li>Open, engineered mesh upper for a breathable, lightweight fit and feel.</li> <li>Oversize EVA midsole for plush comfort with every step.</li> <li>Vibram MegaGrip outsole delivers unmatched traction, thanks to multidirectional 5mm lugs that dig in to uneven terrain and keep you running strong.</li> <li>Wt. 9.8 oz.</li> </ul><hr /><p>When trails get technical and the miles stack up, the HOKA Speedgoat 2 is engineered to keep you moving with confidence. Inspired by Karl Meltzer, the record holder for the most 100-mile trail race wins, this shoe channels elite endurance into every outing, pairing relentless grip with the plush cushioning HOKA is built on. Whether you're navigating loose shale, slick roots, or long climbs, the Speedgoat 2 delivers the protection and traction to attack any terrain from mile one to 100.</p> <ul> <li>Open, engineered mesh upper provides a breathable, lightweight fit that stays comfortable over long distances.</li> <li>Oversized EVA midsole delivers plush cushioning that absorbs impact on rocky descents and uneven singletrack.</li> <li>Vibram MegaGrip outsole with multidirectional 5mm lugs digs into loose dirt, gravel, and technical terrain for unmatched grip.</li> <li>Lightweight build at just 9.8 oz keeps your stride feeling effortless mile after mile.</li> </ul> <p><strong>Cushioning & Road Feel</strong></p> <p>The oversized EVA midsole is the core of the Speedgoat 2's ride, absorbing the punishment of rocky trails and steep descents while keeping each foot strike feeling soft and controlled. The Vibram MegaGrip outsole works in tandem to translate that cushioned comfort into confident ground feel, giving you the feedback and stability to push harder on everything from fire roads to technical alpine terrain.</p>",HOKA,Apparel & Accessories > Shoes,Trail Shoes,"footlocker-expansion-batch-2026-09, footlocker-source, new-arrivals, hoka, style:NZ422710, men, trail, Running",TRUE,Active,NZ422710-8,198605886690,Color,Yellow/Black,,Size,8,,,,,160.00,,,TRUE,,shopify,8,DENY,300,g,TRUE,manual,https://assets.footlocker.com/is/image/FLDM/NZ422710_01?wid=1600&hei=1600&fmt=png-alpha,1,HOKA Speedgoat 2 Men's Trail Shoes - Yellow/Black - primary view,https://assets.footlocker.com/is/image/FLDM/NZ422710_01?wid=1600&hei=1600&fmt=png-alpha,FALSE,HOKA Speedgoat 2 Men's Trail Shoes - Yellow/Black,Shop HOKA Speedgoat 2 Men's Trail Shoes - Yellow/Black at Sneaker Head.,Yellow,Men's,NZ422710,https://www.footlocker.com/product/hoka-speedgoat-2-mens/NZ422710.html
,hoka-speedgoat-2-men-yellow-black-nz422710,,,,,,,,NZ422710-8-5,198605886683,Color,Yellow/Black,,Size,8.5,,,,,160.00,,,TRUE,,shopify,8,DENY,300,g,TRUE,manual,,,,https://assets.footlocker.com/is/image/FLDM/NZ422710_01?wid=1600&hei=1600&fmt=png-alpha,FALSE,,,,,,
,hoka-speedgoat-2-men-yellow-black-nz422710,,,,,,,,NZ422710-9,198605886713,Color,Yellow/Black,,Size,9,,,,,160.00,,,TRUE,,shopify,8,DENY,300,g,TRUE,manual,,,,https://assets.footlocker.com/is/image/FLDM/NZ422710_01?wid=1600&hei=1600&fmt=png-alpha,FALSE,,,,,,
,hoka-speedgoat-2-men-yellow-black-nz422710,,,,,,,,NZ422710-9-5,198605886706,Color,Yellow/Black,,Size,9.5,,,,,160.00,,,TRUE,,shopify,8,DENY,300,g,TRUE,manual,,,,https://assets.footlocker.com/is/image/FLDM/NZ422710_01?wid=1600&hei=1600&fmt=png-alpha,FALSE,,,,,,
,hoka-speedgoat-2-men-yellow-black-nz422710,,,,,,,,NZ422710-10,198605886768,Color,Yellow/Black,,Size,10,,,,,160.00,,,TRUE,,shopify,8,DENY,300,g,TRUE,manual,,,,https://assets.footlocker.com/is/image/FLDM/NZ422710_01?wid=1600&hei=1600&fmt=png-alpha,FALSE,,,,,,
,hoka-speedgoat-2-men-yellow-black-nz422710,,,,,,,,NZ422710-10-5,198605886751,Color,Yellow/Black,,Size,10.5,,,,,160.00,,,TRUE,,shopify,8,DENY,300,g,TRUE,manual,,,,https://assets.footlocker.com/is/image/FLDM/NZ422710_01?wid=1600&hei=1600&fmt=png-alpha,FALSE,,,,,,
,hoka-speedgoat-2-men-yellow-black-nz422710,,,,,,,,NZ422710-11,198605886881,Color,Yellow/Black,,Size,11,,,,,160.00,,,TRUE,,shopify,8,DENY,300,g,TRUE,manual,,,,https://assets.footlocker.com/is/image/FLDM/NZ422710_01?wid=1600&hei=1600&fmt=png-alpha,FALSE,,,,,,
,hoka-speedgoat-2-men-yellow-black-nz422710,,,,,,,,NZ422710-11-5,198605886874,Color,Yellow/Black,,Size,11.5,,,,,160.00,,,TRUE,,shopify,8,DENY,300,g,TRUE,manual,,,,https://assets.footlocker.com/is/image/FLDM/NZ422710_01?wid=1600&hei=1600&fmt=png-alpha,FALSE,,,,,,
,hoka-speedgoat-2-men-yellow-black-nz422710,,,,,,,,NZ422710-12,198605886898,Color,Yellow/Black,,Size,12,,,,,160.00,,,TRUE,,shopify,8,DENY,300,g,TRUE,manual,,,,https://assets.footlocker.com/is/image/FLDM/NZ422710_01?wid=1600&hei=1600&fmt=png-alpha,FALSE,,,,,,
,hoka-speedgoat-2-men-yellow-black-nz422710,,,,,,,,NZ422710-13,198605886904,Color,Yellow/Black,,Size,13,,,,,160.00,,,TRUE,,shopify,8,DENY,300,g,TRUE,manual,,,,https://assets.footlocker.com/is/image/FLDM/NZ422710_01?wid=1600&hei=1600&fmt=png-alpha,FALSE,,,,,,
,hoka-speedgoat-2-men-yellow-black-nz422710,,,,,,,,NZ422710-14,198605886621,Color,Yellow/Black,,Size,14,,,,,160.00,,,TRUE,,shopify,8,DENY,300,g,TRUE,manual,,,,https://assets.footlocker.com/is/image/FLDM/NZ422710_01?wid=1600&hei=1600&fmt=png-alpha,FALSE,,,,,,
,hoka-speedgoat-2-men-yellow-black-nz422710,,,,,,,,,,,,,,,,,,,,,,,,,,,,,,,https://assets.footlocker.com/is/image/FLDM/NZ422710_03?wid=1600&hei=1600&fmt=png-alpha,2,HOKA Speedgoat 2 Men's Trail Shoes - Yellow/Black - view 2,,,,,,,,
,hoka-speedgoat-2-men-yellow-black-nz422710,,,,,,,,,,,,,,,,,,,,,,,,,,,,,,,https://assets.footlocker.com/is/image/FLDM/NZ422710_04?wid=1600&hei=1600&fmt=png-alpha,3,HOKA Speedgoat 2 Men's Trail Shoes - Yellow/Black - view 3,,,,,,,,
,hoka-speedgoat-2-men-yellow-black-nz422710,,,,,,,,,,,,,,,,,,,,,,,,,,,,,,,https://assets.footlocker.com/is/image/FLDM/NZ422710_05?wid=1600&hei=1600&fmt=png-alpha,4,HOKA Speedgoat 2 Men's Trail Shoes - Yellow/Black - view 4,,,,,,,,
,hoka-speedgoat-2-men-yellow-black-nz422710,,,,,,,,,,,,,,,,,,,,,,,,,,,,,,,https://assets.footlocker.com/is/image/FLDM/NZ422710_06?wid=1600&hei=1600&fmt=png-alpha,5,HOKA Speedgoat 2 Men's Trail Shoes - Yellow/Black - view 5,,,,,,,,
Nike Air Force 1 Low EasyOn - Boys' Preschool Sneakers - Black/Black,nike-air-force-1-low-easyon-boys-preschool-black-black-n0237001,"<p>Knock, knock! Open the door to a world of limitless fun and excitement for your little boys with the Nike Air Force 1 Low Easy On. Featuring mock laces with two loops attached to a hook-and-loop strap, these shoes help you fasten up your kiddos' little feet instantly and ground their look in DNA style. Designed with more foam, these extra soft and cushy sneakers let your little boys run, jump, and chase their playtime goals in ultimate comfort. Swinging, sliding, or playing ball games—your active kiddos will be on top of everything they do with the Nike Air Force 1 Low Easy On.</p> <p><strong>Nike Air Force 1 Low Easy On features: </strong></p> <ul> <li>Elastic laces offer a snug fit.</li> <li>Perforations on the toe add breathability. </li> <li>Full rubber sole with a circular tread pattern gives durable traction.</li> </ul>",Nike,Apparel & Accessories > Shoes,Lifestyle Sneakers,"footlocker-expansion-batch-2026-09, footlocker-source, new-arrivals, nike, style:N0237001, kids, everyday",TRUE,Active,N0237001-11,196975908608,Color,Black/Black,,Size,11,,,,,70.00,,,TRUE,,shopify,8,DENY,300,g,TRUE,manual,https://assets.footlocker.com/is/image/FLDM/N0237001_01?wid=1600&hei=1600&fmt=png-alpha,1,Nike Air Force 1 Low EasyOn - Boys' Preschool Sneakers - Black/Black - primary view,https://assets.footlocker.com/is/image/FLDM/N0237001_01?wid=1600&hei=1600&fmt=png-alpha,FALSE,Nike Air Force 1 Low EasyOn - Boys' Preschool Sneakers - Black/Black,Shop Nike Air Force 1 Low EasyOn - Boys' Preschool Sneakers - Black/Black at Sneaker Head.,Black,Boys' Preschool,N0237001,https://www.footlocker.com/product/nike-air-force-1-low-easyon-boys-preschool/N0237001.html
,nike-air-force-1-low-easyon-boys-preschool-black-black-n0237001,,,,,,,,N0237001-12,196975932351,Color,Black/Black,,Size,12,,,,,70.00,,,TRUE,,shopify,8,DENY,300,g,TRUE,manual,,,,https://assets.footlocker.com/is/image/FLDM/N0237001_01?wid=1600&hei=1600&fmt=png-alpha,FALSE,,,,,,
,nike-air-force-1-low-easyon-boys-preschool-black-black-n0237001,,,,,,,,N0237001-13,196975913947,Color,Black/Black,,Size,13,,,,,70.00,,,TRUE,,shopify,8,DENY,300,g,TRUE,manual,,,,https://assets.footlocker.com/is/image/FLDM/N0237001_01?wid=1600&hei=1600&fmt=png-alpha,FALSE,,,,,,
,nike-air-force-1-low-easyon-boys-preschool-black-black-n0237001,,,,,,,,N0237001-8,196975925414,Color,Black/Black,,Size,8,,,,,70.00,,,TRUE,,shopify,8,DENY,300,g,TRUE,manual,,,,https://assets.footlocker.com/is/image/FLDM/N0237001_01?wid=1600&hei=1600&fmt=png-alpha,FALSE,,,,,,
,nike-air-force-1-low-easyon-boys-preschool-black-black-n0237001,,,,,,,,N0237001-9,196975933839,Color,Black/Black,,Size,9,,,,,70.00,,,TRUE,,shopify,8,DENY,300,g,TRUE,manual,,,,https://assets.footlocker.com/is/image/FLDM/N0237001_01?wid=1600&hei=1600&fmt=png-alpha,FALSE,,,,,,
,nike-air-force-1-low-easyon-boys-preschool-black-black-n0237001,,,,,,,,N0237001-10,196975925452,Color,Black/Black,,Size,10,,,,,70.00,,,TRUE,,shopify,8,DENY,300,g,TRUE,manual,,,,https://assets.footlocker.com/is/image/FLDM/N0237001_01?wid=1600&hei=1600&fmt=png-alpha,FALSE,,,,,,
,nike-air-force-1-low-easyon-boys-preschool-black-black-n0237001,,,,,,,,,,,,,,,,,,,,,,,,,,,,,,,https://assets.footlocker.com/is/image/FLDM/N0237001_03?wid=1600&hei=1600&fmt=png-alpha,2,Nike Air Force 1 Low EasyOn - Boys' Preschool Sneakers - Black/Black - view 2,,,,,,,,
,nike-air-force-1-low-easyon-boys-preschool-black-black-n0237001,,,,,,,,,,,,,,,,,,,,,,,,,,,,,,,https://assets.footlocker.com/is/image/FLDM/N0237001_04?wid=1600&hei=1600&fmt=png-alpha,3,Nike Air Force 1 Low EasyOn - Boys' Preschool Sneakers - Black/Black - view 3,,,,,,,,
,nike-air-force-1-low-easyon-boys-preschool-black-black-n0237001,,,,,,,,,,,,,,,,,,,,,,,,,,,,,,,https://assets.footlocker.com/is/image/FLDM/N0237001_05?wid=1600&hei=1600&fmt=png-alpha,4,Nike Air Force 1 Low EasyOn - Boys' Preschool Sneakers - Black/Black - view 4,,,,,,,,
,nike-air-force-1-low-easyon-boys-preschool-black-black-n0237001,,,,,,,,,,,,,,,,,,,,,,,,,,,,,,,https://assets.footlocker.com/is/image/FLDM/N0237001_06?wid=1600&hei=1600&fmt=png-alpha,5,Nike Air Force 1 Low EasyOn - Boys' Preschool Sneakers - Black/Black - view 5,,,,,,,,
Nike Air Force 1 Low EasyOn - Boys' Preschool Sneakers - Sail/Light Silver,nike-air-force-1-low-easyon-boys-preschool-sail-light-silver-n0237007,"<p>Knock, knock! Open the door to a world of limitless fun and excitement for your little boys with the Nike Air Force 1 Low Easy On. Featuring mock laces with two loops attached to a hook-and-loop strap, these shoes help you fasten up your kiddos' little feet instantly and ground their look in DNA style. Designed with more foam, these extra soft and cushy sneakers let your little boys run, jump, and chase their playtime goals in ultimate comfort. Swinging, sliding, or playing ball games—your active kiddos will be on top of everything they do with the Nike Air Force 1 Low Easy On.</p> <p><strong>Nike Air Force 1 Low Easy On features: </strong></p> <ul> <li>Elastic laces offer a snug fit.</li> <li>Perforations on the toe add breathability. </li> <li>Full rubber sole with a circular tread pattern gives durable traction.</li> </ul>",Nike,Apparel & Accessories > Shoes,Lifestyle Sneakers,"footlocker-expansion-batch-2026-09, footlocker-source, new-arrivals, nike, style:N0237007, kids, everyday, sale",TRUE,Active,N0237007-11,198485603042,Color,Sail/Light Silver,,Size,11,,,,,49.99,70.00,,TRUE,,shopify,8,DENY,300,g,TRUE,manual,https://assets.footlocker.com/is/image/FLDM/N0237007_01?wid=1600&hei=1600&fmt=png-alpha,1,Nike Air Force 1 Low EasyOn - Boys' Preschool Sneakers - Sail/Light Silver - primary view,https://assets.footlocker.com/is/image/FLDM/N0237007_01?wid=1600&hei=1600&fmt=png-alpha,FALSE,Nike Air Force 1 Low EasyOn - Boys' Preschool Sneakers - Sail/Light Silver,Shop Nike Air Force 1 Low EasyOn - Boys' Preschool Sneakers - Sail/Light Silver at Sneaker Head.,White,Boys' Preschool,N0237007,https://www.footlocker.com/product/nike-air-force-1-low-easyon-boys-preschool/N0237007.html
,nike-air-force-1-low-easyon-boys-preschool-sail-light-silver-n0237007,,,,,,,,N0237007-2,198485603318,Color,Sail/Light Silver,,Size,2,,,,,49.99,70.00,,TRUE,,shopify,8,DENY,300,g,TRUE,manual,,,,https://assets.footlocker.com/is/image/FLDM/N0237007_01?wid=1600&hei=1600&fmt=png-alpha,FALSE,,,,,,
,nike-air-force-1-low-easyon-boys-preschool-sail-light-silver-n0237007,,,,,,,,,,,,,,,,,,,,,,,,,,,,,,,https://assets.footlocker.com/is/image/FLDM/N0237007_02?wid=1600&hei=1600&fmt=png-alpha,2,Nike Air Force 1 Low EasyOn - Boys' Preschool Sneakers - Sail/Light Silver - view 2,,,,,,,,
,nike-air-force-1-low-easyon-boys-preschool-sail-light-silver-n0237007,,,,,,,,,,,,,,,,,,,,,,,,,,,,,,,https://assets.footlocker.com/is/image/FLDM/N0237007_03?wid=1600&hei=1600&fmt=png-alpha,3,Nike Air Force 1 Low EasyOn - Boys' Preschool Sneakers - Sail/Light Silver - view 3,,,,,,,,
,nike-air-force-1-low-easyon-boys-preschool-sail-light-silver-n0237007,,,,,,,,,,,,,,,,,,,,,,,,,,,,,,,https://assets.footlocker.com/is/image/FLDM/N0237007_04?wid=1600&hei=1600&fmt=png-alpha,4,Nike Air Force 1 Low EasyOn - Boys' Preschool Sneakers - Sail/Light Silver - view 4,,,,,,,,
,nike-air-force-1-low-easyon-boys-preschool-sail-light-silver-n0237007,,,,,,,,,,,,,,,,,,,,,,,,,,,,,,,https://assets.footlocker.com/is/image/FLDM/N0237007_05?wid=1600&hei=1600&fmt=png-alpha,5,Nike Air Force 1 Low EasyOn - Boys' Preschool Sneakers - Sail/Light Silver - view 5,,,,,,,,
Nike Air Max 270 - Boys' Grade School Sneakers - Black/Black/Black,nike-air-max-270-boys-grade-school-black-black-black-q5776001,"<p>The Nike Air Max 270 is a grade-school lifestyle sneaker built for school days, weekends, and everyday wear. A breathable mesh and synthetic upper helps keep the feel light, while dual-density foam works with the 270-degree visible Max Air unit in the heel for cushioned impact protection. A TPU heel clip adds structure through the back of the shoe for a more stable ride.</p><p>Nike Air Max 270 features:</p><ul><li>270-degree visible Max Air unit cushions heel impact.</li><li>Dual-density foam midsole balances soft cushioning and support.</li><li>Mesh and synthetic upper improves breathability and durability.</li><li>TPU heel clip adds rearfoot stability.</li><li>Rubber outsole delivers durable traction for everyday wear.</li></ul>",Nike,Apparel & Accessories > Shoes,Lifestyle Sneakers,"footlocker-expansion-batch-2026-09, footlocker-source, new-arrivals, nike, style:Q5776001, kids, everyday",TRUE,Active,Q5776001-3-5,091207575774,Color,Black/Black/Black,,Size,3.5,,,,,132.00,,,TRUE,,shopify,8,DENY,300,g,TRUE,manual,https://assets.footlocker.com/is/image/FLDM/Q5776001_01?wid=1600&hei=1600&fmt=png-alpha,1,Nike Air Max 270 - Boys' Grade School Sneakers - Black/Black/Black - primary view,https://assets.footlocker.com/is/image/FLDM/Q5776001_01?wid=1600&hei=1600&fmt=png-alpha,FALSE,Nike Air Max 270 - Boys' Grade School Sneakers - Black/Black/Black,Shop Nike Air Max 270 - Boys' Grade School Sneakers - Black/Black/Black at Sneaker Head.,Black,Boys' Grade School,Q5776001,https://www.footlocker.com/product/nike-air-max-270-boys-grade-school/Q5776001.html
,nike-air-max-270-boys-grade-school-black-black-black-q5776001,,,,,,,,Q5776001-4,091207575781,Color,Black/Black/Black,,Size,4,,,,,132.00,,,TRUE,,shopify,8,DENY,300,g,TRUE,manual,,,,https://assets.footlocker.com/is/image/FLDM/Q5776001_01?wid=1600&hei=1600&fmt=png-alpha,FALSE,,,,,,
,nike-air-max-270-boys-grade-school-black-black-black-q5776001,,,,,,,,Q5776001-4-5,091207575798,Color,Black/Black/Black,,Size,4.5,,,,,132.00,,,TRUE,,shopify,8,DENY,300,g,TRUE,manual,,,,https://assets.footlocker.com/is/image/FLDM/Q5776001_01?wid=1600&hei=1600&fmt=png-alpha,FALSE,,,,,,
,nike-air-max-270-boys-grade-school-black-black-black-q5776001,,,,,,,,Q5776001-5,091207577907,Color,Black/Black/Black,,Size,5,,,,,132.00,,,TRUE,,shopify,8,DENY,300,g,TRUE,manual,,,,https://assets.footlocker.com/is/image/FLDM/Q5776001_01?wid=1600&hei=1600&fmt=png-alpha,FALSE,,,,,,
,nike-air-max-270-boys-grade-school-black-black-black-q5776001,,,,,,,,Q5776001-5-5,091207578645,Color,Black/Black/Black,,Size,5.5,,,,,132.00,,,TRUE,,shopify,8,DENY,300,g,TRUE,manual,,,,https://assets.footlocker.com/is/image/FLDM/Q5776001_01?wid=1600&hei=1600&fmt=png-alpha,FALSE,,,,,,
,nike-air-max-270-boys-grade-school-black-black-black-q5776001,,,,,,,,Q5776001-6,091207586619,Color,Black/Black/Black,,Size,6,,,,,132.00,,,TRUE,,shopify,8,DENY,300,g,TRUE,manual,,,,https://assets.footlocker.com/is/image/FLDM/Q5776001_01?wid=1600&hei=1600&fmt=png-alpha,FALSE,,,,,,
,nike-air-max-270-boys-grade-school-black-black-black-q5776001,,,,,,,,Q5776001-6-5,091207586626,Color,Black/Black/Black,,Size,6.5,,,,,132.00,,,TRUE,,shopify,8,DENY,300,g,TRUE,manual,,,,https://assets.footlocker.com/is/image/FLDM/Q5776001_01?wid=1600&hei=1600&fmt=png-alpha,FALSE,,,,,,
,nike-air-max-270-boys-grade-school-black-black-black-q5776001,,,,,,,,Q5776001-7,091207587715,Color,Black/Black/Black,,Size,7,,,,,132.00,,,TRUE,,shopify,8,DENY,300,g,TRUE,manual,,,,https://assets.footlocker.com/is/image/FLDM/Q5776001_01?wid=1600&hei=1600&fmt=png-alpha,FALSE,,,,,,
,nike-air-max-270-boys-grade-school-black-black-black-q5776001,,,,,,,,,,,,,,,,,,,,,,,,,,,,,,,https://assets.footlocker.com/is/image/FLDM/Q5776001_02?wid=1600&hei=1600&fmt=png-alpha,2,Nike Air Max 270 - Boys' Grade School Sneakers - Black/Black/Black - view 2,,,,,,,,
,nike-air-max-270-boys-grade-school-black-black-black-q5776001,,,,,,,,,,,,,,,,,,,,,,,,,,,,,,,https://assets.footlocker.com/is/image/FLDM/Q5776001_03?wid=1600&hei=1600&fmt=png-alpha,3,Nike Air Max 270 - Boys' Grade School Sneakers - Black/Black/Black - view 3,,,,,,,,
,nike-air-max-270-boys-grade-school-black-black-black-q5776001,,,,,,,,,,,,,,,,,,,,,,,,,,,,,,,https://assets.footlocker.com/is/image/FLDM/Q5776001_04?wid=1600&hei=1600&fmt=png-alpha,4,Nike Air Max 270 - Boys' Grade School Sneakers - Black/Black/Black - view 4,,,,,,,,
,nike-air-max-270-boys-grade-school-black-black-black-q5776001,,,,,,,,,,,,,,,,,,,,,,,,,,,,,,,https://assets.footlocker.com/is/image/FLDM/Q5776001_05?wid=1600&hei=1600&fmt=png-alpha,5,Nike Air Max 270 - Boys' Grade School Sneakers - Black/Black/Black - view 5,,,,,,,,
Nike Air Max 270 - Boys' Grade School Sneakers - Black/White/Evergreen Aura,nike-air-max-270-boys-grade-school-black-white-evergreen-aura-43345042,"<p>The Nike Air Max 270 is a grade-school lifestyle sneaker built for school days, weekends, and everyday wear. A breathable mesh and synthetic upper helps keep the feel light, while dual-density foam works with the 270-degree visible Max Air unit in the heel for cushioned impact protection. A TPU heel clip adds structure through the back of the shoe for a more stable ride.</p><p>Nike Air Max 270 features:</p><ul><li>270-degree visible Max Air unit cushions heel impact.</li><li>Dual-density foam midsole balances soft cushioning and support.</li><li>Mesh and synthetic upper improves breathability and durability.</li><li>TPU heel clip adds rearfoot stability.</li><li>Rubber outsole delivers durable traction for everyday wear.</li></ul>",Nike,Apparel & Accessories > Shoes,Lifestyle Sneakers,"footlocker-expansion-batch-2026-09, footlocker-source, new-arrivals, nike, style:43345042, kids, everyday",TRUE,Active,43345042-4,198483544699,Color,Black/White/Evergreen Aura,,Size,4,,,,,132.00,,,TRUE,,shopify,8,DENY,300,g,TRUE,manual,https://assets.footlocker.com/is/image/FLDM/43345042_01?wid=1600&hei=1600&fmt=png-alpha,1,Nike Air Max 270 - Boys' Grade School Sneakers - Black/White/Evergreen Aura - primary view,https://assets.footlocker.com/is/image/FLDM/43345042_01?wid=1600&hei=1600&fmt=png-alpha,FALSE,Nike Air Max 270 - Boys' Grade School Sneakers - Black/White/Evergreen Aura,Shop Nike Air Max 270 - Boys' Grade School Sneakers - Black/White/Evergreen Aura at Sneaker Head.,Black,Boys' Grade School,43345042,https://www.footlocker.com/product/nike-air-max-270-boys-grade-school/43345042.html
,nike-air-max-270-boys-grade-school-black-white-evergreen-aura-43345042,,,,,,,,43345042-6-5,198483537493,Color,Black/White/Evergreen Aura,,Size,6.5,,,,,132.00,,,TRUE,,shopify,8,DENY,300,g,TRUE,manual,,,,https://assets.footlocker.com/is/image/FLDM/43345042_01?wid=1600&hei=1600&fmt=png-alpha,FALSE,,,,,,
,nike-air-max-270-boys-grade-school-black-white-evergreen-aura-43345042,,,,,,,,,,,,,,,,,,,,,,,,,,,,,,,https://assets.footlocker.com/is/image/FLDM/43345042_03?wid=1600&hei=1600&fmt=png-alpha,2,Nike Air Max 270 - Boys' Grade School Sneakers - Black/White/Evergreen Aura - view 2,,,,,,,,
,nike-air-max-270-boys-grade-school-black-white-evergreen-aura-43345042,,,,,,,,,,,,,,,,,,,,,,,,,,,,,,,https://assets.footlocker.com/is/image/FLDM/43345042_04?wid=1600&hei=1600&fmt=png-alpha,3,Nike Air Max 270 - Boys' Grade School Sneakers - Black/White/Evergreen Aura - view 3,,,,,,,,
,nike-air-max-270-boys-grade-school-black-white-evergreen-aura-43345042,,,,,,,,,,,,,,,,,,,,,,,,,,,,,,,https://assets.footlocker.com/is/image/FLDM/43345042_05?wid=1600&hei=1600&fmt=png-alpha,4,Nike Air Max 270 - Boys' Grade School Sneakers - Black/White/Evergreen Aura - view 4,,,,,,,,
,nike-air-max-270-boys-grade-school-black-white-evergreen-aura-43345042,,,,,,,,,,,,,,,,,,,,,,,,,,,,,,,https://assets.footlocker.com/is/image/FLDM/43345042_06?wid=1600&hei=1600&fmt=png-alpha,5,Nike Air Max 270 - Boys' Grade School Sneakers - Black/White/Evergreen Aura - view 5,,,,,,,,
Nike Air Max 270 - Boys' Grade School Sneakers - Black/White/Vivid Purple,nike-air-max-270-boys-grade-school-black-white-vivid-purple-43345044,"<p>The Nike Air Max 270 is a grade-school lifestyle sneaker built for school days, weekends, and everyday wear. A breathable mesh and synthetic upper helps keep the feel light, while dual-density foam works with the 270-degree visible Max Air unit in the heel for cushioned impact protection. A TPU heel clip adds structure through the back of the shoe for a more stable ride.</p><p>Nike Air Max 270 features:</p><ul><li>270-degree visible Max Air unit cushions heel impact.</li><li>Dual-density foam midsole balances soft cushioning and support.</li><li>Mesh and synthetic upper improves breathability and durability.</li><li>TPU heel clip adds rearfoot stability.</li><li>Rubber outsole delivers durable traction for everyday wear.</li></ul>",Nike,Apparel & Accessories > Shoes,Lifestyle Sneakers,"footlocker-expansion-batch-2026-09, footlocker-source, new-arrivals, nike, style:43345044, kids, everyday, sale",TRUE,Active,43345044-5,198483546174,Color,Black/White/Vivid Purple,,Size,5,,,,,99.00,132.00,,TRUE,,shopify,8,DENY,300,g,TRUE,manual,https://assets.footlocker.com/is/image/FLDM/43345044_01?wid=1600&hei=1600&fmt=png-alpha,1,Nike Air Max 270 - Boys' Grade School Sneakers - Black/White/Vivid Purple - primary view,https://assets.footlocker.com/is/image/FLDM/43345044_01?wid=1600&hei=1600&fmt=png-alpha,FALSE,Nike Air Max 270 - Boys' Grade School Sneakers - Black/White/Vivid Purple,Shop Nike Air Max 270 - Boys' Grade School Sneakers - Black/White/Vivid Purple at Sneaker Head.,Black,Boys' Grade School,43345044,https://www.footlocker.com/product/nike-air-max-270-boys-grade-school/43345044.html
,nike-air-max-270-boys-grade-school-black-white-vivid-purple-43345044,,,,,,,,,,,,,,,,,,,,,,,,,,,,,,,https://assets.footlocker.com/is/image/FLDM/43345044_03?wid=1600&hei=1600&fmt=png-alpha,2,Nike Air Max 270 - Boys' Grade School Sneakers - Black/White/Vivid Purple - view 2,,,,,,,,
,nike-air-max-270-boys-grade-school-black-white-vivid-purple-43345044,,,,,,,,,,,,,,,,,,,,,,,,,,,,,,,https://assets.footlocker.com/is/image/FLDM/43345044_04?wid=1600&hei=1600&fmt=png-alpha,3,Nike Air Max 270 - Boys' Grade School Sneakers - Black/White/Vivid Purple - view 3,,,,,,,,
,nike-air-max-270-boys-grade-school-black-white-vivid-purple-43345044,,,,,,,,,,,,,,,,,,,,,,,,,,,,,,,https://assets.footlocker.com/is/image/FLDM/43345044_05?wid=1600&hei=1600&fmt=png-alpha,4,Nike Air Max 270 - Boys' Grade School Sneakers - Black/White/Vivid Purple - view 4,,,,,,,,
,nike-air-max-270-boys-grade-school-black-white-vivid-purple-43345044,,,,,,,,,,,,,,,,,,,,,,,,,,,,,,,https://assets.footlocker.com/is/image/FLDM/43345044_06?wid=1600&hei=1600&fmt=png-alpha,5,Nike Air Max 270 - Boys' Grade School Sneakers - Black/White/Vivid Purple - view 5,,,,,,,,
Nike Air Max 270 - Boys' Grade School Sneakers - Racer Blue/Black/White,nike-air-max-270-boys-grade-school-racer-blue-black-white-43345415,"<p>The Nike Air Max 270 is a grade-school lifestyle sneaker built for school days, weekends, and everyday wear. A breathable mesh and synthetic upper helps keep the feel light, while dual-density foam works with the 270-degree visible Max Air unit in the heel for cushioned impact protection. A TPU heel clip adds structure through the back of the shoe for a more stable ride.</p><p>Nike Air Max 270 features:</p><ul><li>270-degree visible Max Air unit cushions heel impact.</li><li>Dual-density foam midsole balances soft cushioning and support.</li><li>Mesh and synthetic upper improves breathability and durability.</li><li>TPU heel clip adds rearfoot stability.</li><li>Rubber outsole delivers durable traction for everyday wear.</li></ul>",Nike,Apparel & Accessories > Shoes,Lifestyle Sneakers,"footlocker-expansion-batch-2026-09, footlocker-source, new-arrivals, nike, style:43345415, kids, everyday",TRUE,Active,43345415-5,198483558917,Color,Racer Blue/Black/White,,Size,5,,,,,132.00,,,TRUE,,shopify,8,DENY,300,g,TRUE,manual,https://assets.footlocker.com/is/image/FLDM/43345415_01?wid=1600&hei=1600&fmt=png-alpha,1,Nike Air Max 270 - Boys' Grade School Sneakers - Racer Blue/Black/White - primary view,https://assets.footlocker.com/is/image/FLDM/43345415_01?wid=1600&hei=1600&fmt=png-alpha,FALSE,Nike Air Max 270 - Boys' Grade School Sneakers - Racer Blue/Black/White,Shop Nike Air Max 270 - Boys' Grade School Sneakers - Racer Blue/Black/White at Sneaker Head.,Blue,Boys' Grade School,43345415,https://www.footlocker.com/product/nike-air-max-270-boys-grade-school/43345415.html
,nike-air-max-270-boys-grade-school-racer-blue-black-white-43345415,,,,,,,,43345415-5-5,198483542459,Color,Racer Blue/Black/White,,Size,5.5,,,,,132.00,,,TRUE,,shopify,8,DENY,300,g,TRUE,manual,,,,https://assets.footlocker.com/is/image/FLDM/43345415_01?wid=1600&hei=1600&fmt=png-alpha,FALSE,,,,,,
,nike-air-max-270-boys-grade-school-racer-blue-black-white-43345415,,,,,,,,43345415-6,198483532702,Color,Racer Blue/Black/White,,Size,6,,,,,132.00,,,TRUE,,shopify,8,DENY,300,g,TRUE,manual,,,,https://assets.footlocker.com/is/image/FLDM/43345415_01?wid=1600&hei=1600&fmt=png-alpha,FALSE,,,,,,
,nike-air-max-270-boys-grade-school-racer-blue-black-white-43345415,,,,,,,,43345415-6-5,198483556753,Color,Racer Blue/Black/White,,Size,6.5,,,,,132.00,,,TRUE,,shopify,8,DENY,300,g,TRUE,manual,,,,https://assets.footlocker.com/is/image/FLDM/43345415_01?wid=1600&hei=1600&fmt=png-alpha,FALSE,,,,,,
,nike-air-max-270-boys-grade-school-racer-blue-black-white-43345415,,,,,,,,43345415-7,198483537318,Color,Racer Blue/Black/White,,Size,7,,,,,132.00,,,TRUE,,shopify,8,DENY,300,g,TRUE,manual,,,,https://assets.footlocker.com/is/image/FLDM/43345415_01?wid=1600&hei=1600&fmt=png-alpha,FALSE,,,,,,
,nike-air-max-270-boys-grade-school-racer-blue-black-white-43345415,,,,,,,,,,,,,,,,,,,,,,,,,,,,,,,https://assets.footlocker.com/is/image/FLDM/43345415_03?wid=1600&hei=1600&fmt=png-alpha,2,Nike Air Max 270 - Boys' Grade School Sneakers - Racer Blue/Black/White - view 2,,,,,,,,
,nike-air-max-270-boys-grade-school-racer-blue-black-white-43345415,,,,,,,,,,,,,,,,,,,,,,,,,,,,,,,https://assets.footlocker.com/is/image/FLDM/43345415_04?wid=1600&hei=1600&fmt=png-alpha,3,Nike Air Max 270 - Boys' Grade School Sneakers - Racer Blue/Black/White - view 3,,,,,,,,
,nike-air-max-270-boys-grade-school-racer-blue-black-white-43345415,,,,,,,,,,,,,,,,,,,,,,,,,,,,,,,https://assets.footlocker.com/is/image/FLDM/43345415_05?wid=1600&hei=1600&fmt=png-alpha,4,Nike Air Max 270 - Boys' Grade School Sneakers - Racer Blue/Black/White - view 4,,,,,,,,
,nike-air-max-270-boys-grade-school-racer-blue-black-white-43345415,,,,,,,,,,,,,,,,,,,,,,,,,,,,,,,https://assets.footlocker.com/is/image/FLDM/43345415_06?wid=1600&hei=1600&fmt=png-alpha,5,Nike Air Max 270 - Boys' Grade School Sneakers - Racer Blue/Black/White - view 5,,,,,,,,
Nike Air Max 270 - Boys' Grade School Sneakers - White/White/Metallic Silver,nike-air-max-270-boys-grade-school-white-white-metallic-silver-43345103,"<p>The Nike Air Max 270 is a grade-school lifestyle sneaker built for school days, weekends, and everyday wear. A breathable mesh and synthetic upper helps keep the feel light, while dual-density foam works with the 270-degree visible Max Air unit in the heel for cushioned impact protection. A TPU heel clip adds structure through the back of the shoe for a more stable ride.</p><p>Nike Air Max 270 features:</p><ul><li>270-degree visible Max Air unit cushions heel impact.</li><li>Dual-density foam midsole balances soft cushioning and support.</li><li>Mesh and synthetic upper improves breathability and durability.</li><li>TPU heel clip adds rearfoot stability.</li><li>Rubber outsole delivers durable traction for everyday wear.</li></ul>",Nike,Apparel & Accessories > Shoes,Lifestyle Sneakers,"footlocker-expansion-batch-2026-09, footlocker-source, new-arrivals, nike, style:43345103, kids, everyday",TRUE,Active,43345103-3-5,192499864758,Color,White/White/Metallic Silver,,Size,3.5,,,,,132.00,,,TRUE,,shopify,8,DENY,300,g,TRUE,manual,https://assets.footlocker.com/is/image/FLDM/43345103_01?wid=1600&hei=1600&fmt=png-alpha,1,Nike Air Max 270 - Boys' Grade School Sneakers - White/White/Metallic Silver - primary view,https://assets.footlocker.com/is/image/FLDM/43345103_01?wid=1600&hei=1600&fmt=png-alpha,FALSE,Nike Air Max 270 - Boys' Grade School Sneakers - White/White/Metallic Silver,Shop Nike Air Max 270 - Boys' Grade School Sneakers - White/White/Metallic Silver at Sneaker Head.,All White,Boys' Grade School,43345103,https://www.footlocker.com/product/nike-air-max-270-boys-grade-school/43345103.html
,nike-air-max-270-boys-grade-school-white-white-metallic-silver-43345103,,,,,,,,43345103-4,192499864765,Color,White/White/Metallic Silver,,Size,4,,,,,132.00,,,TRUE,,shopify,8,DENY,300,g,TRUE,manual,,,,https://assets.footlocker.com/is/image/FLDM/43345103_01?wid=1600&hei=1600&fmt=png-alpha,FALSE,,,,,,
,nike-air-max-270-boys-grade-school-white-white-metallic-silver-43345103,,,,,,,,43345103-4-5,192499864772,Color,White/White/Metallic Silver,,Size,4.5,,,,,132.00,,,TRUE,,shopify,8,DENY,300,g,TRUE,manual,,,,https://assets.footlocker.com/is/image/FLDM/43345103_01?wid=1600&hei=1600&fmt=png-alpha,FALSE,,,,,,
,nike-air-max-270-boys-grade-school-white-white-metallic-silver-43345103,,,,,,,,43345103-5,192499864789,Color,White/White/Metallic Silver,,Size,5,,,,,132.00,,,TRUE,,shopify,8,DENY,300,g,TRUE,manual,,,,https://assets.footlocker.com/is/image/FLDM/43345103_01?wid=1600&hei=1600&fmt=png-alpha,FALSE,,,,,,
,nike-air-max-270-boys-grade-school-white-white-metallic-silver-43345103,,,,,,,,43345103-5-5,192499864796,Color,White/White/Metallic Silver,,Size,5.5,,,,,132.00,,,TRUE,,shopify,8,DENY,300,g,TRUE,manual,,,,https://assets.footlocker.com/is/image/FLDM/43345103_01?wid=1600&hei=1600&fmt=png-alpha,FALSE,,,,,,
,nike-air-max-270-boys-grade-school-white-white-metallic-silver-43345103,,,,,,,,43345103-6,192499864802,Color,White/White/Metallic Silver,,Size,6,,,,,132.00,,,TRUE,,shopify,8,DENY,300,g,TRUE,manual,,,,https://assets.footlocker.com/is/image/FLDM/43345103_01?wid=1600&hei=1600&fmt=png-alpha,FALSE,,,,,,
,nike-air-max-270-boys-grade-school-white-white-metallic-silver-43345103,,,,,,,,43345103-6-5,192499864819,Color,White/White/Metallic Silver,,Size,6.5,,,,,132.00,,,TRUE,,shopify,8,DENY,300,g,TRUE,manual,,,,https://assets.footlocker.com/is/image/FLDM/43345103_01?wid=1600&hei=1600&fmt=png-alpha,FALSE,,,,,,
,nike-air-max-270-boys-grade-school-white-white-metallic-silver-43345103,,,,,,,,43345103-7,192499864826,Color,White/White/Metallic Silver,,Size,7,,,,,132.00,,,TRUE,,shopify,8,DENY,300,g,TRUE,manual,,,,https://assets.footlocker.com/is/image/FLDM/43345103_01?wid=1600&hei=1600&fmt=png-alpha,FALSE,,,,,,
,nike-air-max-270-boys-grade-school-white-white-metallic-silver-43345103,,,,,,,,,,,,,,,,,,,,,,,,,,,,,,,https://assets.footlocker.com/is/image/FLDM/43345103_02?wid=1600&hei=1600&fmt=png-alpha,2,Nike Air Max 270 - Boys' Grade School Sneakers - White/White/Metallic Silver - view 2,,,,,,,,
,nike-air-max-270-boys-grade-school-white-white-metallic-silver-43345103,,,,,,,,,,,,,,,,,,,,,,,,,,,,,,,https://assets.footlocker.com/is/image/FLDM/43345103_03?wid=1600&hei=1600&fmt=png-alpha,3,Nike Air Max 270 - Boys' Grade School Sneakers - White/White/Metallic Silver - view 3,,,,,,,,
,nike-air-max-270-boys-grade-school-white-white-metallic-silver-43345103,,,,,,,,,,,,,,,,,,,,,,,,,,,,,,,https://assets.footlocker.com/is/image/FLDM/43345103_04?wid=1600&hei=1600&fmt=png-alpha,4,Nike Air Max 270 - Boys' Grade School Sneakers - White/White/Metallic Silver - view 4,,,,,,,,
,nike-air-max-270-boys-grade-school-white-white-metallic-silver-43345103,,,,,,,,,,,,,,,,,,,,,,,,,,,,,,,https://assets.footlocker.com/is/image/FLDM/43345103_05?wid=1600&hei=1600&fmt=png-alpha,5,Nike Air Max 270 - Boys' Grade School Sneakers - White/White/Metallic Silver - view 5,,,,,,,,
Nike Air Zoom Pegasus 41 Women's Running Shoes - Black/Black,nike-air-zoom-pegasus-41-women-black-black-d2723001,"<p>Faithful, reliable, and revolutionary, the Nike Air Zoom Pegasus 41 is unlike any other Peg that has ever been made before. Built with the same internal materials and padding as its predecessor, these running silhouettes are here to push the running world forward while still putting your wants and needs on top of the priority list. The two Zoom Air units combined with the Nike ReactX foam promise you a bouncy, springy sensation and an energised feel at toe-off. Interesting fact: the Nike ReactX foam is engineered to reduce carbon footprints by at least 43%, so you can take a stride towards a sustainable future. Whether you're logging long marathon miles or squeezing in a speed session before the sun goes down, you can put your faith in the Nike Air Zoom Pegasus 41—day after day, run after run.</p> <p><strong>Nike Air Zoom Pegasus 41 features:</strong></p> <ul> <li>Engineered mesh upper feels lightweight and breathable.</li> <li>Broadened forefoot and heel width leave space for the springy Zoom Air engine to deliver a cushioned ride.</li> <li>Implemented midfoot band offers a more secure but forgiving sensation.</li> <li>Midfoot strap provides a moulded fit that is shaped for all-sized arches.</li> </ul><hr /><p>Built for everything from easy miles to busy days on your feet, this pair delivers the light, cushioned ride runners love without feeling overly soft. The Nike Air Zoom Pegasus 41 updates the trusted Peg formula with a breathable engineered mesh upper, dual Zoom Air units, and responsive ReactX foam for smooth comfort on runs, walks, and everyday wear.</p><ul><li>Engineered mesh upper for lightweight breathability.</li><li>Dual Zoom Air units help add springy responsiveness.</li><li>ReactX foam provides soft, energized cushioning.</li><li>Broadened forefoot and heel create a stable platform.</li><li>Midfoot band and strap help secure the fit.</li></ul>  <p><strong>Size &amp; Fit Guidance</strong></p> <p>Most reviewers say the fit feels true to size and secure. For the best fit, we recommend starting with your usual size, or going up half a size if you prefer extra toe room, wear thicker socks, or want a little more space through the forefoot. Runners with narrow feet often like the locked-in feel.</p>  <p><strong>Best For</strong></p> <p>Best for everyday training, treadmill sessions, walking, and all-day wear when you want one shoe that feels light, cushioned, and dependable.</p>  <p><strong>Cushioning &amp; Road Feel</strong></p> <p>Reviewers consistently describe the ride as lightweight, bouncy, and supportive, with enough cushioning for distance without losing control of the road. It lands in a balanced sweet spot for runners who want shock absorption and smooth turnover instead of an overly high, ultra-soft feel.</p>  <p><strong>Break-In &amp; Durability</strong></p> <p>Most reviewers found them comfortable from the first wear, with little to no break-in needed. Over time, the upper and cushioning continue to feel supportive for regular runs, walking routines, and repeated miles.</p>",Nike,Apparel & Accessories > Shoes,Running Shoes,"footlocker-expansion-batch-2026-09, footlocker-source, new-arrivals, nike, style:D2723001, women, Running, running, sale",TRUE,Active,D2723001-6,197593760883,Color,Black/Black,,Size,6,,,,,72.49,145.00,,TRUE,,shopify,8,DENY,300,g,TRUE,manual,https://assets.footlocker.com/is/image/FLDM/D2723001_01?wid=1600&hei=1600&fmt=png-alpha,1,Nike Air Zoom Pegasus 41 Women's Running Shoes - Black/Black - primary view,https://assets.footlocker.com/is/image/FLDM/D2723001_01?wid=1600&hei=1600&fmt=png-alpha,FALSE,Nike Air Zoom Pegasus 41 Women's Running Shoes - Black/Black,Shop Nike Air Zoom Pegasus 41 Women's Running Shoes - Black/Black at Sneaker Head.,Black,Women's,D2723001,https://www.footlocker.com/product/nike-air-zoom-pegasus-41-womens/D2723001.html
,nike-air-zoom-pegasus-41-women-black-black-d2723001,,,,,,,,D2723001-6-5,197593759399,Color,Black/Black,,Size,6.5,,,,,72.49,145.00,,TRUE,,shopify,8,DENY,300,g,TRUE,manual,,,,https://assets.footlocker.com/is/image/FLDM/D2723001_01?wid=1600&hei=1600&fmt=png-alpha,FALSE,,,,,,
,nike-air-zoom-pegasus-41-women-black-black-d2723001,,,,,,,,D2723001-8,197593766823,Color,Black/Black,,Size,8,,,,,72.49,145.00,,TRUE,,shopify,8,DENY,300,g,TRUE,manual,,,,https://assets.footlocker.com/is/image/FLDM/D2723001_01?wid=1600&hei=1600&fmt=png-alpha,FALSE,,,,,,
,nike-air-zoom-pegasus-41-women-black-black-d2723001,,,,,,,,,,,,,,,,,,,,,,,,,,,,,,,https://assets.footlocker.com/is/image/FLDM/D2723001_a1?wid=1600&hei=1600&fmt=png-alpha,2,Nike Air Zoom Pegasus 41 Women's Running Shoes - Black/Black - view 2,,,,,,,,
,nike-air-zoom-pegasus-41-women-black-black-d2723001,,,,,,,,,,,,,,,,,,,,,,,,,,,,,,,https://assets.footlocker.com/is/image/FLDM/D2723001_a2?wid=1600&hei=1600&fmt=png-alpha,3,Nike Air Zoom Pegasus 41 Women's Running Shoes - Black/Black - view 3,,,,,,,,
,nike-air-zoom-pegasus-41-women-black-black-d2723001,,,,,,,,,,,,,,,,,,,,,,,,,,,,,,,https://assets.footlocker.com/is/image/FLDM/D2723001_a3?wid=1600&hei=1600&fmt=png-alpha,4,Nike Air Zoom Pegasus 41 Women's Running Shoes - Black/Black - view 4,,,,,,,,
,nike-air-zoom-pegasus-41-women-black-black-d2723001,,,,,,,,,,,,,,,,,,,,,,,,,,,,,,,https://assets.footlocker.com/is/image/FLDM/D2723001_a4?wid=1600&hei=1600&fmt=png-alpha,5,Nike Air Zoom Pegasus 41 Women's Running Shoes - Black/Black - view 5,,,,,,,,
Nike Air Zoom Pegasus 41 Women's Running Shoes - Black/White,nike-air-zoom-pegasus-41-women-black-white-d2723002,"<p>Faithful, reliable, and revolutionary, the Nike Air Zoom Pegasus 41 is unlike any other Peg that has ever been made before. Built with the same internal materials and padding as its predecessor, these running silhouettes are here to push the running world forward while still putting your wants and needs on top of the priority list. The two Zoom Air units combined with the Nike ReactX foam promise you a bouncy, springy sensation and an energised feel at toe-off. Interesting fact: the Nike ReactX foam is engineered to reduce carbon footprints by at least 43%, so you can take a stride towards a sustainable future. Whether you're logging long marathon miles or squeezing in a speed session before the sun goes down, you can put your faith in the Nike Air Zoom Pegasus 41—day after day, run after run.</p> <p><strong>Nike Air Zoom Pegasus 41 features:</strong></p> <ul> <li>Engineered mesh upper feels lightweight and breathable.</li> <li>Broadened forefoot and heel width leave space for the springy Zoom Air engine to deliver a cushioned ride.</li> <li>Implemented midfoot band offers a more secure but forgiving sensation.</li> <li>Midfoot strap provides a moulded fit that is shaped for all-sized arches.</li> </ul><hr /><p>Built for everything from easy miles to busy days on your feet, this pair delivers the light, cushioned ride runners love without feeling overly soft. The Nike Air Zoom Pegasus 41 updates the trusted Peg formula with a breathable engineered mesh upper, dual Zoom Air units, and responsive ReactX foam for smooth comfort on runs, walks, and everyday wear.</p><ul><li>Engineered mesh upper for lightweight breathability.</li><li>Dual Zoom Air units help add springy responsiveness.</li><li>ReactX foam provides soft, energized cushioning.</li><li>Broadened forefoot and heel create a stable platform.</li><li>Midfoot band and strap help secure the fit.</li></ul>  <p><strong>Size &amp; Fit Guidance</strong></p> <p>Most reviewers say the fit feels true to size and secure. For the best fit, we recommend starting with your usual size, or going up half a size if you prefer extra toe room, wear thicker socks, or want a little more space through the forefoot. Runners with narrow feet often like the locked-in feel.</p>  <p><strong>Best For</strong></p> <p>Best for everyday training, treadmill sessions, walking, and all-day wear when you want one shoe that feels light, cushioned, and dependable.</p>  <p><strong>Cushioning &amp; Road Feel</strong></p> <p>Reviewers consistently describe the ride as lightweight, bouncy, and supportive, with enough cushioning for distance without losing control of the road. It lands in a balanced sweet spot for runners who want shock absorption and smooth turnover instead of an overly high, ultra-soft feel.</p>  <p><strong>Break-In &amp; Durability</strong></p> <p>Most reviewers found them comfortable from the first wear, with little to no break-in needed. Over time, the upper and cushioning continue to feel supportive for regular runs, walking routines, and repeated miles.</p>",Nike,Apparel & Accessories > Shoes,Running Shoes,"footlocker-expansion-batch-2026-09, footlocker-source, new-arrivals, nike, style:D2723002, women, Running, running, sale",TRUE,Active,D2723002-5-5,197593767998,Color,Black/White,,Size,5.5,,,,,109.99,145.00,,TRUE,,shopify,8,DENY,300,g,TRUE,manual,https://assets.footlocker.com/is/image/FLDM/D2723002_01?wid=1600&hei=1600&fmt=png-alpha,1,Nike Air Zoom Pegasus 41 Women's Running Shoes - Black/White - primary view,https://assets.footlocker.com/is/image/FLDM/D2723002_01?wid=1600&hei=1600&fmt=png-alpha,FALSE,Nike Air Zoom Pegasus 41 Women's Running Shoes - Black/White,Shop Nike Air Zoom Pegasus 41 Women's Running Shoes - Black/White at Sneaker Head.,Black,Women's,D2723002,https://www.footlocker.com/product/nike-air-zoom-pegasus-41-womens/D2723002.html
,nike-air-zoom-pegasus-41-women-black-white-d2723002,,,,,,,,D2723002-6,197593759085,Color,Black/White,,Size,6,,,,,109.99,145.00,,TRUE,,shopify,8,DENY,300,g,TRUE,manual,,,,https://assets.footlocker.com/is/image/FLDM/D2723002_01?wid=1600&hei=1600&fmt=png-alpha,FALSE,,,,,,
,nike-air-zoom-pegasus-41-women-black-white-d2723002,,,,,,,,D2723002-6-5,197593768452,Color,Black/White,,Size,6.5,,,,,109.99,145.00,,TRUE,,shopify,8,DENY,300,g,TRUE,manual,,,,https://assets.footlocker.com/is/image/FLDM/D2723002_01?wid=1600&hei=1600&fmt=png-alpha,FALSE,,,,,,
,nike-air-zoom-pegasus-41-women-black-white-d2723002,,,,,,,,D2723002-7,197593767790,Color,Black/White,,Size,7,,,,,109.99,145.00,,TRUE,,shopify,8,DENY,300,g,TRUE,manual,,,,https://assets.footlocker.com/is/image/FLDM/D2723002_01?wid=1600&hei=1600&fmt=png-alpha,FALSE,,,,,,
,nike-air-zoom-pegasus-41-women-black-white-d2723002,,,,,,,,D2723002-7-5,197593761491,Color,Black/White,,Size,7.5,,,,,109.99,145.00,,TRUE,,shopify,8,DENY,300,g,TRUE,manual,,,,https://assets.footlocker.com/is/image/FLDM/D2723002_01?wid=1600&hei=1600&fmt=png-alpha,FALSE,,,,,,
,nike-air-zoom-pegasus-41-women-black-white-d2723002,,,,,,,,D2723002-8,197593765284,Color,Black/White,,Size,8,,,,,109.99,145.00,,TRUE,,shopify,8,DENY,300,g,TRUE,manual,,,,https://assets.footlocker.com/is/image/FLDM/D2723002_01?wid=1600&hei=1600&fmt=png-alpha,FALSE,,,,,,
,nike-air-zoom-pegasus-41-women-black-white-d2723002,,,,,,,,D2723002-8-5,197593759795,Color,Black/White,,Size,8.5,,,,,109.99,145.00,,TRUE,,shopify,8,DENY,300,g,TRUE,manual,,,,https://assets.footlocker.com/is/image/FLDM/D2723002_01?wid=1600&hei=1600&fmt=png-alpha,FALSE,,,,,,
,nike-air-zoom-pegasus-41-women-black-white-d2723002,,,,,,,,D2723002-9,197593763570,Color,Black/White,,Size,9,,,,,109.99,145.00,,TRUE,,shopify,8,DENY,300,g,TRUE,manual,,,,https://assets.footlocker.com/is/image/FLDM/D2723002_01?wid=1600&hei=1600&fmt=png-alpha,FALSE,,,,,,
,nike-air-zoom-pegasus-41-women-black-white-d2723002,,,,,,,,D2723002-9-5,197593765475,Color,Black/White,,Size,9.5,,,,,109.99,145.00,,TRUE,,shopify,8,DENY,300,g,TRUE,manual,,,,https://assets.footlocker.com/is/image/FLDM/D2723002_01?wid=1600&hei=1600&fmt=png-alpha,FALSE,,,,,,
,nike-air-zoom-pegasus-41-women-black-white-d2723002,,,,,,,,D2723002-10,197593768445,Color,Black/White,,Size,10,,,,,109.99,145.00,,TRUE,,shopify,8,DENY,300,g,TRUE,manual,,,,https://assets.footlocker.com/is/image/FLDM/D2723002_01?wid=1600&hei=1600&fmt=png-alpha,FALSE,,,,,,
,nike-air-zoom-pegasus-41-women-black-white-d2723002,,,,,,,,,,,,,,,,,,,,,,,,,,,,,,,https://assets.footlocker.com/is/image/FLDM/D2723002_02?wid=1600&hei=1600&fmt=png-alpha,2,Nike Air Zoom Pegasus 41 Women's Running Shoes - Black/White - view 2,,,,,,,,
,nike-air-zoom-pegasus-41-women-black-white-d2723002,,,,,,,,,,,,,,,,,,,,,,,,,,,,,,,https://assets.footlocker.com/is/image/FLDM/D2723002_03?wid=1600&hei=1600&fmt=png-alpha,3,Nike Air Zoom Pegasus 41 Women's Running Shoes - Black/White - view 3,,,,,,,,
,nike-air-zoom-pegasus-41-women-black-white-d2723002,,,,,,,,,,,,,,,,,,,,,,,,,,,,,,,https://assets.footlocker.com/is/image/FLDM/D2723002_04?wid=1600&hei=1600&fmt=png-alpha,4,Nike Air Zoom Pegasus 41 Women's Running Shoes - Black/White - view 4,,,,,,,,
,nike-air-zoom-pegasus-41-women-black-white-d2723002,,,,,,,,,,,,,,,,,,,,,,,,,,,,,,,https://assets.footlocker.com/is/image/FLDM/D2723002_05?wid=1600&hei=1600&fmt=png-alpha,5,Nike Air Zoom Pegasus 41 Women's Running Shoes - Black/White - view 5,,,,,,,,
Nike Air Zoom Pegasus 41 Women's Running Shoes - Playful Pink/Off Noir,nike-air-zoom-pegasus-41-women-playful-pink-off-noir-d2723605,"<p>Faithful, reliable, and revolutionary, the Nike Air Zoom Pegasus 41 is unlike any other Peg that has ever been made before. Built with the same internal materials and padding as its predecessor, these running silhouettes are here to push the running world forward while still putting your wants and needs on top of the priority list. The two Zoom Air units combined with the Nike ReactX foam promise you a bouncy, springy sensation and an energised feel at toe-off. Interesting fact: the Nike ReactX foam is engineered to reduce carbon footprints by at least 43%, so you can take a stride towards a sustainable future. Whether you're logging long marathon miles or squeezing in a speed session before the sun goes down, you can put your faith in the Nike Air Zoom Pegasus 41—day after day, run after run.</p> <p><strong>Nike Air Zoom Pegasus 41 features:</strong></p> <ul> <li>Engineered mesh upper feels lightweight and breathable.</li> <li>Broadened forefoot and heel width leave space for the springy Zoom Air engine to deliver a cushioned ride.</li> <li>Implemented midfoot band offers a more secure but forgiving sensation.</li> <li>Midfoot strap provides a moulded fit that is shaped for all-sized arches.</li> </ul><hr /><p>Built for everything from easy miles to busy days on your feet, this pair delivers the light, cushioned ride runners love without feeling overly soft. The Nike Air Zoom Pegasus 41 updates the trusted Peg formula with a breathable engineered mesh upper, dual Zoom Air units, and responsive ReactX foam for smooth comfort on runs, walks, and everyday wear.</p><ul><li>Engineered mesh upper for lightweight breathability.</li><li>Dual Zoom Air units help add springy responsiveness.</li><li>ReactX foam provides soft, energized cushioning.</li><li>Broadened forefoot and heel create a stable platform.</li><li>Midfoot band and strap help secure the fit.</li></ul>  <p><strong>Size &amp; Fit Guidance</strong></p> <p>Most reviewers say the fit feels true to size and secure. For the best fit, we recommend starting with your usual size, or going up half a size if you prefer extra toe room, wear thicker socks, or want a little more space through the forefoot. Runners with narrow feet often like the locked-in feel.</p>  <p><strong>Best For</strong></p> <p>Best for everyday training, treadmill sessions, walking, and all-day wear when you want one shoe that feels light, cushioned, and dependable.</p>  <p><strong>Cushioning &amp; Road Feel</strong></p> <p>Reviewers consistently describe the ride as lightweight, bouncy, and supportive, with enough cushioning for distance without losing control of the road. It lands in a balanced sweet spot for runners who want shock absorption and smooth turnover instead of an overly high, ultra-soft feel.</p>  <p><strong>Break-In &amp; Durability</strong></p> <p>Most reviewers found them comfortable from the first wear, with little to no break-in needed. Over time, the upper and cushioning continue to feel supportive for regular runs, walking routines, and repeated miles.</p>",Nike,Apparel & Accessories > Shoes,Running Shoes,"footlocker-expansion-batch-2026-09, footlocker-source, new-arrivals, nike, style:D2723605, women, Running, running, sale",TRUE,Active,D2723605-6-5,198481417612,Color,Playful Pink/Off Noir,,Size,6.5,,,,,72.49,145.00,,TRUE,,shopify,8,DENY,300,g,TRUE,manual,https://assets.footlocker.com/is/image/FLDM/D2723605_01?wid=1600&hei=1600&fmt=png-alpha,1,Nike Air Zoom Pegasus 41 Women's Running Shoes - Playful Pink/Off Noir - primary view,https://assets.footlocker.com/is/image/FLDM/D2723605_01?wid=1600&hei=1600&fmt=png-alpha,FALSE,Nike Air Zoom Pegasus 41 Women's Running Shoes - Playful Pink/Off Noir,Shop Nike Air Zoom Pegasus 41 Women's Running Shoes - Playful Pink/Off Noir at Sneaker Head.,Pink,Women's,D2723605,https://www.footlocker.com/product/nike-air-zoom-pegasus-41-womens/D2723605.html
,nike-air-zoom-pegasus-41-women-playful-pink-off-noir-d2723605,,,,,,,,,,,,,,,,,,,,,,,,,,,,,,,https://assets.footlocker.com/is/image/FLDM/D2723605_03?wid=1600&hei=1600&fmt=png-alpha,2,Nike Air Zoom Pegasus 41 Women's Running Shoes - Playful Pink/Off Noir - view 2,,,,,,,,
,nike-air-zoom-pegasus-41-women-playful-pink-off-noir-d2723605,,,,,,,,,,,,,,,,,,,,,,,,,,,,,,,https://assets.footlocker.com/is/image/FLDM/D2723605_04?wid=1600&hei=1600&fmt=png-alpha,3,Nike Air Zoom Pegasus 41 Women's Running Shoes - Playful Pink/Off Noir - view 3,,,,,,,,
,nike-air-zoom-pegasus-41-women-playful-pink-off-noir-d2723605,,,,,,,,,,,,,,,,,,,,,,,,,,,,,,,https://assets.footlocker.com/is/image/FLDM/D2723605_05?wid=1600&hei=1600&fmt=png-alpha,4,Nike Air Zoom Pegasus 41 Women's Running Shoes - Playful Pink/Off Noir - view 4,,,,,,,,
,nike-air-zoom-pegasus-41-women-playful-pink-off-noir-d2723605,,,,,,,,,,,,,,,,,,,,,,,,,,,,,,,https://assets.footlocker.com/is/image/FLDM/D2723605_06?wid=1600&hei=1600&fmt=png-alpha,5,Nike Air Zoom Pegasus 41 Women's Running Shoes - Playful Pink/Off Noir - view 5,,,,,,,,
Nike Air Zoom Pegasus 41 Women's Running Shoes - Purple Dynasty/Brt Violet/Violet Mist,nike-air-zoom-pegasus-41-women-purple-dynasty-brt-violet-violet-mist-d2723503,"<p>Faithful, reliable, and revolutionary, the Nike Air Zoom Pegasus 41 is unlike any other Peg that has ever been made before. Built with the same internal materials and padding as its predecessor, these running silhouettes are here to push the running world forward while still putting your wants and needs on top of the priority list. The two Zoom Air units combined with the Nike ReactX foam promise you a bouncy, springy sensation and an energised feel at toe-off. Interesting fact: the Nike ReactX foam is engineered to reduce carbon footprints by at least 43%, so you can take a stride towards a sustainable future. Whether you're logging long marathon miles or squeezing in a speed session before the sun goes down, you can put your faith in the Nike Air Zoom Pegasus 41—day after day, run after run.</p> <p><strong>Nike Air Zoom Pegasus 41 features:</strong></p> <ul> <li>Engineered mesh upper feels lightweight and breathable.</li> <li>Broadened forefoot and heel width leave space for the springy Zoom Air engine to deliver a cushioned ride.</li> <li>Implemented midfoot band offers a more secure but forgiving sensation.</li> <li>Midfoot strap provides a moulded fit that is shaped for all-sized arches.</li> </ul><hr /><p>Built for everything from easy miles to busy days on your feet, this pair delivers the light, cushioned ride runners love without feeling overly soft. The Nike Air Zoom Pegasus 41 updates the trusted Peg formula with a breathable engineered mesh upper, dual Zoom Air units, and responsive ReactX foam for smooth comfort on runs, walks, and everyday wear.</p><ul><li>Engineered mesh upper for lightweight breathability.</li><li>Dual Zoom Air units help add springy responsiveness.</li><li>ReactX foam provides soft, energized cushioning.</li><li>Broadened forefoot and heel create a stable platform.</li><li>Midfoot band and strap help secure the fit.</li></ul>  <p><strong>Size &amp; Fit Guidance</strong></p> <p>Most reviewers say the fit feels true to size and secure. For the best fit, we recommend starting with your usual size, or going up half a size if you prefer extra toe room, wear thicker socks, or want a little more space through the forefoot. Runners with narrow feet often like the locked-in feel.</p>  <p><strong>Best For</strong></p> <p>Best for everyday training, treadmill sessions, walking, and all-day wear when you want one shoe that feels light, cushioned, and dependable.</p>  <p><strong>Cushioning &amp; Road Feel</strong></p> <p>Reviewers consistently describe the ride as lightweight, bouncy, and supportive, with enough cushioning for distance without losing control of the road. It lands in a balanced sweet spot for runners who want shock absorption and smooth turnover instead of an overly high, ultra-soft feel.</p>  <p><strong>Break-In &amp; Durability</strong></p> <p>Most reviewers found them comfortable from the first wear, with little to no break-in needed. Over time, the upper and cushioning continue to feel supportive for regular runs, walking routines, and repeated miles.</p>",Nike,Apparel & Accessories > Shoes,Running Shoes,"footlocker-expansion-batch-2026-09, footlocker-source, new-arrivals, nike, style:D2723503, women, Running, running",TRUE,Active,D2723503-9,198726364534,Color,Purple Dynasty/Brt Violet/Violet Mist,,Size,9,,,,,145.00,,,TRUE,,shopify,8,DENY,300,g,TRUE,manual,https://assets.footlocker.com/is/image/FLDM/D2723503_01?wid=1600&hei=1600&fmt=png-alpha,1,Nike Air Zoom Pegasus 41 Women's Running Shoes - Purple Dynasty/Brt Violet/Violet Mist - primary view,https://assets.footlocker.com/is/image/FLDM/D2723503_01?wid=1600&hei=1600&fmt=png-alpha,FALSE,Nike Air Zoom Pegasus 41 Women's Running Shoes - Purple Dynasty/Brt Violet/Violet Mist,Shop Nike Air Zoom Pegasus 41 Women's Running Shoes - Purple Dynasty/Brt Violet/Violet Mist at Sneaker Head.,Purple,Women's,D2723503,https://www.footlocker.com/product/nike-air-zoom-pegasus-41-womens/D2723503.html
,nike-air-zoom-pegasus-41-women-purple-dynasty-brt-violet-violet-mist-d2723503,,,,,,,,,,,,,,,,,,,,,,,,,,,,,,,https://assets.footlocker.com/is/image/FLDM/D2723503_03?wid=1600&hei=1600&fmt=png-alpha,2,Nike Air Zoom Pegasus 41 Women's Running Shoes - Purple Dynasty/Brt Violet/Violet Mist - view 2,,,,,,,,
,nike-air-zoom-pegasus-41-women-purple-dynasty-brt-violet-violet-mist-d2723503,,,,,,,,,,,,,,,,,,,,,,,,,,,,,,,https://assets.footlocker.com/is/image/FLDM/D2723503_04?wid=1600&hei=1600&fmt=png-alpha,3,Nike Air Zoom Pegasus 41 Women's Running Shoes - Purple Dynasty/Brt Violet/Violet Mist - view 3,,,,,,,,
,nike-air-zoom-pegasus-41-women-purple-dynasty-brt-violet-violet-mist-d2723503,,,,,,,,,,,,,,,,,,,,,,,,,,,,,,,https://assets.footlocker.com/is/image/FLDM/D2723503_05?wid=1600&hei=1600&fmt=png-alpha,4,Nike Air Zoom Pegasus 41 Women's Running Shoes - Purple Dynasty/Brt Violet/Violet Mist - view 4,,,,,,,,
,nike-air-zoom-pegasus-41-women-purple-dynasty-brt-violet-violet-mist-d2723503,,,,,,,,,,,,,,,,,,,,,,,,,,,,,,,https://assets.footlocker.com/is/image/FLDM/D2723503_06?wid=1600&hei=1600&fmt=png-alpha,5,Nike Air Zoom Pegasus 41 Women's Running Shoes - Purple Dynasty/Brt Violet/Violet Mist - view 5,,,,,,,,
Nike Free Metcon 6 Men's Training Shoes - Astronomy Blue/Black/Hyper Crimson,nike-free-metcon-6-men-astronomy-blue-black-hyper-crimson-f7127401,"<p>Get your beast mode on! Hustle for muscles with the Nike Free Metcon 6. Designed to keep you pushing through the challenging HIIT workouts, these silhouettes feature laser-siped foam in the forefoot and midsole to keep your feet cushioned and comfortable on the treadmill or during weight training. The rounded big-toe of the forefoot ensures optimum agility and quickness, while the inner sleeve improves ankle support and provides a seamless fit. Featuring a laser-siped outsole with multi-surface traction pattern, these trainers provide ultimate flexibility and grip during jumps, planks, and burpees. Excel in every rep with the Nike Free Metcon 6.</p> <p><strong>Nike Free Metcon 6 features:</strong></p> <ul> <li>Upper made of breathable, supportive engineered mesh with built-in stretch offers a cool, dry, and snug fit.</li> <li>Flywire cables provide a dynamic fit.</li> <li>Extra foam in the reinforced heel elevates comfort. </li> </ul>",Nike,Apparel & Accessories > Shoes,Training Shoes,"footlocker-expansion-batch-2026-09, footlocker-source, new-arrivals, nike, style:F7127401, men, training",TRUE,Active,F7127401-7,197599064954,Color,Astronomy Blue/Black/Hyper Crimson,,Size,7,,,,,120.00,,,TRUE,,shopify,8,DENY,300,g,TRUE,manual,https://assets.footlocker.com/is/image/FLDM/F7127401_01?wid=1600&hei=1600&fmt=png-alpha,1,Nike Free Metcon 6 Men's Training Shoes - Astronomy Blue/Black/Hyper Crimson - primary view,https://assets.footlocker.com/is/image/FLDM/F7127401_01?wid=1600&hei=1600&fmt=png-alpha,FALSE,Nike Free Metcon 6 Men's Training Shoes - Astronomy Blue/Black/Hyper Crimson,Shop Nike Free Metcon 6 Men's Training Shoes - Astronomy Blue/Black/Hyper Crimson at Sneaker Head.,Blue,Men's,F7127401,https://www.footlocker.com/product/nike-free-metcon-6-mens/F7127401.html
,nike-free-metcon-6-men-astronomy-blue-black-hyper-crimson-f7127401,,,,,,,,F7127401-7-5,197596422047,Color,Astronomy Blue/Black/Hyper Crimson,,Size,7.5,,,,,120.00,,,TRUE,,shopify,8,DENY,300,g,TRUE,manual,,,,https://assets.footlocker.com/is/image/FLDM/F7127401_01?wid=1600&hei=1600&fmt=png-alpha,FALSE,,,,,,
,nike-free-metcon-6-men-astronomy-blue-black-hyper-crimson-f7127401,,,,,,,,F7127401-8,197596647679,Color,Astronomy Blue/Black/Hyper Crimson,,Size,8,,,,,120.00,,,TRUE,,shopify,8,DENY,300,g,TRUE,manual,,,,https://assets.footlocker.com/is/image/FLDM/F7127401_01?wid=1600&hei=1600&fmt=png-alpha,FALSE,,,,,,
,nike-free-metcon-6-men-astronomy-blue-black-hyper-crimson-f7127401,,,,,,,,F7127401-8-5,197596830668,Color,Astronomy Blue/Black/Hyper Crimson,,Size,8.5,,,,,120.00,,,TRUE,,shopify,8,DENY,300,g,TRUE,manual,,,,https://assets.footlocker.com/is/image/FLDM/F7127401_01?wid=1600&hei=1600&fmt=png-alpha,FALSE,,,,,,
,nike-free-metcon-6-men-astronomy-blue-black-hyper-crimson-f7127401,,,,,,,,F7127401-9,197596821093,Color,Astronomy Blue/Black/Hyper Crimson,,Size,9,,,,,120.00,,,TRUE,,shopify,8,DENY,300,g,TRUE,manual,,,,https://assets.footlocker.com/is/image/FLDM/F7127401_01?wid=1600&hei=1600&fmt=png-alpha,FALSE,,,,,,
,nike-free-metcon-6-men-astronomy-blue-black-hyper-crimson-f7127401,,,,,,,,F7127401-9-5,197596221169,Color,Astronomy Blue/Black/Hyper Crimson,,Size,9.5,,,,,120.00,,,TRUE,,shopify,8,DENY,300,g,TRUE,manual,,,,https://assets.footlocker.com/is/image/FLDM/F7127401_01?wid=1600&hei=1600&fmt=png-alpha,FALSE,,,,,,
,nike-free-metcon-6-men-astronomy-blue-black-hyper-crimson-f7127401,,,,,,,,F7127401-10,197596602418,Color,Astronomy Blue/Black/Hyper Crimson,,Size,10,,,,,120.00,,,TRUE,,shopify,8,DENY,300,g,TRUE,manual,,,,https://assets.footlocker.com/is/image/FLDM/F7127401_01?wid=1600&hei=1600&fmt=png-alpha,FALSE,,,,,,
,nike-free-metcon-6-men-astronomy-blue-black-hyper-crimson-f7127401,,,,,,,,F7127401-10-5,197596224030,Color,Astronomy Blue/Black/Hyper Crimson,,Size,10.5,,,,,120.00,,,TRUE,,shopify,8,DENY,300,g,TRUE,manual,,,,https://assets.footlocker.com/is/image/FLDM/F7127401_01?wid=1600&hei=1600&fmt=png-alpha,FALSE,,,,,,
,nike-free-metcon-6-men-astronomy-blue-black-hyper-crimson-f7127401,,,,,,,,F7127401-11,197596116540,Color,Astronomy Blue/Black/Hyper Crimson,,Size,11,,,,,120.00,,,TRUE,,shopify,8,DENY,300,g,TRUE,manual,,,,https://assets.footlocker.com/is/image/FLDM/F7127401_01?wid=1600&hei=1600&fmt=png-alpha,FALSE,,,,,,
,nike-free-metcon-6-men-astronomy-blue-black-hyper-crimson-f7127401,,,,,,,,F7127401-11-5,197599217602,Color,Astronomy Blue/Black/Hyper Crimson,,Size,11.5,,,,,120.00,,,TRUE,,shopify,8,DENY,300,g,TRUE,manual,,,,https://assets.footlocker.com/is/image/FLDM/F7127401_01?wid=1600&hei=1600&fmt=png-alpha,FALSE,,,,,,
,nike-free-metcon-6-men-astronomy-blue-black-hyper-crimson-f7127401,,,,,,,,F7127401-12,197598570159,Color,Astronomy Blue/Black/Hyper Crimson,,Size,12,,,,,120.00,,,TRUE,,shopify,8,DENY,300,g,TRUE,manual,,,,https://assets.footlocker.com/is/image/FLDM/F7127401_01?wid=1600&hei=1600&fmt=png-alpha,FALSE,,,,,,
,nike-free-metcon-6-men-astronomy-blue-black-hyper-crimson-f7127401,,,,,,,,F7127401-13,197596954432,Color,Astronomy Blue/Black/Hyper Crimson,,Size,13,,,,,120.00,,,TRUE,,shopify,8,DENY,300,g,TRUE,manual,,,,https://assets.footlocker.com/is/image/FLDM/F7127401_01?wid=1600&hei=1600&fmt=png-alpha,FALSE,,,,,,
,nike-free-metcon-6-men-astronomy-blue-black-hyper-crimson-f7127401,,,,,,,,,,,,,,,,,,,,,,,,,,,,,,,https://assets.footlocker.com/is/image/FLDM/F7127401_02?wid=1600&hei=1600&fmt=png-alpha,2,Nike Free Metcon 6 Men's Training Shoes - Astronomy Blue/Black/Hyper Crimson - view 2,,,,,,,,
,nike-free-metcon-6-men-astronomy-blue-black-hyper-crimson-f7127401,,,,,,,,,,,,,,,,,,,,,,,,,,,,,,,https://assets.footlocker.com/is/image/FLDM/F7127401_03?wid=1600&hei=1600&fmt=png-alpha,3,Nike Free Metcon 6 Men's Training Shoes - Astronomy Blue/Black/Hyper Crimson - view 3,,,,,,,,
,nike-free-metcon-6-men-astronomy-blue-black-hyper-crimson-f7127401,,,,,,,,,,,,,,,,,,,,,,,,,,,,,,,https://assets.footlocker.com/is/image/FLDM/F7127401_04?wid=1600&hei=1600&fmt=png-alpha,4,Nike Free Metcon 6 Men's Training Shoes - Astronomy Blue/Black/Hyper Crimson - view 4,,,,,,,,
,nike-free-metcon-6-men-astronomy-blue-black-hyper-crimson-f7127401,,,,,,,,,,,,,,,,,,,,,,,,,,,,,,,https://assets.footlocker.com/is/image/FLDM/F7127401_05?wid=1600&hei=1600&fmt=png-alpha,5,Nike Free Metcon 6 Men's Training Shoes - Astronomy Blue/Black/Hyper Crimson - view 5,,,,,,,,
Nike Free Metcon 6 Men's Training Shoes - Cannon/Black/Lt Silver,nike-free-metcon-6-men-cannon-black-lt-silver-j7127007,"<p>Get your beast mode on! Hustle for muscles with the Nike Free Metcon 6. Designed to keep you pushing through the challenging HIIT workouts, these silhouettes feature laser-siped foam in the forefoot and midsole to keep your feet cushioned and comfortable on the treadmill or during weight training. The rounded big-toe of the forefoot ensures optimum agility and quickness, while the inner sleeve improves ankle support and provides a seamless fit. Featuring a laser-siped outsole with multi-surface traction pattern, these trainers provide ultimate flexibility and grip during jumps, planks, and burpees. Excel in every rep with the Nike Free Metcon 6.</p> <p><strong>Nike Free Metcon 6 features:</strong></p> <ul> <li>Upper made of breathable, supportive engineered mesh with built-in stretch offers a cool, dry, and snug fit.</li> <li>Flywire cables provide a dynamic fit.</li> <li>Extra foam in the reinforced heel elevates comfort. </li> </ul>",Nike,Apparel & Accessories > Shoes,Training Shoes,"footlocker-expansion-batch-2026-09, footlocker-source, new-arrivals, nike, style:J7127007, men, training",TRUE,Active,J7127007-9-5,198486855242,Color,Cannon/Black/Lt Silver,,Size,9.5,,,,,125.00,,,TRUE,,shopify,8,DENY,300,g,TRUE,manual,https://assets.footlocker.com/is/image/FLDM/J7127007_01?wid=1600&hei=1600&fmt=png-alpha,1,Nike Free Metcon 6 Men's Training Shoes - Cannon/Black/Lt Silver - primary view,https://assets.footlocker.com/is/image/FLDM/J7127007_01?wid=1600&hei=1600&fmt=png-alpha,FALSE,Nike Free Metcon 6 Men's Training Shoes - Cannon/Black/Lt Silver,Shop Nike Free Metcon 6 Men's Training Shoes - Cannon/Black/Lt Silver at Sneaker Head.,Blue,Men's,J7127007,https://www.footlocker.com/product/nike-free-metcon-6-mens/J7127007.html
,nike-free-metcon-6-men-cannon-black-lt-silver-j7127007,,,,,,,,,,,,,,,,,,,,,,,,,,,,,,,https://assets.footlocker.com/is/image/FLDM/J7127007_03?wid=1600&hei=1600&fmt=png-alpha,2,Nike Free Metcon 6 Men's Training Shoes - Cannon/Black/Lt Silver - view 2,,,,,,,,
,nike-free-metcon-6-men-cannon-black-lt-silver-j7127007,,,,,,,,,,,,,,,,,,,,,,,,,,,,,,,https://assets.footlocker.com/is/image/FLDM/J7127007_04?wid=1600&hei=1600&fmt=png-alpha,3,Nike Free Metcon 6 Men's Training Shoes - Cannon/Black/Lt Silver - view 3,,,,,,,,
,nike-free-metcon-6-men-cannon-black-lt-silver-j7127007,,,,,,,,,,,,,,,,,,,,,,,,,,,,,,,https://assets.footlocker.com/is/image/FLDM/J7127007_05?wid=1600&hei=1600&fmt=png-alpha,4,Nike Free Metcon 6 Men's Training Shoes - Cannon/Black/Lt Silver - view 4,,,,,,,,
,nike-free-metcon-6-men-cannon-black-lt-silver-j7127007,,,,,,,,,,,,,,,,,,,,,,,,,,,,,,,https://assets.footlocker.com/is/image/FLDM/J7127007_06?wid=1600&hei=1600&fmt=png-alpha,5,Nike Free Metcon 6 Men's Training Shoes - Cannon/Black/Lt Silver - view 5,,,,,,,,
Nike Free Metcon 6 Men's Training Shoes - White/Black/Green Strike,nike-free-metcon-6-men-white-black-green-strike-j7127107,"<p>Get your beast mode on! Hustle for muscles with the Nike Free Metcon 6. Designed to keep you pushing through the challenging HIIT workouts, these silhouettes feature laser-siped foam in the forefoot and midsole to keep your feet cushioned and comfortable on the treadmill or during weight training. The rounded big-toe of the forefoot ensures optimum agility and quickness, while the inner sleeve improves ankle support and provides a seamless fit. Featuring a laser-siped outsole with multi-surface traction pattern, these trainers provide ultimate flexibility and grip during jumps, planks, and burpees. Excel in every rep with the Nike Free Metcon 6.</p> <p><strong>Nike Free Metcon 6 features:</strong></p> <ul> <li>Upper made of breathable, supportive engineered mesh with built-in stretch offers a cool, dry, and snug fit.</li> <li>Flywire cables provide a dynamic fit.</li> <li>Extra foam in the reinforced heel elevates comfort. </li> </ul>",Nike,Apparel & Accessories > Shoes,Training Shoes,"footlocker-expansion-batch-2026-09, footlocker-source, new-arrivals, nike, style:J7127107, men, training",TRUE,Active,J7127107-12-5,198726727681,Color,White/Black/Green Strike,,Size,12.5,,,,,125.00,,,TRUE,,shopify,8,DENY,300,g,TRUE,manual,https://assets.footlocker.com/is/image/FLDM/J7127107_01?wid=1600&hei=1600&fmt=png-alpha,1,Nike Free Metcon 6 Men's Training Shoes - White/Black/Green Strike - primary view,https://assets.footlocker.com/is/image/FLDM/J7127107_01?wid=1600&hei=1600&fmt=png-alpha,FALSE,Nike Free Metcon 6 Men's Training Shoes - White/Black/Green Strike,Shop Nike Free Metcon 6 Men's Training Shoes - White/Black/Green Strike at Sneaker Head.,White,Men's,J7127107,https://www.footlocker.com/product/nike-free-metcon-6-mens/J7127107.html
,nike-free-metcon-6-men-white-black-green-strike-j7127107,,,,,,,,,,,,,,,,,,,,,,,,,,,,,,,https://assets.footlocker.com/is/image/FLDM/J7127107_03?wid=1600&hei=1600&fmt=png-alpha,2,Nike Free Metcon 6 Men's Training Shoes - White/Black/Green Strike - view 2,,,,,,,,
,nike-free-metcon-6-men-white-black-green-strike-j7127107,,,,,,,,,,,,,,,,,,,,,,,,,,,,,,,https://assets.footlocker.com/is/image/FLDM/J7127107_04?wid=1600&hei=1600&fmt=png-alpha,3,Nike Free Metcon 6 Men's Training Shoes - White/Black/Green Strike - view 3,,,,,,,,
,nike-free-metcon-6-men-white-black-green-strike-j7127107,,,,,,,,,,,,,,,,,,,,,,,,,,,,,,,https://assets.footlocker.com/is/image/FLDM/J7127107_05?wid=1600&hei=1600&fmt=png-alpha,4,Nike Free Metcon 6 Men's Training Shoes - White/Black/Green Strike - view 4,,,,,,,,
,nike-free-metcon-6-men-white-black-green-strike-j7127107,,,,,,,,,,,,,,,,,,,,,,,,,,,,,,,https://assets.footlocker.com/is/image/FLDM/J7127107_06?wid=1600&hei=1600&fmt=png-alpha,5,Nike Free Metcon 6 Men's Training Shoes - White/Black/Green Strike - view 5,,,,,,,,
Nike Free Metcon 6 Men's Training Shoes - White/Gum Lt Brown/Hemp,nike-free-metcon-6-men-white-gum-lt-brown-hemp-j7127105,"<p>Get your beast mode on! Hustle for muscles with the Nike Free Metcon 6. Designed to keep you pushing through the challenging HIIT workouts, these silhouettes feature laser-siped foam in the forefoot and midsole to keep your feet cushioned and comfortable on the treadmill or during weight training. The rounded big-toe of the forefoot ensures optimum agility and quickness, while the inner sleeve improves ankle support and provides a seamless fit. Featuring a laser-siped outsole with multi-surface traction pattern, these trainers provide ultimate flexibility and grip during jumps, planks, and burpees. Excel in every rep with the Nike Free Metcon 6.</p> <p><strong>Nike Free Metcon 6 features:</strong></p> <ul> <li>Upper made of breathable, supportive engineered mesh with built-in stretch offers a cool, dry, and snug fit.</li> <li>Flywire cables provide a dynamic fit.</li> <li>Extra foam in the reinforced heel elevates comfort. </li> </ul>",Nike,Apparel & Accessories > Shoes,Training Shoes,"footlocker-expansion-batch-2026-09, footlocker-source, new-arrivals, nike, style:J7127105, men, training",TRUE,Active,J7127105-7-5,197862718270,Color,White/Gum Lt Brown/Hemp,,Size,7.5,,,,,125.00,,,TRUE,,shopify,8,DENY,300,g,TRUE,manual,https://assets.footlocker.com/is/image/FLDM/J7127105_01?wid=1600&hei=1600&fmt=png-alpha,1,Nike Free Metcon 6 Men's Training Shoes - White/Gum Lt Brown/Hemp - primary view,https://assets.footlocker.com/is/image/FLDM/J7127105_01?wid=1600&hei=1600&fmt=png-alpha,FALSE,Nike Free Metcon 6 Men's Training Shoes - White/Gum Lt Brown/Hemp,Shop Nike Free Metcon 6 Men's Training Shoes - White/Gum Lt Brown/Hemp at Sneaker Head.,White,Men's,J7127105,https://www.footlocker.com/product/nike-free-metcon-6-mens/J7127105.html
,nike-free-metcon-6-men-white-gum-lt-brown-hemp-j7127105,,,,,,,,J7127105-8,197862783766,Color,White/Gum Lt Brown/Hemp,,Size,8,,,,,125.00,,,TRUE,,shopify,8,DENY,300,g,TRUE,manual,,,,https://assets.footlocker.com/is/image/FLDM/J7127105_01?wid=1600&hei=1600&fmt=png-alpha,FALSE,,,,,,
,nike-free-metcon-6-men-white-gum-lt-brown-hemp-j7127105,,,,,,,,J7127105-8-5,197862795233,Color,White/Gum Lt Brown/Hemp,,Size,8.5,,,,,125.00,,,TRUE,,shopify,8,DENY,300,g,TRUE,manual,,,,https://assets.footlocker.com/is/image/FLDM/J7127105_01?wid=1600&hei=1600&fmt=png-alpha,FALSE,,,,,,
,nike-free-metcon-6-men-white-gum-lt-brown-hemp-j7127105,,,,,,,,J7127105-9,197862709735,Color,White/Gum Lt Brown/Hemp,,Size,9,,,,,125.00,,,TRUE,,shopify,8,DENY,300,g,TRUE,manual,,,,https://assets.footlocker.com/is/image/FLDM/J7127105_01?wid=1600&hei=1600&fmt=png-alpha,FALSE,,,,,,
,nike-free-metcon-6-men-white-gum-lt-brown-hemp-j7127105,,,,,,,,J7127105-9-5,197862739190,Color,White/Gum Lt Brown/Hemp,,Size,9.5,,,,,125.00,,,TRUE,,shopify,8,DENY,300,g,TRUE,manual,,,,https://assets.footlocker.com/is/image/FLDM/J7127105_01?wid=1600&hei=1600&fmt=png-alpha,FALSE,,,,,,
,nike-free-metcon-6-men-white-gum-lt-brown-hemp-j7127105,,,,,,,,J7127105-10,197862786613,Color,White/Gum Lt Brown/Hemp,,Size,10,,,,,125.00,,,TRUE,,shopify,8,DENY,300,g,TRUE,manual,,,,https://assets.footlocker.com/is/image/FLDM/J7127105_01?wid=1600&hei=1600&fmt=png-alpha,FALSE,,,,,,
,nike-free-metcon-6-men-white-gum-lt-brown-hemp-j7127105,,,,,,,,J7127105-10-5,197862720075,Color,White/Gum Lt Brown/Hemp,,Size,10.5,,,,,125.00,,,TRUE,,shopify,8,DENY,300,g,TRUE,manual,,,,https://assets.footlocker.com/is/image/FLDM/J7127105_01?wid=1600&hei=1600&fmt=png-alpha,FALSE,,,,,,
,nike-free-metcon-6-men-white-gum-lt-brown-hemp-j7127105,,,,,,,,J7127105-11,197862731330,Color,White/Gum Lt Brown/Hemp,,Size,11,,,,,125.00,,,TRUE,,shopify,8,DENY,300,g,TRUE,manual,,,,https://assets.footlocker.com/is/image/FLDM/J7127105_01?wid=1600&hei=1600&fmt=png-alpha,FALSE,,,,,,
,nike-free-metcon-6-men-white-gum-lt-brown-hemp-j7127105,,,,,,,,J7127105-11-5,197862789003,Color,White/Gum Lt Brown/Hemp,,Size,11.5,,,,,125.00,,,TRUE,,shopify,8,DENY,300,g,TRUE,manual,,,,https://assets.footlocker.com/is/image/FLDM/J7127105_01?wid=1600&hei=1600&fmt=png-alpha,FALSE,,,,,,
,nike-free-metcon-6-men-white-gum-lt-brown-hemp-j7127105,,,,,,,,J7127105-12,197862777192,Color,White/Gum Lt Brown/Hemp,,Size,12,,,,,125.00,,,TRUE,,shopify,8,DENY,300,g,TRUE,manual,,,,https://assets.footlocker.com/is/image/FLDM/J7127105_01?wid=1600&hei=1600&fmt=png-alpha,FALSE,,,,,,
,nike-free-metcon-6-men-white-gum-lt-brown-hemp-j7127105,,,,,,,,J7127105-13,197862759921,Color,White/Gum Lt Brown/Hemp,,Size,13,,,,,125.00,,,TRUE,,shopify,8,DENY,300,g,TRUE,manual,,,,https://assets.footlocker.com/is/image/FLDM/J7127105_01?wid=1600&hei=1600&fmt=png-alpha,FALSE,,,,,,
,nike-free-metcon-6-men-white-gum-lt-brown-hemp-j7127105,,,,,,,,,,,,,,,,,,,,,,,,,,,,,,,https://assets.footlocker.com/is/image/FLDM/J7127105_03?wid=1600&hei=1600&fmt=png-alpha,2,Nike Free Metcon 6 Men's Training Shoes - White/Gum Lt Brown/Hemp - view 2,,,,,,,,
,nike-free-metcon-6-men-white-gum-lt-brown-hemp-j7127105,,,,,,,,,,,,,,,,,,,,,,,,,,,,,,,https://assets.footlocker.com/is/image/FLDM/J7127105_04?wid=1600&hei=1600&fmt=png-alpha,3,Nike Free Metcon 6 Men's Training Shoes - White/Gum Lt Brown/Hemp - view 3,,,,,,,,
,nike-free-metcon-6-men-white-gum-lt-brown-hemp-j7127105,,,,,,,,,,,,,,,,,,,,,,,,,,,,,,,https://assets.footlocker.com/is/image/FLDM/J7127105_05?wid=1600&hei=1600&fmt=png-alpha,4,Nike Free Metcon 6 Men's Training Shoes - White/Gum Lt Brown/Hemp - view 4,,,,,,,,
,nike-free-metcon-6-men-white-gum-lt-brown-hemp-j7127105,,,,,,,,,,,,,,,,,,,,,,,,,,,,,,,https://assets.footlocker.com/is/image/FLDM/J7127105_06?wid=1600&hei=1600&fmt=png-alpha,5,Nike Free Metcon 6 Men's Training Shoes - White/Gum Lt Brown/Hemp - view 5,,,,,,,,
On Cloudmonster Void Women's Running Shoes - Black/Black,on-cloudmonster-void-women-black-black-10491043,"<p>Redefine your style and stride with the On Cloudmonster Void. Featuring a Helion superfoam midsole with the same iconic cushioning and bottom unit as the OG, these maximalist silhouettes provide unmatched comfort and stability for every adventure. The updated haptic mesh upper offers excellent ventilation and a lightweight fit for all-day comfort. Plus, the rubber pads on the outsole ensure a secure grip and traction. Stay bold, celebrate your uniqueness, and get weird all day with the On Cloudmonster Void.</p> <p><strong>On Cloudmonster Void features:</strong></p> <ul> <li>Soft finish on the tongue provides comfort.</li> <li>Durable TPU eyelet stays bring strength and durability.</li> <li>Upgraded branded elements add a pop of style and a modern touch.</li> </ul><hr /><p>Long days on your feet call for cushioning that stays comfortable from morning to night. The On Cloudmonster Void blends the bold, max-cushioned feel of the original with an updated haptic mesh upper for lightweight breathability, while the soft tongue and grippy outsole pads help keep every step smooth, stable, and ready for whatever the day brings.</p><ul><li>Helion superfoam midsole delivers the same iconic cushioning and bottom unit as the OG.</li><li>Updated haptic mesh upper provides a light, airy feel.</li><li>Soft-finish tongue adds step-in comfort.</li><li>Durable TPU eyelet stays help reinforce the lacing system.</li><li>Rubber pads on the outsole enhance traction.</li><li>Upgraded branded details add a modern finish.</li></ul>  <p><strong>Size &amp; Fit Guidance</strong></p><p>For the best fit, we recommend going with your usual size for most wearers. If you prefer a little extra toe room or are between sizes, some reviewers found a half-size up more comfortable.</p>  <p><strong>Best For</strong></p><p>Ideal for all-day wear, commuting, school, travel, and jobs that keep you on your feet, with enough versatility for light runs and mixed workouts.</p>  <p><strong>Styling &amp; Versatility</strong></p><p>The sleek upper and oversized CloudTec sole give this pair a modern, performance-inspired look that works easily into everyday rotation. Reviewers especially like it for pairing with casual outfits and workwear like scrubs when comfort is the priority.</p>",On Running,Apparel & Accessories > Shoes,Running Shoes,"footlocker-expansion-batch-2026-09, footlocker-source, new-arrivals, on-running, style:10491043, women, Running, running",TRUE,Active,10491043-6,7615537236834,Color,Black/Black,,Size,6,,,,,170.00,,,TRUE,,shopify,8,DENY,300,g,TRUE,manual,https://assets.footlocker.com/is/image/FLDM/10491043_01?wid=1600&hei=1600&fmt=png-alpha,1,On Cloudmonster Void Women's Running Shoes - Black/Black - primary view,https://assets.footlocker.com/is/image/FLDM/10491043_01?wid=1600&hei=1600&fmt=png-alpha,FALSE,On Cloudmonster Void Women's Running Shoes - Black/Black,Shop On Cloudmonster Void Women's Running Shoes - Black/Black at Sneaker Head.,Black,Women's,10491043,https://www.footlocker.com/product/on-cloudmonster-void-womens/10491043.html
,on-cloudmonster-void-women-black-black-10491043,,,,,,,,10491043-6-5,7615537236841,Color,Black/Black,,Size,6.5,,,,,170.00,,,TRUE,,shopify,8,DENY,300,g,TRUE,manual,,,,https://assets.footlocker.com/is/image/FLDM/10491043_01?wid=1600&hei=1600&fmt=png-alpha,FALSE,,,,,,
,on-cloudmonster-void-women-black-black-10491043,,,,,,,,10491043-7,7615537236858,Color,Black/Black,,Size,7,,,,,170.00,,,TRUE,,shopify,8,DENY,300,g,TRUE,manual,,,,https://assets.footlocker.com/is/image/FLDM/10491043_01?wid=1600&hei=1600&fmt=png-alpha,FALSE,,,,,,
,on-cloudmonster-void-women-black-black-10491043,,,,,,,,10491043-7-5,7615537236865,Color,Black/Black,,Size,7.5,,,,,170.00,,,TRUE,,shopify,8,DENY,300,g,TRUE,manual,,,,https://assets.footlocker.com/is/image/FLDM/10491043_01?wid=1600&hei=1600&fmt=png-alpha,FALSE,,,,,,
,on-cloudmonster-void-women-black-black-10491043,,,,,,,,10491043-9,7615537236896,Color,Black/Black,,Size,9,,,,,170.00,,,TRUE,,shopify,8,DENY,300,g,TRUE,manual,,,,https://assets.footlocker.com/is/image/FLDM/10491043_01?wid=1600&hei=1600&fmt=png-alpha,FALSE,,,,,,
,on-cloudmonster-void-women-black-black-10491043,,,,,,,,10491043-9-5,7615537236902,Color,Black/Black,,Size,9.5,,,,,170.00,,,TRUE,,shopify,8,DENY,300,g,TRUE,manual,,,,https://assets.footlocker.com/is/image/FLDM/10491043_01?wid=1600&hei=1600&fmt=png-alpha,FALSE,,,,,,
,on-cloudmonster-void-women-black-black-10491043,,,,,,,,,,,,,,,,,,,,,,,,,,,,,,,https://assets.footlocker.com/is/image/FLDM/10491043_02?wid=1600&hei=1600&fmt=png-alpha,2,On Cloudmonster Void Women's Running Shoes - Black/Black - view 2,,,,,,,,
,on-cloudmonster-void-women-black-black-10491043,,,,,,,,,,,,,,,,,,,,,,,,,,,,,,,https://assets.footlocker.com/is/image/FLDM/10491043_03?wid=1600&hei=1600&fmt=png-alpha,3,On Cloudmonster Void Women's Running Shoes - Black/Black - view 3,,,,,,,,
,on-cloudmonster-void-women-black-black-10491043,,,,,,,,,,,,,,,,,,,,,,,,,,,,,,,https://assets.footlocker.com/is/image/FLDM/10491043_04?wid=1600&hei=1600&fmt=png-alpha,4,On Cloudmonster Void Women's Running Shoes - Black/Black - view 4,,,,,,,,
,on-cloudmonster-void-women-black-black-10491043,,,,,,,,,,,,,,,,,,,,,,,,,,,,,,,https://assets.footlocker.com/is/image/FLDM/10491043_05?wid=1600&hei=1600&fmt=png-alpha,5,On Cloudmonster Void Women's Running Shoes - Black/Black - view 5,,,,,,,,
On Cloudmonster Void Women's Running Shoes - Iceberg/Tin,on-cloudmonster-void-women-iceberg-tin-10811344,"<p>Redefine your style and stride with the On Cloudmonster Void. Featuring a Helion superfoam midsole with the same iconic cushioning and bottom unit as the OG, these maximalist silhouettes provide unmatched comfort and stability for every adventure. The updated haptic mesh upper offers excellent ventilation and a lightweight fit for all-day comfort. Plus, the rubber pads on the outsole ensure a secure grip and traction. Stay bold, celebrate your uniqueness, and get weird all day with the On Cloudmonster Void.</p> <p><strong>On Cloudmonster Void features:</strong></p> <ul> <li>Soft finish on the tongue provides comfort.</li> <li>Durable TPU eyelet stays bring strength and durability.</li> <li>Upgraded branded elements add a pop of style and a modern touch.</li> </ul><hr /><p>Long days on your feet call for cushioning that stays comfortable from morning to night. The On Cloudmonster Void blends the bold, max-cushioned feel of the original with an updated haptic mesh upper for lightweight breathability, while the soft tongue and grippy outsole pads help keep every step smooth, stable, and ready for whatever the day brings.</p><ul><li>Helion superfoam midsole delivers the same iconic cushioning and bottom unit as the OG.</li><li>Updated haptic mesh upper provides a light, airy feel.</li><li>Soft-finish tongue adds step-in comfort.</li><li>Durable TPU eyelet stays help reinforce the lacing system.</li><li>Rubber pads on the outsole enhance traction.</li><li>Upgraded branded details add a modern finish.</li></ul>  <p><strong>Size &amp; Fit Guidance</strong></p><p>For the best fit, we recommend going with your usual size for most wearers. If you prefer a little extra toe room or are between sizes, some reviewers found a half-size up more comfortable.</p>  <p><strong>Best For</strong></p><p>Ideal for all-day wear, commuting, school, travel, and jobs that keep you on your feet, with enough versatility for light runs and mixed workouts.</p>  <p><strong>Styling &amp; Versatility</strong></p><p>The sleek upper and oversized CloudTec sole give this pair a modern, performance-inspired look that works easily into everyday rotation. Reviewers especially like it for pairing with casual outfits and workwear like scrubs when comfort is the priority.</p>",On Running,Apparel & Accessories > Shoes,Running Shoes,"footlocker-expansion-batch-2026-09, footlocker-source, new-arrivals, on-running, style:10811344, women, Running, running, sale",TRUE,Active,10811344-6,7615537628981,Color,Iceberg/Tin,,Size,6,,,,,119.99,170.00,,TRUE,,shopify,8,DENY,300,g,TRUE,manual,https://assets.footlocker.com/is/image/FLDM/10811344_01?wid=1600&hei=1600&fmt=png-alpha,1,On Cloudmonster Void Women's Running Shoes - Iceberg/Tin - primary view,https://assets.footlocker.com/is/image/FLDM/10811344_01?wid=1600&hei=1600&fmt=png-alpha,FALSE,On Cloudmonster Void Women's Running Shoes - Iceberg/Tin,Shop On Cloudmonster Void Women's Running Shoes - Iceberg/Tin at Sneaker Head.,Brown,Women's,10811344,https://www.footlocker.com/product/on-cloudmonster-void-womens/10811344.html
,on-cloudmonster-void-women-iceberg-tin-10811344,,,,,,,,10811344-6-5,7615537628998,Color,Iceberg/Tin,,Size,6.5,,,,,119.99,170.00,,TRUE,,shopify,8,DENY,300,g,TRUE,manual,,,,https://assets.footlocker.com/is/image/FLDM/10811344_01?wid=1600&hei=1600&fmt=png-alpha,FALSE,,,,,,
,on-cloudmonster-void-women-iceberg-tin-10811344,,,,,,,,10811344-7-5,7615537629018,Color,Iceberg/Tin,,Size,7.5,,,,,119.99,170.00,,TRUE,,shopify,8,DENY,300,g,TRUE,manual,,,,https://assets.footlocker.com/is/image/FLDM/10811344_01?wid=1600&hei=1600&fmt=png-alpha,FALSE,,,,,,
,on-cloudmonster-void-women-iceberg-tin-10811344,,,,,,,,10811344-8,7615537629025,Color,Iceberg/Tin,,Size,8,,,,,119.99,170.00,,TRUE,,shopify,8,DENY,300,g,TRUE,manual,,,,https://assets.footlocker.com/is/image/FLDM/10811344_01?wid=1600&hei=1600&fmt=png-alpha,FALSE,,,,,,
,on-cloudmonster-void-women-iceberg-tin-10811344,,,,,,,,10811344-8-5,7615537629032,Color,Iceberg/Tin,,Size,8.5,,,,,119.99,170.00,,TRUE,,shopify,8,DENY,300,g,TRUE,manual,,,,https://assets.footlocker.com/is/image/FLDM/10811344_01?wid=1600&hei=1600&fmt=png-alpha,FALSE,,,,,,
,on-cloudmonster-void-women-iceberg-tin-10811344,,,,,,,,10811344-9,7615537629049,Color,Iceberg/Tin,,Size,9,,,,,119.99,170.00,,TRUE,,shopify,8,DENY,300,g,TRUE,manual,,,,https://assets.footlocker.com/is/image/FLDM/10811344_01?wid=1600&hei=1600&fmt=png-alpha,FALSE,,,,,,
,on-cloudmonster-void-women-iceberg-tin-10811344,,,,,,,,10811344-9-5,7615537629056,Color,Iceberg/Tin,,Size,9.5,,,,,119.99,170.00,,TRUE,,shopify,8,DENY,300,g,TRUE,manual,,,,https://assets.footlocker.com/is/image/FLDM/10811344_01?wid=1600&hei=1600&fmt=png-alpha,FALSE,,,,,,
,on-cloudmonster-void-women-iceberg-tin-10811344,,,,,,,,10811344-10,7615537629063,Color,Iceberg/Tin,,Size,10,,,,,119.99,170.00,,TRUE,,shopify,8,DENY,300,g,TRUE,manual,,,,https://assets.footlocker.com/is/image/FLDM/10811344_01?wid=1600&hei=1600&fmt=png-alpha,FALSE,,,,,,
,on-cloudmonster-void-women-iceberg-tin-10811344,,,,,,,,,,,,,,,,,,,,,,,,,,,,,,,https://assets.footlocker.com/is/image/FLDM/10811344_03?wid=1600&hei=1600&fmt=png-alpha,2,On Cloudmonster Void Women's Running Shoes - Iceberg/Tin - view 2,,,,,,,,
,on-cloudmonster-void-women-iceberg-tin-10811344,,,,,,,,,,,,,,,,,,,,,,,,,,,,,,,https://assets.footlocker.com/is/image/FLDM/10811344_04?wid=1600&hei=1600&fmt=png-alpha,3,On Cloudmonster Void Women's Running Shoes - Iceberg/Tin - view 3,,,,,,,,
,on-cloudmonster-void-women-iceberg-tin-10811344,,,,,,,,,,,,,,,,,,,,,,,,,,,,,,,https://assets.footlocker.com/is/image/FLDM/10811344_05?wid=1600&hei=1600&fmt=png-alpha,4,On Cloudmonster Void Women's Running Shoes - Iceberg/Tin - view 4,,,,,,,,
,on-cloudmonster-void-women-iceberg-tin-10811344,,,,,,,,,,,,,,,,,,,,,,,,,,,,,,,https://assets.footlocker.com/is/image/FLDM/10811344_06?wid=1600&hei=1600&fmt=png-alpha,5,On Cloudmonster Void Women's Running Shoes - Iceberg/Tin - view 5,,,,,,,,
On Cloudmonster Void Women's Running Shoes - Ivory/Pink,on-cloudmonster-void-women-ivory-pink-10814561,"<p>Redefine your style and stride with the On Cloudmonster Void. Featuring a Helion superfoam midsole with the same iconic cushioning and bottom unit as the OG, these maximalist silhouettes provide unmatched comfort and stability for every adventure. The updated haptic mesh upper offers excellent ventilation and a lightweight fit for all-day comfort. Plus, the rubber pads on the outsole ensure a secure grip and traction. Stay bold, celebrate your uniqueness, and get weird all day with the On Cloudmonster Void.</p> <p><strong>On Cloudmonster Void features:</strong></p> <ul> <li>Soft finish on the tongue provides comfort.</li> <li>Durable TPU eyelet stays bring strength and durability.</li> <li>Upgraded branded elements add a pop of style and a modern touch.</li> </ul><hr /><p>Long days on your feet call for cushioning that stays comfortable from morning to night. The On Cloudmonster Void blends the bold, max-cushioned feel of the original with an updated haptic mesh upper for lightweight breathability, while the soft tongue and grippy outsole pads help keep every step smooth, stable, and ready for whatever the day brings.</p><ul><li>Helion superfoam midsole delivers the same iconic cushioning and bottom unit as the OG.</li><li>Updated haptic mesh upper provides a light, airy feel.</li><li>Soft-finish tongue adds step-in comfort.</li><li>Durable TPU eyelet stays help reinforce the lacing system.</li><li>Rubber pads on the outsole enhance traction.</li><li>Upgraded branded details add a modern finish.</li></ul>  <p><strong>Size &amp; Fit Guidance</strong></p><p>For the best fit, we recommend going with your usual size for most wearers. If you prefer a little extra toe room or are between sizes, some reviewers found a half-size up more comfortable.</p>  <p><strong>Best For</strong></p><p>Ideal for all-day wear, commuting, school, travel, and jobs that keep you on your feet, with enough versatility for light runs and mixed workouts.</p>  <p><strong>Styling &amp; Versatility</strong></p><p>The sleek upper and oversized CloudTec sole give this pair a modern, performance-inspired look that works easily into everyday rotation. Reviewers especially like it for pairing with casual outfits and workwear like scrubs when comfort is the priority.</p>",On Running,Apparel & Accessories > Shoes,Running Shoes,"footlocker-expansion-batch-2026-09, footlocker-source, new-arrivals, on-running, style:10814561, women, Running, running, sale",TRUE,Active,10814561-6,7615537629865,Color,Ivory/Pink,,Size,6,,,,,129.99,170.00,,TRUE,,shopify,8,DENY,300,g,TRUE,manual,https://assets.footlocker.com/is/image/FLDM/10814561_01?wid=1600&hei=1600&fmt=png-alpha,1,On Cloudmonster Void Women's Running Shoes - Ivory/Pink - primary view,https://assets.footlocker.com/is/image/FLDM/10814561_01?wid=1600&hei=1600&fmt=png-alpha,FALSE,On Cloudmonster Void Women's Running Shoes - Ivory/Pink,Shop On Cloudmonster Void Women's Running Shoes - Ivory/Pink at Sneaker Head.,Pink,Women's,10814561,https://www.footlocker.com/product/on-cloudmonster-void-womens/10814561.html
,on-cloudmonster-void-women-ivory-pink-10814561,,,,,,,,10814561-6-5,7615537629872,Color,Ivory/Pink,,Size,6.5,,,,,129.99,170.00,,TRUE,,shopify,8,DENY,300,g,TRUE,manual,,,,https://assets.footlocker.com/is/image/FLDM/10814561_01?wid=1600&hei=1600&fmt=png-alpha,FALSE,,,,,,
,on-cloudmonster-void-women-ivory-pink-10814561,,,,,,,,10814561-7,7615537629889,Color,Ivory/Pink,,Size,7,,,,,129.99,170.00,,TRUE,,shopify,8,DENY,300,g,TRUE,manual,,,,https://assets.footlocker.com/is/image/FLDM/10814561_01?wid=1600&hei=1600&fmt=png-alpha,FALSE,,,,,,
,on-cloudmonster-void-women-ivory-pink-10814561,,,,,,,,10814561-7-5,7615537629896,Color,Ivory/Pink,,Size,7.5,,,,,129.99,170.00,,TRUE,,shopify,8,DENY,300,g,TRUE,manual,,,,https://assets.footlocker.com/is/image/FLDM/10814561_01?wid=1600&hei=1600&fmt=png-alpha,FALSE,,,,,,
,on-cloudmonster-void-women-ivory-pink-10814561,,,,,,,,10814561-8,7615537629902,Color,Ivory/Pink,,Size,8,,,,,129.99,170.00,,TRUE,,shopify,8,DENY,300,g,TRUE,manual,,,,https://assets.footlocker.com/is/image/FLDM/10814561_01?wid=1600&hei=1600&fmt=png-alpha,FALSE,,,,,,
,on-cloudmonster-void-women-ivory-pink-10814561,,,,,,,,10814561-8-5,7615537629926,Color,Ivory/Pink,,Size,8.5,,,,,129.99,170.00,,TRUE,,shopify,8,DENY,300,g,TRUE,manual,,,,https://assets.footlocker.com/is/image/FLDM/10814561_01?wid=1600&hei=1600&fmt=png-alpha,FALSE,,,,,,
,on-cloudmonster-void-women-ivory-pink-10814561,,,,,,,,10814561-9,7615537629933,Color,Ivory/Pink,,Size,9,,,,,129.99,170.00,,TRUE,,shopify,8,DENY,300,g,TRUE,manual,,,,https://assets.footlocker.com/is/image/FLDM/10814561_01?wid=1600&hei=1600&fmt=png-alpha,FALSE,,,,,,
,on-cloudmonster-void-women-ivory-pink-10814561,,,,,,,,10814561-9-5,7615537629940,Color,Ivory/Pink,,Size,9.5,,,,,129.99,170.00,,TRUE,,shopify,8,DENY,300,g,TRUE,manual,,,,https://assets.footlocker.com/is/image/FLDM/10814561_01?wid=1600&hei=1600&fmt=png-alpha,FALSE,,,,,,
,on-cloudmonster-void-women-ivory-pink-10814561,,,,,,,,10814561-10,7615537629957,Color,Ivory/Pink,,Size,10,,,,,129.99,170.00,,TRUE,,shopify,8,DENY,300,g,TRUE,manual,,,,https://assets.footlocker.com/is/image/FLDM/10814561_01?wid=1600&hei=1600&fmt=png-alpha,FALSE,,,,,,
,on-cloudmonster-void-women-ivory-pink-10814561,,,,,,,,,,,,,,,,,,,,,,,,,,,,,,,https://assets.footlocker.com/is/image/FLDM/10814561_03?wid=1600&hei=1600&fmt=png-alpha,2,On Cloudmonster Void Women's Running Shoes - Ivory/Pink - view 2,,,,,,,,
,on-cloudmonster-void-women-ivory-pink-10814561,,,,,,,,,,,,,,,,,,,,,,,,,,,,,,,https://assets.footlocker.com/is/image/FLDM/10814561_04?wid=1600&hei=1600&fmt=png-alpha,3,On Cloudmonster Void Women's Running Shoes - Ivory/Pink - view 3,,,,,,,,
,on-cloudmonster-void-women-ivory-pink-10814561,,,,,,,,,,,,,,,,,,,,,,,,,,,,,,,https://assets.footlocker.com/is/image/FLDM/10814561_05?wid=1600&hei=1600&fmt=png-alpha,4,On Cloudmonster Void Women's Running Shoes - Ivory/Pink - view 4,,,,,,,,
,on-cloudmonster-void-women-ivory-pink-10814561,,,,,,,,,,,,,,,,,,,,,,,,,,,,,,,https://assets.footlocker.com/is/image/FLDM/10814561_06?wid=1600&hei=1600&fmt=png-alpha,5,On Cloudmonster Void Women's Running Shoes - Ivory/Pink - view 5,,,,,,,,
On Cloudmonster Void Women's Running Shoes - Ivory/Seashell,on-cloudmonster-void-women-ivory-seashell-10814680,"<p>Redefine your style and stride with the On Cloudmonster Void. Featuring a Helion superfoam midsole with the same iconic cushioning and bottom unit as the OG, these maximalist silhouettes provide unmatched comfort and stability for every adventure. The updated haptic mesh upper offers excellent ventilation and a lightweight fit for all-day comfort. Plus, the rubber pads on the outsole ensure a secure grip and traction. Stay bold, celebrate your uniqueness, and get weird all day with the On Cloudmonster Void.</p> <p><strong>On Cloudmonster Void features:</strong></p> <ul> <li>Soft finish on the tongue provides comfort.</li> <li>Durable TPU eyelet stays bring strength and durability.</li> <li>Upgraded branded elements add a pop of style and a modern touch.</li> </ul><hr /><p>Long days on your feet call for cushioning that stays comfortable from morning to night. The On Cloudmonster Void blends the bold, max-cushioned feel of the original with an updated haptic mesh upper for lightweight breathability, while the soft tongue and grippy outsole pads help keep every step smooth, stable, and ready for whatever the day brings.</p><ul><li>Helion superfoam midsole delivers the same iconic cushioning and bottom unit as the OG.</li><li>Updated haptic mesh upper provides a light, airy feel.</li><li>Soft-finish tongue adds step-in comfort.</li><li>Durable TPU eyelet stays help reinforce the lacing system.</li><li>Rubber pads on the outsole enhance traction.</li><li>Upgraded branded details add a modern finish.</li></ul>  <p><strong>Size &amp; Fit Guidance</strong></p><p>For the best fit, we recommend going with your usual size for most wearers. If you prefer a little extra toe room or are between sizes, some reviewers found a half-size up more comfortable.</p>  <p><strong>Best For</strong></p><p>Ideal for all-day wear, commuting, school, travel, and jobs that keep you on your feet, with enough versatility for light runs and mixed workouts.</p>  <p><strong>Styling &amp; Versatility</strong></p><p>The sleek upper and oversized CloudTec sole give this pair a modern, performance-inspired look that works easily into everyday rotation. Reviewers especially like it for pairing with casual outfits and workwear like scrubs when comfort is the priority.</p>",On Running,Apparel & Accessories > Shoes,Running Shoes,"footlocker-expansion-batch-2026-09, footlocker-source, new-arrivals, on-running, style:10814680, women, Running, running",TRUE,Active,10814680-6,7615537629704,Color,Ivory/Seashell,,Size,6,,,,,170.00,,,TRUE,,shopify,8,DENY,300,g,TRUE,manual,https://assets.footlocker.com/is/image/FLDM/10814680_01?wid=1600&hei=1600&fmt=png-alpha,1,On Cloudmonster Void Women's Running Shoes - Ivory/Seashell - primary view,https://assets.footlocker.com/is/image/FLDM/10814680_01?wid=1600&hei=1600&fmt=png-alpha,FALSE,On Cloudmonster Void Women's Running Shoes - Ivory/Seashell,Shop On Cloudmonster Void Women's Running Shoes - Ivory/Seashell at Sneaker Head.,White,Women's,10814680,https://www.footlocker.com/product/on-cloudmonster-void-womens/10814680.html
,on-cloudmonster-void-women-ivory-seashell-10814680,,,,,,,,10814680-6-5,7615537629711,Color,Ivory/Seashell,,Size,6.5,,,,,170.00,,,TRUE,,shopify,8,DENY,300,g,TRUE,manual,,,,https://assets.footlocker.com/is/image/FLDM/10814680_01?wid=1600&hei=1600&fmt=png-alpha,FALSE,,,,,,
,on-cloudmonster-void-women-ivory-seashell-10814680,,,,,,,,10814680-7,7615537629735,Color,Ivory/Seashell,,Size,7,,,,,170.00,,,TRUE,,shopify,8,DENY,300,g,TRUE,manual,,,,https://assets.footlocker.com/is/image/FLDM/10814680_01?wid=1600&hei=1600&fmt=png-alpha,FALSE,,,,,,
,on-cloudmonster-void-women-ivory-seashell-10814680,,,,,,,,10814680-7-5,7615537629742,Color,Ivory/Seashell,,Size,7.5,,,,,170.00,,,TRUE,,shopify,8,DENY,300,g,TRUE,manual,,,,https://assets.footlocker.com/is/image/FLDM/10814680_01?wid=1600&hei=1600&fmt=png-alpha,FALSE,,,,,,
,on-cloudmonster-void-women-ivory-seashell-10814680,,,,,,,,10814680-8,7615537629766,Color,Ivory/Seashell,,Size,8,,,,,170.00,,,TRUE,,shopify,8,DENY,300,g,TRUE,manual,,,,https://assets.footlocker.com/is/image/FLDM/10814680_01?wid=1600&hei=1600&fmt=png-alpha,FALSE,,,,,,
,on-cloudmonster-void-women-ivory-seashell-10814680,,,,,,,,10814680-8-5,7615537629773,Color,Ivory/Seashell,,Size,8.5,,,,,170.00,,,TRUE,,shopify,8,DENY,300,g,TRUE,manual,,,,https://assets.footlocker.com/is/image/FLDM/10814680_01?wid=1600&hei=1600&fmt=png-alpha,FALSE,,,,,,
,on-cloudmonster-void-women-ivory-seashell-10814680,,,,,,,,10814680-9,7615537629780,Color,Ivory/Seashell,,Size,9,,,,,170.00,,,TRUE,,shopify,8,DENY,300,g,TRUE,manual,,,,https://assets.footlocker.com/is/image/FLDM/10814680_01?wid=1600&hei=1600&fmt=png-alpha,FALSE,,,,,,
,on-cloudmonster-void-women-ivory-seashell-10814680,,,,,,,,10814680-9-5,7615537629797,Color,Ivory/Seashell,,Size,9.5,,,,,170.00,,,TRUE,,shopify,8,DENY,300,g,TRUE,manual,,,,https://assets.footlocker.com/is/image/FLDM/10814680_01?wid=1600&hei=1600&fmt=png-alpha,FALSE,,,,,,
,on-cloudmonster-void-women-ivory-seashell-10814680,,,,,,,,10814680-10,7615537629803,Color,Ivory/Seashell,,Size,10,,,,,170.00,,,TRUE,,shopify,8,DENY,300,g,TRUE,manual,,,,https://assets.footlocker.com/is/image/FLDM/10814680_01?wid=1600&hei=1600&fmt=png-alpha,FALSE,,,,,,
,on-cloudmonster-void-women-ivory-seashell-10814680,,,,,,,,,,,,,,,,,,,,,,,,,,,,,,,https://assets.footlocker.com/is/image/FLDM/10814680_03?wid=1600&hei=1600&fmt=png-alpha,2,On Cloudmonster Void Women's Running Shoes - Ivory/Seashell - view 2,,,,,,,,
,on-cloudmonster-void-women-ivory-seashell-10814680,,,,,,,,,,,,,,,,,,,,,,,,,,,,,,,https://assets.footlocker.com/is/image/FLDM/10814680_04?wid=1600&hei=1600&fmt=png-alpha,3,On Cloudmonster Void Women's Running Shoes - Ivory/Seashell - view 3,,,,,,,,
,on-cloudmonster-void-women-ivory-seashell-10814680,,,,,,,,,,,,,,,,,,,,,,,,,,,,,,,https://assets.footlocker.com/is/image/FLDM/10814680_05?wid=1600&hei=1600&fmt=png-alpha,4,On Cloudmonster Void Women's Running Shoes - Ivory/Seashell - view 4,,,,,,,,
,on-cloudmonster-void-women-ivory-seashell-10814680,,,,,,,,,,,,,,,,,,,,,,,,,,,,,,,https://assets.footlocker.com/is/image/FLDM/10814680_06?wid=1600&hei=1600&fmt=png-alpha,5,On Cloudmonster Void Women's Running Shoes - Ivory/Seashell - view 5,,,,,,,,
On Cloudmonster Void Women's Running Shoes - Linen/Seedling,on-cloudmonster-void-women-linen-seedling-10814754,"<p>Redefine your style and stride with the On Cloudmonster Void. Featuring a Helion superfoam midsole with the same iconic cushioning and bottom unit as the OG, these maximalist silhouettes provide unmatched comfort and stability for every adventure. The updated haptic mesh upper offers excellent ventilation and a lightweight fit for all-day comfort. Plus, the rubber pads on the outsole ensure a secure grip and traction. Stay bold, celebrate your uniqueness, and get weird all day with the On Cloudmonster Void.</p> <p><strong>On Cloudmonster Void features:</strong></p> <ul> <li>Soft finish on the tongue provides comfort.</li> <li>Durable TPU eyelet stays bring strength and durability.</li> <li>Upgraded branded elements add a pop of style and a modern touch.</li> </ul><hr /><p>Long days on your feet call for cushioning that stays comfortable from morning to night. The On Cloudmonster Void blends the bold, max-cushioned feel of the original with an updated haptic mesh upper for lightweight breathability, while the soft tongue and grippy outsole pads help keep every step smooth, stable, and ready for whatever the day brings.</p><ul><li>Helion superfoam midsole delivers the same iconic cushioning and bottom unit as the OG.</li><li>Updated haptic mesh upper provides a light, airy feel.</li><li>Soft-finish tongue adds step-in comfort.</li><li>Durable TPU eyelet stays help reinforce the lacing system.</li><li>Rubber pads on the outsole enhance traction.</li><li>Upgraded branded details add a modern finish.</li></ul>  <p><strong>Size &amp; Fit Guidance</strong></p><p>For the best fit, we recommend going with your usual size for most wearers. If you prefer a little extra toe room or are between sizes, some reviewers found a half-size up more comfortable.</p>  <p><strong>Best For</strong></p><p>Ideal for all-day wear, commuting, school, travel, and jobs that keep you on your feet, with enough versatility for light runs and mixed workouts.</p>  <p><strong>Styling &amp; Versatility</strong></p><p>The sleek upper and oversized CloudTec sole give this pair a modern, performance-inspired look that works easily into everyday rotation. Reviewers especially like it for pairing with casual outfits and workwear like scrubs when comfort is the priority.</p>",On Running,Apparel & Accessories > Shoes,Running Shoes,"footlocker-expansion-batch-2026-09, footlocker-source, new-arrivals, on-running, style:10814754, women, Running, running",TRUE,Active,10814754-6,7615537629117,Color,Linen/Seedling,,Size,6,,,,,170.00,,,TRUE,,shopify,8,DENY,300,g,TRUE,manual,https://assets.footlocker.com/is/image/FLDM/10814754_01?wid=1600&hei=1600&fmt=png-alpha,1,On Cloudmonster Void Women's Running Shoes - Linen/Seedling - primary view,https://assets.footlocker.com/is/image/FLDM/10814754_01?wid=1600&hei=1600&fmt=png-alpha,FALSE,On Cloudmonster Void Women's Running Shoes - Linen/Seedling,Shop On Cloudmonster Void Women's Running Shoes - Linen/Seedling at Sneaker Head.,Green,Women's,10814754,https://www.footlocker.com/product/on-cloudmonster-void-womens/10814754.html
,on-cloudmonster-void-women-linen-seedling-10814754,,,,,,,,10814754-6-5,7615537629124,Color,Linen/Seedling,,Size,6.5,,,,,170.00,,,TRUE,,shopify,8,DENY,300,g,TRUE,manual,,,,https://assets.footlocker.com/is/image/FLDM/10814754_01?wid=1600&hei=1600&fmt=png-alpha,FALSE,,,,,,
,on-cloudmonster-void-women-linen-seedling-10814754,,,,,,,,10814754-7,7615537629131,Color,Linen/Seedling,,Size,7,,,,,170.00,,,TRUE,,shopify,8,DENY,300,g,TRUE,manual,,,,https://assets.footlocker.com/is/image/FLDM/10814754_01?wid=1600&hei=1600&fmt=png-alpha,FALSE,,,,,,
,on-cloudmonster-void-women-linen-seedling-10814754,,,,,,,,10814754-7-5,7615537629148,Color,Linen/Seedling,,Size,7.5,,,,,170.00,,,TRUE,,shopify,8,DENY,300,g,TRUE,manual,,,,https://assets.footlocker.com/is/image/FLDM/10814754_01?wid=1600&hei=1600&fmt=png-alpha,FALSE,,,,,,
,on-cloudmonster-void-women-linen-seedling-10814754,,,,,,,,10814754-8,7615537629162,Color,Linen/Seedling,,Size,8,,,,,170.00,,,TRUE,,shopify,8,DENY,300,g,TRUE,manual,,,,https://assets.footlocker.com/is/image/FLDM/10814754_01?wid=1600&hei=1600&fmt=png-alpha,FALSE,,,,,,
,on-cloudmonster-void-women-linen-seedling-10814754,,,,,,,,10814754-8-5,7615537629179,Color,Linen/Seedling,,Size,8.5,,,,,170.00,,,TRUE,,shopify,8,DENY,300,g,TRUE,manual,,,,https://assets.footlocker.com/is/image/FLDM/10814754_01?wid=1600&hei=1600&fmt=png-alpha,FALSE,,,,,,
,on-cloudmonster-void-women-linen-seedling-10814754,,,,,,,,10814754-9,7615537629186,Color,Linen/Seedling,,Size,9,,,,,170.00,,,TRUE,,shopify,8,DENY,300,g,TRUE,manual,,,,https://assets.footlocker.com/is/image/FLDM/10814754_01?wid=1600&hei=1600&fmt=png-alpha,FALSE,,,,,,
,on-cloudmonster-void-women-linen-seedling-10814754,,,,,,,,10814754-9-5,7615537629193,Color,Linen/Seedling,,Size,9.5,,,,,170.00,,,TRUE,,shopify,8,DENY,300,g,TRUE,manual,,,,https://assets.footlocker.com/is/image/FLDM/10814754_01?wid=1600&hei=1600&fmt=png-alpha,FALSE,,,,,,
,on-cloudmonster-void-women-linen-seedling-10814754,,,,,,,,10814754-10,7615537629209,Color,Linen/Seedling,,Size,10,,,,,170.00,,,TRUE,,shopify,8,DENY,300,g,TRUE,manual,,,,https://assets.footlocker.com/is/image/FLDM/10814754_01?wid=1600&hei=1600&fmt=png-alpha,FALSE,,,,,,
,on-cloudmonster-void-women-linen-seedling-10814754,,,,,,,,,,,,,,,,,,,,,,,,,,,,,,,https://assets.footlocker.com/is/image/FLDM/10814754_03?wid=1600&hei=1600&fmt=png-alpha,2,On Cloudmonster Void Women's Running Shoes - Linen/Seedling - view 2,,,,,,,,
,on-cloudmonster-void-women-linen-seedling-10814754,,,,,,,,,,,,,,,,,,,,,,,,,,,,,,,https://assets.footlocker.com/is/image/FLDM/10814754_04?wid=1600&hei=1600&fmt=png-alpha,3,On Cloudmonster Void Women's Running Shoes - Linen/Seedling - view 3,,,,,,,,
,on-cloudmonster-void-women-linen-seedling-10814754,,,,,,,,,,,,,,,,,,,,,,,,,,,,,,,https://assets.footlocker.com/is/image/FLDM/10814754_05?wid=1600&hei=1600&fmt=png-alpha,4,On Cloudmonster Void Women's Running Shoes - Linen/Seedling - view 4,,,,,,,,
,on-cloudmonster-void-women-linen-seedling-10814754,,,,,,,,,,,,,,,,,,,,,,,,,,,,,,,https://assets.footlocker.com/is/image/FLDM/10814754_06?wid=1600&hei=1600&fmt=png-alpha,5,On Cloudmonster Void Women's Running Shoes - Linen/Seedling - view 5,,,,,,,,
On Cloudmonster Void Women's Running Shoes - Purple/Purple,on-cloudmonster-void-women-purple-purple-10944928,"<p>Redefine your style and stride with the On Cloudmonster Void. Featuring a Helion superfoam midsole with the same iconic cushioning and bottom unit as the OG, these maximalist silhouettes provide unmatched comfort and stability for every adventure. The updated haptic mesh upper offers excellent ventilation and a lightweight fit for all-day comfort. Plus, the rubber pads on the outsole ensure a secure grip and traction. Stay bold, celebrate your uniqueness, and get weird all day with the On Cloudmonster Void.</p> <p><strong>On Cloudmonster Void features:</strong></p> <ul> <li>Soft finish on the tongue provides comfort.</li> <li>Durable TPU eyelet stays bring strength and durability.</li> <li>Upgraded branded elements add a pop of style and a modern touch.</li> </ul><hr /><p>Long days on your feet call for cushioning that stays comfortable from morning to night. The On Cloudmonster Void blends the bold, max-cushioned feel of the original with an updated haptic mesh upper for lightweight breathability, while the soft tongue and grippy outsole pads help keep every step smooth, stable, and ready for whatever the day brings.</p><ul><li>Helion superfoam midsole delivers the same iconic cushioning and bottom unit as the OG.</li><li>Updated haptic mesh upper provides a light, airy feel.</li><li>Soft-finish tongue adds step-in comfort.</li><li>Durable TPU eyelet stays help reinforce the lacing system.</li><li>Rubber pads on the outsole enhance traction.</li><li>Upgraded branded details add a modern finish.</li></ul>  <p><strong>Size &amp; Fit Guidance</strong></p><p>For the best fit, we recommend going with your usual size for most wearers. If you prefer a little extra toe room or are between sizes, some reviewers found a half-size up more comfortable.</p>  <p><strong>Best For</strong></p><p>Ideal for all-day wear, commuting, school, travel, and jobs that keep you on your feet, with enough versatility for light runs and mixed workouts.</p>  <p><strong>Styling &amp; Versatility</strong></p><p>The sleek upper and oversized CloudTec sole give this pair a modern, performance-inspired look that works easily into everyday rotation. Reviewers especially like it for pairing with casual outfits and workwear like scrubs when comfort is the priority.</p>",On Running,Apparel & Accessories > Shoes,Running Shoes,"footlocker-expansion-batch-2026-09, footlocker-source, new-arrivals, on-running, style:10944928, women, Running, running, sale",TRUE,Active,10944928-6,7615537720500,Color,Purple/Purple,,Size,6,,,,,159.99,170.00,,TRUE,,shopify,8,DENY,300,g,TRUE,manual,https://assets.footlocker.com/is/image/FLDM/10944928_01?wid=1600&hei=1600&fmt=png-alpha,1,On Cloudmonster Void Women's Running Shoes - Purple/Purple - primary view,https://assets.footlocker.com/is/image/FLDM/10944928_01?wid=1600&hei=1600&fmt=png-alpha,FALSE,On Cloudmonster Void Women's Running Shoes - Purple/Purple,Shop On Cloudmonster Void Women's Running Shoes - Purple/Purple at Sneaker Head.,Purple,Women's,10944928,https://www.footlocker.com/product/on-cloudmonster-void-womens/10944928.html
,on-cloudmonster-void-women-purple-purple-10944928,,,,,,,,10944928-6-5,7615537726892,Color,Purple/Purple,,Size,6.5,,,,,159.99,170.00,,TRUE,,shopify,8,DENY,300,g,TRUE,manual,,,,https://assets.footlocker.com/is/image/FLDM/10944928_01?wid=1600&hei=1600&fmt=png-alpha,FALSE,,,,,,
,on-cloudmonster-void-women-purple-purple-10944928,,,,,,,,10944928-7,7615537738758,Color,Purple/Purple,,Size,7,,,,,159.99,170.00,,TRUE,,shopify,8,DENY,300,g,TRUE,manual,,,,https://assets.footlocker.com/is/image/FLDM/10944928_01?wid=1600&hei=1600&fmt=png-alpha,FALSE,,,,,,
,on-cloudmonster-void-women-purple-purple-10944928,,,,,,,,10944928-7-5,7615537710228,Color,Purple/Purple,,Size,7.5,,,,,159.99,170.00,,TRUE,,shopify,8,DENY,300,g,TRUE,manual,,,,https://assets.footlocker.com/is/image/FLDM/10944928_01?wid=1600&hei=1600&fmt=png-alpha,FALSE,,,,,,
,on-cloudmonster-void-women-purple-purple-10944928,,,,,,,,10944928-8,7615537709741,Color,Purple/Purple,,Size,8,,,,,159.99,170.00,,TRUE,,shopify,8,DENY,300,g,TRUE,manual,,,,https://assets.footlocker.com/is/image/FLDM/10944928_01?wid=1600&hei=1600&fmt=png-alpha,FALSE,,,,,,
,on-cloudmonster-void-women-purple-purple-10944928,,,,,,,,10944928-8-5,7615537714554,Color,Purple/Purple,,Size,8.5,,,,,159.99,170.00,,TRUE,,shopify,8,DENY,300,g,TRUE,manual,,,,https://assets.footlocker.com/is/image/FLDM/10944928_01?wid=1600&hei=1600&fmt=png-alpha,FALSE,,,,,,
,on-cloudmonster-void-women-purple-purple-10944928,,,,,,,,10944928-9,7615537725024,Color,Purple/Purple,,Size,9,,,,,159.99,170.00,,TRUE,,shopify,8,DENY,300,g,TRUE,manual,,,,https://assets.footlocker.com/is/image/FLDM/10944928_01?wid=1600&hei=1600&fmt=png-alpha,FALSE,,,,,,
,on-cloudmonster-void-women-purple-purple-10944928,,,,,,,,10944928-9-5,7615537725567,Color,Purple/Purple,,Size,9.5,,,,,159.99,170.00,,TRUE,,shopify,8,DENY,300,g,TRUE,manual,,,,https://assets.footlocker.com/is/image/FLDM/10944928_01?wid=1600&hei=1600&fmt=png-alpha,FALSE,,,,,,
,on-cloudmonster-void-women-purple-purple-10944928,,,,,,,,10944928-10,7615537742069,Color,Purple/Purple,,Size,10,,,,,159.99,170.00,,TRUE,,shopify,8,DENY,300,g,TRUE,manual,,,,https://assets.footlocker.com/is/image/FLDM/10944928_01?wid=1600&hei=1600&fmt=png-alpha,FALSE,,,,,,
,on-cloudmonster-void-women-purple-purple-10944928,,,,,,,,10944928-11,7615537741635,Color,Purple/Purple,,Size,11,,,,,159.99,170.00,,TRUE,,shopify,8,DENY,300,g,TRUE,manual,,,,https://assets.footlocker.com/is/image/FLDM/10944928_01?wid=1600&hei=1600&fmt=png-alpha,FALSE,,,,,,
,on-cloudmonster-void-women-purple-purple-10944928,,,,,,,,,,,,,,,,,,,,,,,,,,,,,,,https://assets.footlocker.com/is/image/FLDM/10944928_03?wid=1600&hei=1600&fmt=png-alpha,2,On Cloudmonster Void Women's Running Shoes - Purple/Purple - view 2,,,,,,,,
,on-cloudmonster-void-women-purple-purple-10944928,,,,,,,,,,,,,,,,,,,,,,,,,,,,,,,https://assets.footlocker.com/is/image/FLDM/10944928_04?wid=1600&hei=1600&fmt=png-alpha,3,On Cloudmonster Void Women's Running Shoes - Purple/Purple - view 3,,,,,,,,
,on-cloudmonster-void-women-purple-purple-10944928,,,,,,,,,,,,,,,,,,,,,,,,,,,,,,,https://assets.footlocker.com/is/image/FLDM/10944928_05?wid=1600&hei=1600&fmt=png-alpha,4,On Cloudmonster Void Women's Running Shoes - Purple/Purple - view 4,,,,,,,,
,on-cloudmonster-void-women-purple-purple-10944928,,,,,,,,,,,,,,,,,,,,,,,,,,,,,,,https://assets.footlocker.com/is/image/FLDM/10944928_06?wid=1600&hei=1600&fmt=png-alpha,5,On Cloudmonster Void Women's Running Shoes - Purple/Purple - view 5,,,,,,,,
On Cloudmonster Void Women's Running Shoes - White/Ivory,on-cloudmonster-void-women-white-ivory-10943334,"<p>Redefine your style and stride with the On Cloudmonster Void. Featuring a Helion superfoam midsole with the same iconic cushioning and bottom unit as the OG, these maximalist silhouettes provide unmatched comfort and stability for every adventure. The updated haptic mesh upper offers excellent ventilation and a lightweight fit for all-day comfort. Plus, the rubber pads on the outsole ensure a secure grip and traction. Stay bold, celebrate your uniqueness, and get weird all day with the On Cloudmonster Void.</p> <p><strong>On Cloudmonster Void features:</strong></p> <ul> <li>Soft finish on the tongue provides comfort.</li> <li>Durable TPU eyelet stays bring strength and durability.</li> <li>Upgraded branded elements add a pop of style and a modern touch.</li> </ul><hr /><p>Long days on your feet call for cushioning that stays comfortable from morning to night. The On Cloudmonster Void blends the bold, max-cushioned feel of the original with an updated haptic mesh upper for lightweight breathability, while the soft tongue and grippy outsole pads help keep every step smooth, stable, and ready for whatever the day brings.</p><ul><li>Helion superfoam midsole delivers the same iconic cushioning and bottom unit as the OG.</li><li>Updated haptic mesh upper provides a light, airy feel.</li><li>Soft-finish tongue adds step-in comfort.</li><li>Durable TPU eyelet stays help reinforce the lacing system.</li><li>Rubber pads on the outsole enhance traction.</li><li>Upgraded branded details add a modern finish.</li></ul>  <p><strong>Size &amp; Fit Guidance</strong></p><p>For the best fit, we recommend going with your usual size for most wearers. If you prefer a little extra toe room or are between sizes, some reviewers found a half-size up more comfortable.</p>  <p><strong>Best For</strong></p><p>Ideal for all-day wear, commuting, school, travel, and jobs that keep you on your feet, with enough versatility for light runs and mixed workouts.</p>  <p><strong>Styling &amp; Versatility</strong></p><p>The sleek upper and oversized CloudTec sole give this pair a modern, performance-inspired look that works easily into everyday rotation. Reviewers especially like it for pairing with casual outfits and workwear like scrubs when comfort is the priority.</p>",On Running,Apparel & Accessories > Shoes,Running Shoes,"footlocker-expansion-batch-2026-09, footlocker-source, new-arrivals, on-running, style:10943334, women, Running, running, sale",TRUE,Active,10943334-6,7615537721040,Color,White/Ivory,,Size,6,,,,,139.99,170.00,,TRUE,,shopify,8,DENY,300,g,TRUE,manual,https://assets.footlocker.com/is/image/FLDM/10943334_01?wid=1600&hei=1600&fmt=png-alpha,1,On Cloudmonster Void Women's Running Shoes - White/Ivory - primary view,https://assets.footlocker.com/is/image/FLDM/10943334_01?wid=1600&hei=1600&fmt=png-alpha,FALSE,On Cloudmonster Void Women's Running Shoes - White/Ivory,Shop On Cloudmonster Void Women's Running Shoes - White/Ivory at Sneaker Head.,Tan,Women's,10943334,https://www.footlocker.com/product/on-cloudmonster-void-womens/10943334.html
,on-cloudmonster-void-women-white-ivory-10943334,,,,,,,,10943334-6-5,7615537725734,Color,White/Ivory,,Size,6.5,,,,,139.99,170.00,,TRUE,,shopify,8,DENY,300,g,TRUE,manual,,,,https://assets.footlocker.com/is/image/FLDM/10943334_01?wid=1600&hei=1600&fmt=png-alpha,FALSE,,,,,,
,on-cloudmonster-void-women-white-ivory-10943334,,,,,,,,10943334-7,7615537712284,Color,White/Ivory,,Size,7,,,,,139.99,170.00,,TRUE,,shopify,8,DENY,300,g,TRUE,manual,,,,https://assets.footlocker.com/is/image/FLDM/10943334_01?wid=1600&hei=1600&fmt=png-alpha,FALSE,,,,,,
,on-cloudmonster-void-women-white-ivory-10943334,,,,,,,,10943334-7-5,7615537737164,Color,White/Ivory,,Size,7.5,,,,,139.99,170.00,,TRUE,,shopify,8,DENY,300,g,TRUE,manual,,,,https://assets.footlocker.com/is/image/FLDM/10943334_01?wid=1600&hei=1600&fmt=png-alpha,FALSE,,,,,,
,on-cloudmonster-void-women-white-ivory-10943334,,,,,,,,10943334-8,7615537712475,Color,White/Ivory,,Size,8,,,,,139.99,170.00,,TRUE,,shopify,8,DENY,300,g,TRUE,manual,,,,https://assets.footlocker.com/is/image/FLDM/10943334_01?wid=1600&hei=1600&fmt=png-alpha,FALSE,,,,,,
,on-cloudmonster-void-women-white-ivory-10943334,,,,,,,,10943334-8-5,7615537715582,Color,White/Ivory,,Size,8.5,,,,,139.99,170.00,,TRUE,,shopify,8,DENY,300,g,TRUE,manual,,,,https://assets.footlocker.com/is/image/FLDM/10943334_01?wid=1600&hei=1600&fmt=png-alpha,FALSE,,,,,,
,on-cloudmonster-void-women-white-ivory-10943334,,,,,,,,10943334-9,7615537736051,Color,White/Ivory,,Size,9,,,,,139.99,170.00,,TRUE,,shopify,8,DENY,300,g,TRUE,manual,,,,https://assets.footlocker.com/is/image/FLDM/10943334_01?wid=1600&hei=1600&fmt=png-alpha,FALSE,,,,,,
,on-cloudmonster-void-women-white-ivory-10943334,,,,,,,,10943334-9-5,7615537732022,Color,White/Ivory,,Size,9.5,,,,,139.99,170.00,,TRUE,,shopify,8,DENY,300,g,TRUE,manual,,,,https://assets.footlocker.com/is/image/FLDM/10943334_01?wid=1600&hei=1600&fmt=png-alpha,FALSE,,,,,,
,on-cloudmonster-void-women-white-ivory-10943334,,,,,,,,10943334-10,7615537714349,Color,White/Ivory,,Size,10,,,,,139.99,170.00,,TRUE,,shopify,8,DENY,300,g,TRUE,manual,,,,https://assets.footlocker.com/is/image/FLDM/10943334_01?wid=1600&hei=1600&fmt=png-alpha,FALSE,,,,,,
,on-cloudmonster-void-women-white-ivory-10943334,,,,,,,,,,,,,,,,,,,,,,,,,,,,,,,https://assets.footlocker.com/is/image/FLDM/10943334_03?wid=1600&hei=1600&fmt=png-alpha,2,On Cloudmonster Void Women's Running Shoes - White/Ivory - view 2,,,,,,,,
,on-cloudmonster-void-women-white-ivory-10943334,,,,,,,,,,,,,,,,,,,,,,,,,,,,,,,https://assets.footlocker.com/is/image/FLDM/10943334_04?wid=1600&hei=1600&fmt=png-alpha,3,On Cloudmonster Void Women's Running Shoes - White/Ivory - view 3,,,,,,,,
,on-cloudmonster-void-women-white-ivory-10943334,,,,,,,,,,,,,,,,,,,,,,,,,,,,,,,https://assets.footlocker.com/is/image/FLDM/10943334_05?wid=1600&hei=1600&fmt=png-alpha,4,On Cloudmonster Void Women's Running Shoes - White/Ivory - view 4,,,,,,,,
,on-cloudmonster-void-women-white-ivory-10943334,,,,,,,,,,,,,,,,,,,,,,,,,,,,,,,https://assets.footlocker.com/is/image/FLDM/10943334_06?wid=1600&hei=1600&fmt=png-alpha,5,On Cloudmonster Void Women's Running Shoes - White/Ivory - view 5,,,,,,,,
On Cloudmonster Void Women's Running Shoes - White/White,on-cloudmonster-void-women-white-white-10491200,"<p>Redefine your style and stride with the On Cloudmonster Void. Featuring a Helion superfoam midsole with the same iconic cushioning and bottom unit as the OG, these maximalist silhouettes provide unmatched comfort and stability for every adventure. The updated haptic mesh upper offers excellent ventilation and a lightweight fit for all-day comfort. Plus, the rubber pads on the outsole ensure a secure grip and traction. Stay bold, celebrate your uniqueness, and get weird all day with the On Cloudmonster Void.</p> <p><strong>On Cloudmonster Void features:</strong></p> <ul> <li>Soft finish on the tongue provides comfort.</li> <li>Durable TPU eyelet stays bring strength and durability.</li> <li>Upgraded branded elements add a pop of style and a modern touch.</li> </ul><hr /><p>Long days on your feet call for cushioning that stays comfortable from morning to night. The On Cloudmonster Void blends the bold, max-cushioned feel of the original with an updated haptic mesh upper for lightweight breathability, while the soft tongue and grippy outsole pads help keep every step smooth, stable, and ready for whatever the day brings.</p><ul><li>Helion superfoam midsole delivers the same iconic cushioning and bottom unit as the OG.</li><li>Updated haptic mesh upper provides a light, airy feel.</li><li>Soft-finish tongue adds step-in comfort.</li><li>Durable TPU eyelet stays help reinforce the lacing system.</li><li>Rubber pads on the outsole enhance traction.</li><li>Upgraded branded details add a modern finish.</li></ul>  <p><strong>Size &amp; Fit Guidance</strong></p><p>For the best fit, we recommend going with your usual size for most wearers. If you prefer a little extra toe room or are between sizes, some reviewers found a half-size up more comfortable.</p>  <p><strong>Best For</strong></p><p>Ideal for all-day wear, commuting, school, travel, and jobs that keep you on your feet, with enough versatility for light runs and mixed workouts.</p>  <p><strong>Styling &amp; Versatility</strong></p><p>The sleek upper and oversized CloudTec sole give this pair a modern, performance-inspired look that works easily into everyday rotation. Reviewers especially like it for pairing with casual outfits and workwear like scrubs when comfort is the priority.</p>",On Running,Apparel & Accessories > Shoes,Running Shoes,"footlocker-expansion-batch-2026-09, footlocker-source, new-arrivals, on-running, style:10491200, women, Running, running",TRUE,Active,10491200-6-5,7615537236971,Color,White/White,,Size,6.5,,,,,170.00,,,TRUE,,shopify,8,DENY,300,g,TRUE,manual,https://assets.footlocker.com/is/image/FLDM/10491200_01?wid=1600&hei=1600&fmt=png-alpha,1,On Cloudmonster Void Women's Running Shoes - White/White - primary view,https://assets.footlocker.com/is/image/FLDM/10491200_01?wid=1600&hei=1600&fmt=png-alpha,FALSE,On Cloudmonster Void Women's Running Shoes - White/White,Shop On Cloudmonster Void Women's Running Shoes - White/White at Sneaker Head.,White,Women's,10491200,https://www.footlocker.com/product/on-cloudmonster-void-womens/10491200.html
,on-cloudmonster-void-women-white-white-10491200,,,,,,,,10491200-7,7615537236988,Color,White/White,,Size,7,,,,,170.00,,,TRUE,,shopify,8,DENY,300,g,TRUE,manual,,,,https://assets.footlocker.com/is/image/FLDM/10491200_01?wid=1600&hei=1600&fmt=png-alpha,FALSE,,,,,,
,on-cloudmonster-void-women-white-white-10491200,,,,,,,,10491200-7-5,7615537236995,Color,White/White,,Size,7.5,,,,,170.00,,,TRUE,,shopify,8,DENY,300,g,TRUE,manual,,,,https://assets.footlocker.com/is/image/FLDM/10491200_01?wid=1600&hei=1600&fmt=png-alpha,FALSE,,,,,,
,on-cloudmonster-void-women-white-white-10491200,,,,,,,,10491200-8,7615537237008,Color,White/White,,Size,8,,,,,170.00,,,TRUE,,shopify,8,DENY,300,g,TRUE,manual,,,,https://assets.footlocker.com/is/image/FLDM/10491200_01?wid=1600&hei=1600&fmt=png-alpha,FALSE,,,,,,
,on-cloudmonster-void-women-white-white-10491200,,,,,,,,10491200-8-5,7615537237015,Color,White/White,,Size,8.5,,,,,170.00,,,TRUE,,shopify,8,DENY,300,g,TRUE,manual,,,,https://assets.footlocker.com/is/image/FLDM/10491200_01?wid=1600&hei=1600&fmt=png-alpha,FALSE,,,,,,
,on-cloudmonster-void-women-white-white-10491200,,,,,,,,10491200-9,7615537237022,Color,White/White,,Size,9,,,,,170.00,,,TRUE,,shopify,8,DENY,300,g,TRUE,manual,,,,https://assets.footlocker.com/is/image/FLDM/10491200_01?wid=1600&hei=1600&fmt=png-alpha,FALSE,,,,,,
,on-cloudmonster-void-women-white-white-10491200,,,,,,,,10491200-9-5,7615537237039,Color,White/White,,Size,9.5,,,,,170.00,,,TRUE,,shopify,8,DENY,300,g,TRUE,manual,,,,https://assets.footlocker.com/is/image/FLDM/10491200_01?wid=1600&hei=1600&fmt=png-alpha,FALSE,,,,,,
,on-cloudmonster-void-women-white-white-10491200,,,,,,,,10491200-10,7615537237046,Color,White/White,,Size,10,,,,,170.00,,,TRUE,,shopify,8,DENY,300,g,TRUE,manual,,,,https://assets.footlocker.com/is/image/FLDM/10491200_01?wid=1600&hei=1600&fmt=png-alpha,FALSE,,,,,,
,on-cloudmonster-void-women-white-white-10491200,,,,,,,,10491200-11,7615537237060,Color,White/White,,Size,11,,,,,170.00,,,TRUE,,shopify,8,DENY,300,g,TRUE,manual,,,,https://assets.footlocker.com/is/image/FLDM/10491200_01?wid=1600&hei=1600&fmt=png-alpha,FALSE,,,,,,
,on-cloudmonster-void-women-white-white-10491200,,,,,,,,,,,,,,,,,,,,,,,,,,,,,,,https://assets.footlocker.com/is/image/FLDM/10491200_02?wid=1600&hei=1600&fmt=png-alpha,2,On Cloudmonster Void Women's Running Shoes - White/White - view 2,,,,,,,,
,on-cloudmonster-void-women-white-white-10491200,,,,,,,,,,,,,,,,,,,,,,,,,,,,,,,https://assets.footlocker.com/is/image/FLDM/10491200_03?wid=1600&hei=1600&fmt=png-alpha,3,On Cloudmonster Void Women's Running Shoes - White/White - view 3,,,,,,,,
,on-cloudmonster-void-women-white-white-10491200,,,,,,,,,,,,,,,,,,,,,,,,,,,,,,,https://assets.footlocker.com/is/image/FLDM/10491200_04?wid=1600&hei=1600&fmt=png-alpha,4,On Cloudmonster Void Women's Running Shoes - White/White - view 4,,,,,,,,
,on-cloudmonster-void-women-white-white-10491200,,,,,,,,,,,,,,,,,,,,,,,,,,,,,,,https://assets.footlocker.com/is/image/FLDM/10491200_05?wid=1600&hei=1600&fmt=png-alpha,5,On Cloudmonster Void Women's Running Shoes - White/White - view 5,,,,,,,,
On Cloudmonster Void Women's Running Shoes - White/White,on-cloudmonster-void-women-white-white-10811200,"<p>Redefine your style and stride with the On Cloudmonster Void. Featuring a Helion superfoam midsole with the same iconic cushioning and bottom unit as the OG, these maximalist silhouettes provide unmatched comfort and stability for every adventure. The updated haptic mesh upper offers excellent ventilation and a lightweight fit for all-day comfort. Plus, the rubber pads on the outsole ensure a secure grip and traction. Stay bold, celebrate your uniqueness, and get weird all day with the On Cloudmonster Void.</p> <p><strong>On Cloudmonster Void features:</strong></p> <ul> <li>Soft finish on the tongue provides comfort.</li> <li>Durable TPU eyelet stays bring strength and durability.</li> <li>Upgraded branded elements add a pop of style and a modern touch.</li> </ul><hr /><p>Long days on your feet call for cushioning that stays comfortable from morning to night. The On Cloudmonster Void blends the bold, max-cushioned feel of the original with an updated haptic mesh upper for lightweight breathability, while the soft tongue and grippy outsole pads help keep every step smooth, stable, and ready for whatever the day brings.</p><ul><li>Helion superfoam midsole delivers the same iconic cushioning and bottom unit as the OG.</li><li>Updated haptic mesh upper provides a light, airy feel.</li><li>Soft-finish tongue adds step-in comfort.</li><li>Durable TPU eyelet stays help reinforce the lacing system.</li><li>Rubber pads on the outsole enhance traction.</li><li>Upgraded branded details add a modern finish.</li></ul>  <p><strong>Size &amp; Fit Guidance</strong></p><p>For the best fit, we recommend going with your usual size for most wearers. If you prefer a little extra toe room or are between sizes, some reviewers found a half-size up more comfortable.</p>  <p><strong>Best For</strong></p><p>Ideal for all-day wear, commuting, school, travel, and jobs that keep you on your feet, with enough versatility for light runs and mixed workouts.</p>  <p><strong>Styling &amp; Versatility</strong></p><p>The sleek upper and oversized CloudTec sole give this pair a modern, performance-inspired look that works easily into everyday rotation. Reviewers especially like it for pairing with casual outfits and workwear like scrubs when comfort is the priority.</p>",On Running,Apparel & Accessories > Shoes,Running Shoes,"footlocker-expansion-batch-2026-09, footlocker-source, new-arrivals, on-running, style:10811200, women, Running, running",TRUE,Active,10811200-6,7615537629261,Color,White/White,,Size,6,,,,,170.00,,,TRUE,,shopify,8,DENY,300,g,TRUE,manual,https://assets.footlocker.com/is/image/FLDM/10811200_01?wid=1600&hei=1600&fmt=png-alpha,1,On Cloudmonster Void Women's Running Shoes - White/White - primary view,https://assets.footlocker.com/is/image/FLDM/10811200_01?wid=1600&hei=1600&fmt=png-alpha,FALSE,On Cloudmonster Void Women's Running Shoes - White/White,Shop On Cloudmonster Void Women's Running Shoes - White/White at Sneaker Head.,White,Women's,10811200,https://www.footlocker.com/product/on-cloudmonster-void-womens/10811200.html
,on-cloudmonster-void-women-white-white-10811200,,,,,,,,10811200-6-5,7615537629278,Color,White/White,,Size,6.5,,,,,170.00,,,TRUE,,shopify,8,DENY,300,g,TRUE,manual,,,,https://assets.footlocker.com/is/image/FLDM/10811200_01?wid=1600&hei=1600&fmt=png-alpha,FALSE,,,,,,
,on-cloudmonster-void-women-white-white-10811200,,,,,,,,10811200-7,7615537629285,Color,White/White,,Size,7,,,,,170.00,,,TRUE,,shopify,8,DENY,300,g,TRUE,manual,,,,https://assets.footlocker.com/is/image/FLDM/10811200_01?wid=1600&hei=1600&fmt=png-alpha,FALSE,,,,,,
,on-cloudmonster-void-women-white-white-10811200,,,,,,,,10811200-7-5,7615537629292,Color,White/White,,Size,7.5,,,,,170.00,,,TRUE,,shopify,8,DENY,300,g,TRUE,manual,,,,https://assets.footlocker.com/is/image/FLDM/10811200_01?wid=1600&hei=1600&fmt=png-alpha,FALSE,,,,,,
,on-cloudmonster-void-women-white-white-10811200,,,,,,,,10811200-8,7615537629308,Color,White/White,,Size,8,,,,,170.00,,,TRUE,,shopify,8,DENY,300,g,TRUE,manual,,,,https://assets.footlocker.com/is/image/FLDM/10811200_01?wid=1600&hei=1600&fmt=png-alpha,FALSE,,,,,,
,on-cloudmonster-void-women-white-white-10811200,,,,,,,,10811200-8-5,7615537629315,Color,White/White,,Size,8.5,,,,,170.00,,,TRUE,,shopify,8,DENY,300,g,TRUE,manual,,,,https://assets.footlocker.com/is/image/FLDM/10811200_01?wid=1600&hei=1600&fmt=png-alpha,FALSE,,,,,,
,on-cloudmonster-void-women-white-white-10811200,,,,,,,,10811200-9,7615537629322,Color,White/White,,Size,9,,,,,170.00,,,TRUE,,shopify,8,DENY,300,g,TRUE,manual,,,,https://assets.footlocker.com/is/image/FLDM/10811200_01?wid=1600&hei=1600&fmt=png-alpha,FALSE,,,,,,
,on-cloudmonster-void-women-white-white-10811200,,,,,,,,10811200-9-5,7615537629339,Color,White/White,,Size,9.5,,,,,170.00,,,TRUE,,shopify,8,DENY,300,g,TRUE,manual,,,,https://assets.footlocker.com/is/image/FLDM/10811200_01?wid=1600&hei=1600&fmt=png-alpha,FALSE,,,,,,
,on-cloudmonster-void-women-white-white-10811200,,,,,,,,10811200-10,7615537629346,Color,White/White,,Size,10,,,,,170.00,,,TRUE,,shopify,8,DENY,300,g,TRUE,manual,,,,https://assets.footlocker.com/is/image/FLDM/10811200_01?wid=1600&hei=1600&fmt=png-alpha,FALSE,,,,,,
,on-cloudmonster-void-women-white-white-10811200,,,,,,,,,,,,,,,,,,,,,,,,,,,,,,,https://assets.footlocker.com/is/image/FLDM/10811200_02?wid=1600&hei=1600&fmt=png-alpha,2,On Cloudmonster Void Women's Running Shoes - White/White - view 2,,,,,,,,
,on-cloudmonster-void-women-white-white-10811200,,,,,,,,,,,,,,,,,,,,,,,,,,,,,,,https://assets.footlocker.com/is/image/FLDM/10811200_03?wid=1600&hei=1600&fmt=png-alpha,3,On Cloudmonster Void Women's Running Shoes - White/White - view 3,,,,,,,,
,on-cloudmonster-void-women-white-white-10811200,,,,,,,,,,,,,,,,,,,,,,,,,,,,,,,https://assets.footlocker.com/is/image/FLDM/10811200_04?wid=1600&hei=1600&fmt=png-alpha,4,On Cloudmonster Void Women's Running Shoes - White/White - view 4,,,,,,,,
,on-cloudmonster-void-women-white-white-10811200,,,,,,,,,,,,,,,,,,,,,,,,,,,,,,,https://assets.footlocker.com/is/image/FLDM/10811200_05?wid=1600&hei=1600&fmt=png-alpha,5,On Cloudmonster Void Women's Running Shoes - White/White - view 5,,,,,,,,
Salomon XT-Whisper Women's Trail Shoes - Castlerock/Footwear Silver,salomon-xt-whisper-women-castlerock-footwear-silver-49219300,"<p>Conquer the terrain with the Salomon XT-WHISPER. Rooted in the legendary XT lineage, these sneakers blend a provocatively textured upper with a modern wavy SensiFit design for a secure foothold. The play on matte and shiny finishes adds depth, while the Agile Chassis System provides the stability and dampening needed for every stride. Step into heritage performance with the Salomon XT-WHISPER.<br><ul><li>3D open mesh upper provides maximum breathability</li><li>SensiFit cradles the foot for a virtually customized fit</li><li>Quicklace system ensures a snug and impeccable hold</li><li>Anti-debris tongue offers an extra level of protection</li><li>Agile Chassis System works with the EnergyCell midsole for stability</li><li>Lugged rubber outsole delivers reliable traction</li></ul><br><b>Material & Care</b><br><ul><li>Textile and synthetic upper</li><li>Rubber outsole</li></ul><br><b>Size & Fit</b><br><ul><li>Low-top activewear silhouette</li><li>Flexible insole for comfortable movement</li><li>Arch support for all-day wearability</li></ul></p>",Salomon,Apparel & Accessories > Shoes,Trail Shoes,"footlocker-expansion-batch-2026-09, footlocker-source, new-arrivals, salomon, style:49219300, women, trail, Running",TRUE,Active,49219300-7,198720329829,Color,Castlerock/Footwear Silver,,Size,7,,,,,145.00,,,TRUE,,shopify,8,DENY,300,g,TRUE,manual,https://assets.footlocker.com/is/image/FLDM/49219300_01?wid=1600&hei=1600&fmt=png-alpha,1,Salomon XT-Whisper Women's Trail Shoes - Castlerock/Footwear Silver - primary view,https://assets.footlocker.com/is/image/FLDM/49219300_01?wid=1600&hei=1600&fmt=png-alpha,FALSE,Salomon XT-Whisper Women's Trail Shoes - Castlerock/Footwear Silver,Shop Salomon XT-Whisper Women's Trail Shoes - Castlerock/Footwear Silver at Sneaker Head.,Grey,Women's,49219300,https://www.footlocker.com/product/salomon-xt-whisper-womens/49219300.html
,salomon-xt-whisper-women-castlerock-footwear-silver-49219300,,,,,,,,,,,,,,,,,,,,,,,,,,,,,,,https://assets.footlocker.com/is/image/FLDM/49219300_03?wid=1600&hei=1600&fmt=png-alpha,2,Salomon XT-Whisper Women's Trail Shoes - Castlerock/Footwear Silver - view 2,,,,,,,,
,salomon-xt-whisper-women-castlerock-footwear-silver-49219300,,,,,,,,,,,,,,,,,,,,,,,,,,,,,,,https://assets.footlocker.com/is/image/FLDM/49219300_04?wid=1600&hei=1600&fmt=png-alpha,3,Salomon XT-Whisper Women's Trail Shoes - Castlerock/Footwear Silver - view 3,,,,,,,,
,salomon-xt-whisper-women-castlerock-footwear-silver-49219300,,,,,,,,,,,,,,,,,,,,,,,,,,,,,,,https://assets.footlocker.com/is/image/FLDM/49219300_05?wid=1600&hei=1600&fmt=png-alpha,4,Salomon XT-Whisper Women's Trail Shoes - Castlerock/Footwear Silver - view 4,,,,,,,,
,salomon-xt-whisper-women-castlerock-footwear-silver-49219300,,,,,,,,,,,,,,,,,,,,,,,,,,,,,,,https://assets.footlocker.com/is/image/FLDM/49219300_06?wid=1600&hei=1600&fmt=png-alpha,5,Salomon XT-Whisper Women's Trail Shoes - Castlerock/Footwear Silver - view 5,,,,,,,,
Salomon XT-Whisper Women's Trail Shoes - Lilac Ash/Fiesta/Dawn Pink,salomon-xt-whisper-women-lilac-ash-fiesta-dawn-pink-l491859,"<p>Conquer the terrain with the Salomon XT-WHISPER. Rooted in the legendary XT lineage, these sneakers blend a provocatively textured upper with a modern wavy SensiFit design for a secure foothold. The play on matte and shiny finishes adds depth, while the Agile Chassis System provides the stability and dampening needed for every stride. Step into heritage performance with the Salomon XT-WHISPER.<br><ul><li>3D open mesh upper provides maximum breathability</li><li>SensiFit cradles the foot for a virtually customized fit</li><li>Quicklace system ensures a snug and impeccable hold</li><li>Anti-debris tongue offers an extra level of protection</li><li>Agile Chassis System works with the EnergyCell midsole for stability</li><li>Lugged rubber outsole delivers reliable traction</li></ul><br><b>Material & Care</b><br><ul><li>Textile and synthetic upper</li><li>Rubber outsole</li></ul><br><b>Size & Fit</b><br><ul><li>Low-top activewear silhouette</li><li>Flexible insole for comfortable movement</li><li>Arch support for all-day wearability</li></ul></p>",Salomon,Apparel & Accessories > Shoes,Trail Shoes,"footlocker-expansion-batch-2026-09, footlocker-source, new-arrivals, salomon, style:L491859, women, trail, Running",TRUE,Active,L491859-5-5,198720509290,Color,Lilac Ash/Fiesta/Dawn Pink,,Size,5.5,,,,,145.00,,,TRUE,,shopify,8,DENY,300,g,TRUE,manual,https://assets.footlocker.com/is/image/FLDM/L491859_01?wid=1600&hei=1600&fmt=png-alpha,1,Salomon XT-Whisper Women's Trail Shoes - Lilac Ash/Fiesta/Dawn Pink - primary view,https://assets.footlocker.com/is/image/FLDM/L491859_01?wid=1600&hei=1600&fmt=png-alpha,FALSE,Salomon XT-Whisper Women's Trail Shoes - Lilac Ash/Fiesta/Dawn Pink,Shop Salomon XT-Whisper Women's Trail Shoes - Lilac Ash/Fiesta/Dawn Pink at Sneaker Head.,Purple,Women's,L491859,https://www.footlocker.com/product/salomon-xt-whisper-womens/L491859.html
,salomon-xt-whisper-women-lilac-ash-fiesta-dawn-pink-l491859,,,,,,,,L491859-6,198720509269,Color,Lilac Ash/Fiesta/Dawn Pink,,Size,6,,,,,145.00,,,TRUE,,shopify,8,DENY,300,g,TRUE,manual,,,,https://assets.footlocker.com/is/image/FLDM/L491859_01?wid=1600&hei=1600&fmt=png-alpha,FALSE,,,,,,
,salomon-xt-whisper-women-lilac-ash-fiesta-dawn-pink-l491859,,,,,,,,L491859-6-5,198720509368,Color,Lilac Ash/Fiesta/Dawn Pink,,Size,6.5,,,,,145.00,,,TRUE,,shopify,8,DENY,300,g,TRUE,manual,,,,https://assets.footlocker.com/is/image/FLDM/L491859_01?wid=1600&hei=1600&fmt=png-alpha,FALSE,,,,,,
,salomon-xt-whisper-women-lilac-ash-fiesta-dawn-pink-l491859,,,,,,,,L491859-7,198720509375,Color,Lilac Ash/Fiesta/Dawn Pink,,Size,7,,,,,145.00,,,TRUE,,shopify,8,DENY,300,g,TRUE,manual,,,,https://assets.footlocker.com/is/image/FLDM/L491859_01?wid=1600&hei=1600&fmt=png-alpha,FALSE,,,,,,
,salomon-xt-whisper-women-lilac-ash-fiesta-dawn-pink-l491859,,,,,,,,L491859-7-5,198720509313,Color,Lilac Ash/Fiesta/Dawn Pink,,Size,7.5,,,,,145.00,,,TRUE,,shopify,8,DENY,300,g,TRUE,manual,,,,https://assets.footlocker.com/is/image/FLDM/L491859_01?wid=1600&hei=1600&fmt=png-alpha,FALSE,,,,,,
,salomon-xt-whisper-women-lilac-ash-fiesta-dawn-pink-l491859,,,,,,,,L491859-8,198720509344,Color,Lilac Ash/Fiesta/Dawn Pink,,Size,8,,,,,145.00,,,TRUE,,shopify,8,DENY,300,g,TRUE,manual,,,,https://assets.footlocker.com/is/image/FLDM/L491859_01?wid=1600&hei=1600&fmt=png-alpha,FALSE,,,,,,
,salomon-xt-whisper-women-lilac-ash-fiesta-dawn-pink-l491859,,,,,,,,L491859-8-5,198720509405,Color,Lilac Ash/Fiesta/Dawn Pink,,Size,8.5,,,,,145.00,,,TRUE,,shopify,8,DENY,300,g,TRUE,manual,,,,https://assets.footlocker.com/is/image/FLDM/L491859_01?wid=1600&hei=1600&fmt=png-alpha,FALSE,,,,,,
,salomon-xt-whisper-women-lilac-ash-fiesta-dawn-pink-l491859,,,,,,,,,,,,,,,,,,,,,,,,,,,,,,,https://assets.footlocker.com/is/image/FLDM/L491859_03?wid=1600&hei=1600&fmt=png-alpha,2,Salomon XT-Whisper Women's Trail Shoes - Lilac Ash/Fiesta/Dawn Pink - view 2,,,,,,,,
,salomon-xt-whisper-women-lilac-ash-fiesta-dawn-pink-l491859,,,,,,,,,,,,,,,,,,,,,,,,,,,,,,,https://assets.footlocker.com/is/image/FLDM/L491859_04?wid=1600&hei=1600&fmt=png-alpha,3,Salomon XT-Whisper Women's Trail Shoes - Lilac Ash/Fiesta/Dawn Pink - view 3,,,,,,,,
,salomon-xt-whisper-women-lilac-ash-fiesta-dawn-pink-l491859,,,,,,,,,,,,,,,,,,,,,,,,,,,,,,,https://assets.footlocker.com/is/image/FLDM/L491859_05?wid=1600&hei=1600&fmt=png-alpha,4,Salomon XT-Whisper Women's Trail Shoes - Lilac Ash/Fiesta/Dawn Pink - view 4,,,,,,,,
,salomon-xt-whisper-women-lilac-ash-fiesta-dawn-pink-l491859,,,,,,,,,,,,,,,,,,,,,,,,,,,,,,,https://assets.footlocker.com/is/image/FLDM/L491859_06?wid=1600&hei=1600&fmt=png-alpha,5,Salomon XT-Whisper Women's Trail Shoes - Lilac Ash/Fiesta/Dawn Pink - view 5,,,,,,,,
Under Armour Slipspeed Trainer Men's Training Shoes - White/Stellar Pink/Metallic Silver,under-armour-slipspeed-trainer-men-white-stellar-pink-metallic-silver-27049131,"<p>You're not like the rest: You stay relentless in your pursuit of peak athletic ability. Get gear that pushes you to perform at that level with the Under Armour Slipspeed Trainer. Packed and powered to help you push past your limitations, these trainers feature the original UA FLOW Cushioning that puts a spring under your step. The BOA Fit system adapts to the contours of your feet and delivers the perfect fit, while the ISO-Chill padded interior keeps your feet cool at all times. Shush your doubters and break personal records in the Under Armour Slipspeed Trainer.</p> <ul> <li>Breathable upper maximizes comfort.</li> <li>Convertible heel adds functionality.</li> <li>Weight: 10.8 oz.</li> </ul>",Under Armour,Apparel & Accessories > Shoes,Training Shoes,"footlocker-expansion-batch-2026-09, footlocker-source, new-arrivals, under-armour, style:27049131, men, training",TRUE,Active,27049131-10,197778120464,Color,White/Stellar Pink/Metallic Silver,,Size,10,,,,,120.00,,,TRUE,,shopify,8,DENY,300,g,TRUE,manual,https://assets.footlocker.com/is/image/FLDM/27049131_01?wid=1600&hei=1600&fmt=png-alpha,1,Under Armour Slipspeed Trainer Men's Training Shoes - White/Stellar Pink/Metallic Silver - primary view,https://assets.footlocker.com/is/image/FLDM/27049131_01?wid=1600&hei=1600&fmt=png-alpha,FALSE,Under Armour Slipspeed Trainer Men's Training Shoes - White/Stellar Pink/Metallic Silver,Shop Under Armour Slipspeed Trainer Men's Training Shoes - White/Stellar Pink/Metallic Silver at Sneaker Head.,White,Men's,27049131,https://www.footlocker.com/product/under-armour-slipspeed-trainer-mens/27049131.html
,under-armour-slipspeed-trainer-men-white-stellar-pink-metallic-silver-27049131,,,,,,,,27049131-11,197778120488,Color,White/Stellar Pink/Metallic Silver,,Size,11,,,,,120.00,,,TRUE,,shopify,8,DENY,300,g,TRUE,manual,,,,https://assets.footlocker.com/is/image/FLDM/27049131_01?wid=1600&hei=1600&fmt=png-alpha,FALSE,,,,,,
,under-armour-slipspeed-trainer-men-white-stellar-pink-metallic-silver-27049131,,,,,,,,,,,,,,,,,,,,,,,,,,,,,,,https://assets.footlocker.com/is/image/FLDM/27049131_02?wid=1600&hei=1600&fmt=png-alpha,2,Under Armour Slipspeed Trainer Men's Training Shoes - White/Stellar Pink/Metallic Silver - view 2,,,,,,,,
,under-armour-slipspeed-trainer-men-white-stellar-pink-metallic-silver-27049131,,,,,,,,,,,,,,,,,,,,,,,,,,,,,,,https://assets.footlocker.com/is/image/FLDM/27049131_03?wid=1600&hei=1600&fmt=png-alpha,3,Under Armour Slipspeed Trainer Men's Training Shoes - White/Stellar Pink/Metallic Silver - view 3,,,,,,,,
,under-armour-slipspeed-trainer-men-white-stellar-pink-metallic-silver-27049131,,,,,,,,,,,,,,,,,,,,,,,,,,,,,,,https://assets.footlocker.com/is/image/FLDM/27049131_04?wid=1600&hei=1600&fmt=png-alpha,4,Under Armour Slipspeed Trainer Men's Training Shoes - White/Stellar Pink/Metallic Silver - view 4,,,,,,,,
,under-armour-slipspeed-trainer-men-white-stellar-pink-metallic-silver-27049131,,,,,,,,,,,,,,,,,,,,,,,,,,,,,,,https://assets.footlocker.com/is/image/FLDM/27049131_05?wid=1600&hei=1600&fmt=png-alpha,5,Under Armour Slipspeed Trainer Men's Training Shoes - White/Stellar Pink/Metallic Silver - view 5,,,,,,,,
Under Armour Slipspeed Trainer Men's Training Shoes - White/White/White,under-armour-slipspeed-trainer-men-white-white-white-27049125,"<p>You're not like the rest: You stay relentless in your pursuit of peak athletic ability. Get gear that pushes you to perform at that level with the Under Armour Slipspeed Trainer. Packed and powered to help you push past your limitations, these trainers feature the original UA FLOW Cushioning that puts a spring under your step. The BOA Fit system adapts to the contours of your feet and delivers the perfect fit, while the ISO-Chill padded interior keeps your feet cool at all times. Shush your doubters and break personal records in the Under Armour Slipspeed Trainer.</p> <ul> <li>Breathable upper maximizes comfort.</li> <li>Convertible heel adds functionality.</li> <li>Weight: 10.8 oz.</li> </ul>",Under Armour,Apparel & Accessories > Shoes,Training Shoes,"footlocker-expansion-batch-2026-09, footlocker-source, new-arrivals, under-armour, style:27049125, men, training",TRUE,Active,27049125-7-5,196886474070,Color,White/White/White,,Size,7.5,,,,,120.00,,,TRUE,,shopify,8,DENY,300,g,TRUE,manual,https://assets.footlocker.com/is/image/FLDM/27049125_01?wid=1600&hei=1600&fmt=png-alpha,1,Under Armour Slipspeed Trainer Men's Training Shoes - White/White/White - primary view,https://assets.footlocker.com/is/image/FLDM/27049125_01?wid=1600&hei=1600&fmt=png-alpha,FALSE,Under Armour Slipspeed Trainer Men's Training Shoes - White/White/White,Shop Under Armour Slipspeed Trainer Men's Training Shoes - White/White/White at Sneaker Head.,White,Men's,27049125,https://www.footlocker.com/product/under-armour-slipspeed-trainer-mens/27049125.html
,under-armour-slipspeed-trainer-men-white-white-white-27049125,,,,,,,,,,,,,,,,,,,,,,,,,,,,,,,https://assets.footlocker.com/is/image/FLDM/27049125_02?wid=1600&hei=1600&fmt=png-alpha,2,Under Armour Slipspeed Trainer Men's Training Shoes - White/White/White - view 2,,,,,,,,
,under-armour-slipspeed-trainer-men-white-white-white-27049125,,,,,,,,,,,,,,,,,,,,,,,,,,,,,,,https://assets.footlocker.com/is/image/FLDM/27049125_03?wid=1600&hei=1600&fmt=png-alpha,3,Under Armour Slipspeed Trainer Men's Training Shoes - White/White/White - view 3,,,,,,,,
,under-armour-slipspeed-trainer-men-white-white-white-27049125,,,,,,,,,,,,,,,,,,,,,,,,,,,,,,,https://assets.footlocker.com/is/image/FLDM/27049125_04?wid=1600&hei=1600&fmt=png-alpha,4,Under Armour Slipspeed Trainer Men's Training Shoes - White/White/White - view 4,,,,,,,,
,under-armour-slipspeed-trainer-men-white-white-white-27049125,,,,,,,,,,,,,,,,,,,,,,,,,,,,,,,https://assets.footlocker.com/is/image/FLDM/27049125_05?wid=1600&hei=1600&fmt=png-alpha,5,Under Armour Slipspeed Trainer Men's Training Shoes - White/White/White - view 5,,,,,,,,
