Title,URL handle,Description,Vendor,Product category,Type,Tags,Published on online store,Status,SKU,Barcode,Option1 name,Option1 value,Option1 Linked To,Option2 name,Option2 value,Option2 Linked To,Option3 name,Option3 value,Option3 Linked To,Price,Compare-at price,Cost per item,Charge tax,Tax code,Inventory tracker,Inventory quantity,Continue selling when out of stock,Weight value (grams),Weight unit for display,Requires shipping,Fulfillment service,Product image URL,Image position,Image alt text,Variant image URL,Gift card,SEO title,SEO description,Color (product.metafields.shopify.color-pattern),Gender (product.metafields.custom.gender),Source SKU (product.metafields.custom.source_sku),Source URL (product.metafields.custom.source_url)
adidas Adizero Evo SL Men's Running Shoes - Black/Black,adidas-adizero-evo-sl-men-black-black-kh9858,"<p>Experience unmatched speed and an energetic performance boost with the adidas adiZero Evo SL. Inspired by the record-breaking EVO 1, these shoes combine innovative technology with lightweight materials to help you push your limits in every run. The synthetic and textile upper ensures durability, breathability, and targeted support, while the Lightstrike Pro technology delivers super-light cushioning to keep you fast and agile on your feet. Constructed with at least 20% recycled content, the adidas adiZero Evo SL brings peak performance and sustainability, making every step count.</p> <p><strong>adidas adiZero Evo SL features:</strong></p> <ul> <li>Regular fit gives a relaxed feel.</li> <li>Lace closure provides a snug and customised fit.</li> <li>Textile lining maximises comfort.</li> <li>3-Stripes add a bold, signature look.</li> <li>Small stiffening element ensures a little extra snap in each step.</li> <li>All-surface rubber outsole delivers grip and traction.</li> </ul> <p>*Designed to be a standard fit, not too tight or too loose.<br />**By reusing materials that have already been created, adidas helps to reduce waste and reliance on finite resources and reduce the footprint of the products.</p><hr /><p>When your training week calls for one shoe that can handle easy miles, uptempo sessions, and everything in between, the adidas adiZero Evo SL is ready to go. Inspired by the record-breaking EVO 1, this running shoe combines a lightweight build with energetic cushioning to keep transitions smooth and your stride feeling fast, whether you’re logging daily miles or picking up the pace.</p> <ul> <li>Synthetic and textile upper offers lightweight breathability and targeted support.</li> <li>Lightstrike Pro cushioning delivers a soft, springy, super-light ride.</li> <li>Small stiffening element adds a little extra snap through toe-off.</li> <li>Lace closure and textile lining help create a secure, comfortable fit.</li> <li>Rubber outsole provides reliable traction across surfaces.</li> <li>Made with at least 20% recycled content.</li> </ul> <p><strong>Size & Fit Guidance</strong></p> <p>Most runners say the fit feels true to size with a secure, locked-in feel. For the best fit, we recommend going with your usual size, while runners who prefer a little more room in the forefoot or toe box may want to try a half size up.</p> <p><strong>Best For</strong></p> <p>Best for daily training, speed sessions, and long road runs when you want lightweight comfort with a lively toe-off.</p> <p><strong>Cushioning & Road Feel</strong></p> <p>Reviews consistently highlight the adiZero Evo SL for its bouncy, responsive ride and smooth energy return. It balances protective cushioning with a light, connected feel that works especially well for road miles, tempo efforts, and versatile training days.</p> <p><strong>Break-In & Durability</strong></p> <p>Most runners say the shoe feels comfortable right away, with the fit settling in even more naturally after the first few runs. Reviewers also describe it as a dependable choice for regular training rotations and repeat wear.</p>",adidas,Apparel & Accessories > Shoes,Running Shoes,"footlocker-clean-batch-2026-09, footlocker-source, new-arrivals, adidas, style:KH9858, men, Running, running",TRUE,Active,KH9858-7-5,198325003940,Color,Black/Black,,Size,7.5,,,,,150.00,,,TRUE,,shopify,8,DENY,300,g,TRUE,manual,https://assets.footlocker.com/is/image/FLDM/KH9858_01?wid=1600&hei=1600&fmt=png-alpha,1,adidas Adizero Evo SL Men's Running Shoes - Black/Black - primary view,https://assets.footlocker.com/is/image/FLDM/KH9858_01?wid=1600&hei=1600&fmt=png-alpha,FALSE,adidas Adizero Evo SL Men's Running Shoes - Black/Black,Shop adidas Adizero Evo SL Men's Running Shoes - Black/Black at Sneaker Head.,Black,Men's,KH9858,https://www.footlocker.com/product/adidas-adizero-evo-sl-mens/KH9858.html
,adidas-adizero-evo-sl-men-black-black-kh9858,,,,,,,,KH9858-8,198325004091,Color,Black/Black,,Size,8,,,,,150.00,,,TRUE,,shopify,8,DENY,300,g,TRUE,manual,,,,https://assets.footlocker.com/is/image/FLDM/KH9858_01?wid=1600&hei=1600&fmt=png-alpha,FALSE,,,,,,
,adidas-adizero-evo-sl-men-black-black-kh9858,,,,,,,,KH9858-8-5,198325003995,Color,Black/Black,,Size,8.5,,,,,150.00,,,TRUE,,shopify,8,DENY,300,g,TRUE,manual,,,,https://assets.footlocker.com/is/image/FLDM/KH9858_01?wid=1600&hei=1600&fmt=png-alpha,FALSE,,,,,,
,adidas-adizero-evo-sl-men-black-black-kh9858,,,,,,,,KH9858-9,198325003971,Color,Black/Black,,Size,9,,,,,150.00,,,TRUE,,shopify,8,DENY,300,g,TRUE,manual,,,,https://assets.footlocker.com/is/image/FLDM/KH9858_01?wid=1600&hei=1600&fmt=png-alpha,FALSE,,,,,,
,adidas-adizero-evo-sl-men-black-black-kh9858,,,,,,,,KH9858-9-5,198325004060,Color,Black/Black,,Size,9.5,,,,,150.00,,,TRUE,,shopify,8,DENY,300,g,TRUE,manual,,,,https://assets.footlocker.com/is/image/FLDM/KH9858_01?wid=1600&hei=1600&fmt=png-alpha,FALSE,,,,,,
,adidas-adizero-evo-sl-men-black-black-kh9858,,,,,,,,KH9858-10,198325004008,Color,Black/Black,,Size,10,,,,,150.00,,,TRUE,,shopify,8,DENY,300,g,TRUE,manual,,,,https://assets.footlocker.com/is/image/FLDM/KH9858_01?wid=1600&hei=1600&fmt=png-alpha,FALSE,,,,,,
,adidas-adizero-evo-sl-men-black-black-kh9858,,,,,,,,KH9858-10-5,198325004053,Color,Black/Black,,Size,10.5,,,,,150.00,,,TRUE,,shopify,8,DENY,300,g,TRUE,manual,,,,https://assets.footlocker.com/is/image/FLDM/KH9858_01?wid=1600&hei=1600&fmt=png-alpha,FALSE,,,,,,
,adidas-adizero-evo-sl-men-black-black-kh9858,,,,,,,,KH9858-11,198325004107,Color,Black/Black,,Size,11,,,,,150.00,,,TRUE,,shopify,8,DENY,300,g,TRUE,manual,,,,https://assets.footlocker.com/is/image/FLDM/KH9858_01?wid=1600&hei=1600&fmt=png-alpha,FALSE,,,,,,
,adidas-adizero-evo-sl-men-black-black-kh9858,,,,,,,,KH9858-11-5,198325003988,Color,Black/Black,,Size,11.5,,,,,150.00,,,TRUE,,shopify,8,DENY,300,g,TRUE,manual,,,,https://assets.footlocker.com/is/image/FLDM/KH9858_01?wid=1600&hei=1600&fmt=png-alpha,FALSE,,,,,,
,adidas-adizero-evo-sl-men-black-black-kh9858,,,,,,,,KH9858-12,198325004022,Color,Black/Black,,Size,12,,,,,150.00,,,TRUE,,shopify,8,DENY,300,g,TRUE,manual,,,,https://assets.footlocker.com/is/image/FLDM/KH9858_01?wid=1600&hei=1600&fmt=png-alpha,FALSE,,,,,,
,adidas-adizero-evo-sl-men-black-black-kh9858,,,,,,,,KH9858-12-5,198325000307,Color,Black/Black,,Size,12.5,,,,,150.00,,,TRUE,,shopify,8,DENY,300,g,TRUE,manual,,,,https://assets.footlocker.com/is/image/FLDM/KH9858_01?wid=1600&hei=1600&fmt=png-alpha,FALSE,,,,,,
,adidas-adizero-evo-sl-men-black-black-kh9858,,,,,,,,KH9858-13,198325003964,Color,Black/Black,,Size,13,,,,,150.00,,,TRUE,,shopify,8,DENY,300,g,TRUE,manual,,,,https://assets.footlocker.com/is/image/FLDM/KH9858_01?wid=1600&hei=1600&fmt=png-alpha,FALSE,,,,,,
,adidas-adizero-evo-sl-men-black-black-kh9858,,,,,,,,KH9858-14,198325000321,Color,Black/Black,,Size,14,,,,,150.00,,,TRUE,,shopify,8,DENY,300,g,TRUE,manual,,,,https://assets.footlocker.com/is/image/FLDM/KH9858_01?wid=1600&hei=1600&fmt=png-alpha,FALSE,,,,,,
,adidas-adizero-evo-sl-men-black-black-kh9858,,,,,,,,,,,,,,,,,,,,,,,,,,,,,,,https://assets.footlocker.com/is/image/FLDM/KH9858_03?wid=1600&hei=1600&fmt=png-alpha,2,adidas Adizero Evo SL Men's Running Shoes - Black/Black - view 2,,,,,,,,
,adidas-adizero-evo-sl-men-black-black-kh9858,,,,,,,,,,,,,,,,,,,,,,,,,,,,,,,https://assets.footlocker.com/is/image/FLDM/KH9858_04?wid=1600&hei=1600&fmt=png-alpha,3,adidas Adizero Evo SL Men's Running Shoes - Black/Black - view 3,,,,,,,,
,adidas-adizero-evo-sl-men-black-black-kh9858,,,,,,,,,,,,,,,,,,,,,,,,,,,,,,,https://assets.footlocker.com/is/image/FLDM/KH9858_05?wid=1600&hei=1600&fmt=png-alpha,4,adidas Adizero Evo SL Men's Running Shoes - Black/Black - view 4,,,,,,,,
,adidas-adizero-evo-sl-men-black-black-kh9858,,,,,,,,,,,,,,,,,,,,,,,,,,,,,,,https://assets.footlocker.com/is/image/FLDM/KH9858_06?wid=1600&hei=1600&fmt=png-alpha,5,adidas Adizero Evo SL Men's Running Shoes - Black/Black - view 5,,,,,,,,
adidas Adizero Evo SL Men's Running Shoes - Black/White,adidas-adizero-evo-sl-men-black-white-jh6206,"<p>Experience unmatched speed and an energetic performance boost with the adidas adiZero Evo SL. Inspired by the record-breaking EVO 1, these shoes combine innovative technology with lightweight materials to help you push your limits in every run. The synthetic and textile upper ensures durability, breathability, and targeted support, while the Lightstrike Pro technology delivers super-light cushioning to keep you fast and agile on your feet. Constructed with at least 20% recycled content, the adidas adiZero Evo SL brings peak performance and sustainability, making every step count.</p> <p><strong>adidas adiZero Evo SL features:</strong></p> <ul> <li>Regular fit gives a relaxed feel.</li> <li>Lace closure provides a snug and customised fit.</li> <li>Textile lining maximises comfort.</li> <li>3-Stripes add a bold, signature look.</li> <li>Small stiffening element ensures a little extra snap in each step.</li> <li>All-surface rubber outsole delivers grip and traction.</li> </ul> <p>*Designed to be a standard fit, not too tight or too loose.<br />**By reusing materials that have already been created, adidas helps to reduce waste and reliance on finite resources and reduce the footprint of the products.</p><hr /><p>When your training week calls for one shoe that can handle easy miles, uptempo sessions, and everything in between, the adidas adiZero Evo SL is ready to go. Inspired by the record-breaking EVO 1, this running shoe combines a lightweight build with energetic cushioning to keep transitions smooth and your stride feeling fast, whether you’re logging daily miles or picking up the pace.</p> <ul> <li>Synthetic and textile upper offers lightweight breathability and targeted support.</li> <li>Lightstrike Pro cushioning delivers a soft, springy, super-light ride.</li> <li>Small stiffening element adds a little extra snap through toe-off.</li> <li>Lace closure and textile lining help create a secure, comfortable fit.</li> <li>Rubber outsole provides reliable traction across surfaces.</li> <li>Made with at least 20% recycled content.</li> </ul> <p><strong>Size & Fit Guidance</strong></p> <p>Most runners say the fit feels true to size with a secure, locked-in feel. For the best fit, we recommend going with your usual size, while runners who prefer a little more room in the forefoot or toe box may want to try a half size up.</p> <p><strong>Best For</strong></p> <p>Best for daily training, speed sessions, and long road runs when you want lightweight comfort with a lively toe-off.</p> <p><strong>Cushioning & Road Feel</strong></p> <p>Reviews consistently highlight the adiZero Evo SL for its bouncy, responsive ride and smooth energy return. It balances protective cushioning with a light, connected feel that works especially well for road miles, tempo efforts, and versatile training days.</p> <p><strong>Break-In & Durability</strong></p> <p>Most runners say the shoe feels comfortable right away, with the fit settling in even more naturally after the first few runs. Reviewers also describe it as a dependable choice for regular training rotations and repeat wear.</p>",adidas,Apparel & Accessories > Shoes,Running Shoes,"footlocker-clean-batch-2026-09, footlocker-source, new-arrivals, adidas, style:JH6206, men, Running, running",TRUE,Active,JH6206-7-5,197613215775,Color,Black/White,,Size,7.5,,,,,150.00,,,TRUE,,shopify,8,DENY,300,g,TRUE,manual,https://assets.footlocker.com/is/image/FLDM/JH6206_01?wid=1600&hei=1600&fmt=png-alpha,1,adidas Adizero Evo SL Men's Running Shoes - Black/White - primary view,https://assets.footlocker.com/is/image/FLDM/JH6206_01?wid=1600&hei=1600&fmt=png-alpha,FALSE,adidas Adizero Evo SL Men's Running Shoes - Black/White,Shop adidas Adizero Evo SL Men's Running Shoes - Black/White at Sneaker Head.,White,Men's,JH6206,https://www.footlocker.com/product/adidas-adizero-evo-sl-mens/JH6206.html
,adidas-adizero-evo-sl-men-black-white-jh6206,,,,,,,,JH6206-8,197613215850,Color,Black/White,,Size,8,,,,,150.00,,,TRUE,,shopify,8,DENY,300,g,TRUE,manual,,,,https://assets.footlocker.com/is/image/FLDM/JH6206_01?wid=1600&hei=1600&fmt=png-alpha,FALSE,,,,,,
,adidas-adizero-evo-sl-men-black-white-jh6206,,,,,,,,JH6206-8-5,197613215874,Color,Black/White,,Size,8.5,,,,,150.00,,,TRUE,,shopify,8,DENY,300,g,TRUE,manual,,,,https://assets.footlocker.com/is/image/FLDM/JH6206_01?wid=1600&hei=1600&fmt=png-alpha,FALSE,,,,,,
,adidas-adizero-evo-sl-men-black-white-jh6206,,,,,,,,JH6206-9,197613215799,Color,Black/White,,Size,9,,,,,150.00,,,TRUE,,shopify,8,DENY,300,g,TRUE,manual,,,,https://assets.footlocker.com/is/image/FLDM/JH6206_01?wid=1600&hei=1600&fmt=png-alpha,FALSE,,,,,,
,adidas-adizero-evo-sl-men-black-white-jh6206,,,,,,,,JH6206-9-5,197613215843,Color,Black/White,,Size,9.5,,,,,150.00,,,TRUE,,shopify,8,DENY,300,g,TRUE,manual,,,,https://assets.footlocker.com/is/image/FLDM/JH6206_01?wid=1600&hei=1600&fmt=png-alpha,FALSE,,,,,,
,adidas-adizero-evo-sl-men-black-white-jh6206,,,,,,,,JH6206-10,197613215713,Color,Black/White,,Size,10,,,,,150.00,,,TRUE,,shopify,8,DENY,300,g,TRUE,manual,,,,https://assets.footlocker.com/is/image/FLDM/JH6206_01?wid=1600&hei=1600&fmt=png-alpha,FALSE,,,,,,
,adidas-adizero-evo-sl-men-black-white-jh6206,,,,,,,,JH6206-10-5,197613215805,Color,Black/White,,Size,10.5,,,,,150.00,,,TRUE,,shopify,8,DENY,300,g,TRUE,manual,,,,https://assets.footlocker.com/is/image/FLDM/JH6206_01?wid=1600&hei=1600&fmt=png-alpha,FALSE,,,,,,
,adidas-adizero-evo-sl-men-black-white-jh6206,,,,,,,,JH6206-11,197613215690,Color,Black/White,,Size,11,,,,,150.00,,,TRUE,,shopify,8,DENY,300,g,TRUE,manual,,,,https://assets.footlocker.com/is/image/FLDM/JH6206_01?wid=1600&hei=1600&fmt=png-alpha,FALSE,,,,,,
,adidas-adizero-evo-sl-men-black-white-jh6206,,,,,,,,JH6206-11-5,197613215744,Color,Black/White,,Size,11.5,,,,,150.00,,,TRUE,,shopify,8,DENY,300,g,TRUE,manual,,,,https://assets.footlocker.com/is/image/FLDM/JH6206_01?wid=1600&hei=1600&fmt=png-alpha,FALSE,,,,,,
,adidas-adizero-evo-sl-men-black-white-jh6206,,,,,,,,JH6206-12,197613215836,Color,Black/White,,Size,12,,,,,150.00,,,TRUE,,shopify,8,DENY,300,g,TRUE,manual,,,,https://assets.footlocker.com/is/image/FLDM/JH6206_01?wid=1600&hei=1600&fmt=png-alpha,FALSE,,,,,,
,adidas-adizero-evo-sl-men-black-white-jh6206,,,,,,,,JH6206-12-5,197613215829,Color,Black/White,,Size,12.5,,,,,150.00,,,TRUE,,shopify,8,DENY,300,g,TRUE,manual,,,,https://assets.footlocker.com/is/image/FLDM/JH6206_01?wid=1600&hei=1600&fmt=png-alpha,FALSE,,,,,,
,adidas-adizero-evo-sl-men-black-white-jh6206,,,,,,,,JH6206-13,197613215812,Color,Black/White,,Size,13,,,,,150.00,,,TRUE,,shopify,8,DENY,300,g,TRUE,manual,,,,https://assets.footlocker.com/is/image/FLDM/JH6206_01?wid=1600&hei=1600&fmt=png-alpha,FALSE,,,,,,
,adidas-adizero-evo-sl-men-black-white-jh6206,,,,,,,,JH6206-14,197613215867,Color,Black/White,,Size,14,,,,,150.00,,,TRUE,,shopify,8,DENY,300,g,TRUE,manual,,,,https://assets.footlocker.com/is/image/FLDM/JH6206_01?wid=1600&hei=1600&fmt=png-alpha,FALSE,,,,,,
,adidas-adizero-evo-sl-men-black-white-jh6206,,,,,,,,,,,,,,,,,,,,,,,,,,,,,,,https://assets.footlocker.com/is/image/FLDM/JH6206_02?wid=1600&hei=1600&fmt=png-alpha,2,adidas Adizero Evo SL Men's Running Shoes - Black/White - view 2,,,,,,,,
,adidas-adizero-evo-sl-men-black-white-jh6206,,,,,,,,,,,,,,,,,,,,,,,,,,,,,,,https://assets.footlocker.com/is/image/FLDM/JH6206_03?wid=1600&hei=1600&fmt=png-alpha,3,adidas Adizero Evo SL Men's Running Shoes - Black/White - view 3,,,,,,,,
,adidas-adizero-evo-sl-men-black-white-jh6206,,,,,,,,,,,,,,,,,,,,,,,,,,,,,,,https://assets.footlocker.com/is/image/FLDM/JH6206_04?wid=1600&hei=1600&fmt=png-alpha,4,adidas Adizero Evo SL Men's Running Shoes - Black/White - view 4,,,,,,,,
,adidas-adizero-evo-sl-men-black-white-jh6206,,,,,,,,,,,,,,,,,,,,,,,,,,,,,,,https://assets.footlocker.com/is/image/FLDM/JH6206_05?wid=1600&hei=1600&fmt=png-alpha,5,adidas Adizero Evo SL Men's Running Shoes - Black/White - view 5,,,,,,,,
adidas Adizero Evo SL Men's Running Shoes - Black/White,adidas-adizero-evo-sl-men-black-white-jp7149,"<p>Experience unmatched speed and an energetic performance boost with the adidas adiZero Evo SL. Inspired by the record-breaking EVO 1, these shoes combine innovative technology with lightweight materials to help you push your limits in every run. The synthetic and textile upper ensures durability, breathability, and targeted support, while the Lightstrike Pro technology delivers super-light cushioning to keep you fast and agile on your feet. Constructed with at least 20% recycled content, the adidas adiZero Evo SL brings peak performance and sustainability, making every step count.</p> <p><strong>adidas adiZero Evo SL features:</strong></p> <ul> <li>Regular fit gives a relaxed feel.</li> <li>Lace closure provides a snug and customised fit.</li> <li>Textile lining maximises comfort.</li> <li>3-Stripes add a bold, signature look.</li> <li>Small stiffening element ensures a little extra snap in each step.</li> <li>All-surface rubber outsole delivers grip and traction.</li> </ul> <p>*Designed to be a standard fit, not too tight or too loose.<br />**By reusing materials that have already been created, adidas helps to reduce waste and reliance on finite resources and reduce the footprint of the products.</p><hr /><p>When your training week calls for one shoe that can handle easy miles, uptempo sessions, and everything in between, the adidas adiZero Evo SL is ready to go. Inspired by the record-breaking EVO 1, this running shoe combines a lightweight build with energetic cushioning to keep transitions smooth and your stride feeling fast, whether you’re logging daily miles or picking up the pace.</p> <ul> <li>Synthetic and textile upper offers lightweight breathability and targeted support.</li> <li>Lightstrike Pro cushioning delivers a soft, springy, super-light ride.</li> <li>Small stiffening element adds a little extra snap through toe-off.</li> <li>Lace closure and textile lining help create a secure, comfortable fit.</li> <li>Rubber outsole provides reliable traction across surfaces.</li> <li>Made with at least 20% recycled content.</li> </ul> <p><strong>Size & Fit Guidance</strong></p> <p>Most runners say the fit feels true to size with a secure, locked-in feel. For the best fit, we recommend going with your usual size, while runners who prefer a little more room in the forefoot or toe box may want to try a half size up.</p> <p><strong>Best For</strong></p> <p>Best for daily training, speed sessions, and long road runs when you want lightweight comfort with a lively toe-off.</p> <p><strong>Cushioning & Road Feel</strong></p> <p>Reviews consistently highlight the adiZero Evo SL for its bouncy, responsive ride and smooth energy return. It balances protective cushioning with a light, connected feel that works especially well for road miles, tempo efforts, and versatile training days.</p> <p><strong>Break-In & Durability</strong></p> <p>Most runners say the shoe feels comfortable right away, with the fit settling in even more naturally after the first few runs. Reviewers also describe it as a dependable choice for regular training rotations and repeat wear.</p>",adidas,Apparel & Accessories > Shoes,Running Shoes,"footlocker-clean-batch-2026-09, footlocker-source, new-arrivals, adidas, style:JP7149, men, Running, running",TRUE,Active,JP7149-7-5,197613215911,Color,Black/White,,Size,7.5,,,,,150.00,,,TRUE,,shopify,8,DENY,300,g,TRUE,manual,https://assets.footlocker.com/is/image/FLDM/JP7149_01?wid=1600&hei=1600&fmt=png-alpha,1,adidas Adizero Evo SL Men's Running Shoes - Black/White - primary view,https://assets.footlocker.com/is/image/FLDM/JP7149_01?wid=1600&hei=1600&fmt=png-alpha,FALSE,adidas Adizero Evo SL Men's Running Shoes - Black/White,Shop adidas Adizero Evo SL Men's Running Shoes - Black/White at Sneaker Head.,Black,Men's,JP7149,https://www.footlocker.com/product/adidas-adizero-evo-sl-mens/JP7149.html
,adidas-adizero-evo-sl-men-black-white-jp7149,,,,,,,,JP7149-8,197613219636,Color,Black/White,,Size,8,,,,,150.00,,,TRUE,,shopify,8,DENY,300,g,TRUE,manual,,,,https://assets.footlocker.com/is/image/FLDM/JP7149_01?wid=1600&hei=1600&fmt=png-alpha,FALSE,,,,,,
,adidas-adizero-evo-sl-men-black-white-jp7149,,,,,,,,JP7149-8-5,197613219599,Color,Black/White,,Size,8.5,,,,,150.00,,,TRUE,,shopify,8,DENY,300,g,TRUE,manual,,,,https://assets.footlocker.com/is/image/FLDM/JP7149_01?wid=1600&hei=1600&fmt=png-alpha,FALSE,,,,,,
,adidas-adizero-evo-sl-men-black-white-jp7149,,,,,,,,JP7149-9,197613219544,Color,Black/White,,Size,9,,,,,150.00,,,TRUE,,shopify,8,DENY,300,g,TRUE,manual,,,,https://assets.footlocker.com/is/image/FLDM/JP7149_01?wid=1600&hei=1600&fmt=png-alpha,FALSE,,,,,,
,adidas-adizero-evo-sl-men-black-white-jp7149,,,,,,,,JP7149-9-5,197613219629,Color,Black/White,,Size,9.5,,,,,150.00,,,TRUE,,shopify,8,DENY,300,g,TRUE,manual,,,,https://assets.footlocker.com/is/image/FLDM/JP7149_01?wid=1600&hei=1600&fmt=png-alpha,FALSE,,,,,,
,adidas-adizero-evo-sl-men-black-white-jp7149,,,,,,,,JP7149-10,197613219650,Color,Black/White,,Size,10,,,,,150.00,,,TRUE,,shopify,8,DENY,300,g,TRUE,manual,,,,https://assets.footlocker.com/is/image/FLDM/JP7149_01?wid=1600&hei=1600&fmt=png-alpha,FALSE,,,,,,
,adidas-adizero-evo-sl-men-black-white-jp7149,,,,,,,,JP7149-10-5,197613219568,Color,Black/White,,Size,10.5,,,,,150.00,,,TRUE,,shopify,8,DENY,300,g,TRUE,manual,,,,https://assets.footlocker.com/is/image/FLDM/JP7149_01?wid=1600&hei=1600&fmt=png-alpha,FALSE,,,,,,
,adidas-adizero-evo-sl-men-black-white-jp7149,,,,,,,,JP7149-11,197613219537,Color,Black/White,,Size,11,,,,,150.00,,,TRUE,,shopify,8,DENY,300,g,TRUE,manual,,,,https://assets.footlocker.com/is/image/FLDM/JP7149_01?wid=1600&hei=1600&fmt=png-alpha,FALSE,,,,,,
,adidas-adizero-evo-sl-men-black-white-jp7149,,,,,,,,JP7149-11-5,197613219667,Color,Black/White,,Size,11.5,,,,,150.00,,,TRUE,,shopify,8,DENY,300,g,TRUE,manual,,,,https://assets.footlocker.com/is/image/FLDM/JP7149_01?wid=1600&hei=1600&fmt=png-alpha,FALSE,,,,,,
,adidas-adizero-evo-sl-men-black-white-jp7149,,,,,,,,JP7149-12,197613219643,Color,Black/White,,Size,12,,,,,150.00,,,TRUE,,shopify,8,DENY,300,g,TRUE,manual,,,,https://assets.footlocker.com/is/image/FLDM/JP7149_01?wid=1600&hei=1600&fmt=png-alpha,FALSE,,,,,,
,adidas-adizero-evo-sl-men-black-white-jp7149,,,,,,,,JP7149-12-5,197613215898,Color,Black/White,,Size,12.5,,,,,150.00,,,TRUE,,shopify,8,DENY,300,g,TRUE,manual,,,,https://assets.footlocker.com/is/image/FLDM/JP7149_01?wid=1600&hei=1600&fmt=png-alpha,FALSE,,,,,,
,adidas-adizero-evo-sl-men-black-white-jp7149,,,,,,,,JP7149-13,197613215881,Color,Black/White,,Size,13,,,,,150.00,,,TRUE,,shopify,8,DENY,300,g,TRUE,manual,,,,https://assets.footlocker.com/is/image/FLDM/JP7149_01?wid=1600&hei=1600&fmt=png-alpha,FALSE,,,,,,
,adidas-adizero-evo-sl-men-black-white-jp7149,,,,,,,,JP7149-14,197613215928,Color,Black/White,,Size,14,,,,,150.00,,,TRUE,,shopify,8,DENY,300,g,TRUE,manual,,,,https://assets.footlocker.com/is/image/FLDM/JP7149_01?wid=1600&hei=1600&fmt=png-alpha,FALSE,,,,,,
,adidas-adizero-evo-sl-men-black-white-jp7149,,,,,,,,,,,,,,,,,,,,,,,,,,,,,,,https://assets.footlocker.com/is/image/FLDM/JP7149_03?wid=1600&hei=1600&fmt=png-alpha,2,adidas Adizero Evo SL Men's Running Shoes - Black/White - view 2,,,,,,,,
,adidas-adizero-evo-sl-men-black-white-jp7149,,,,,,,,,,,,,,,,,,,,,,,,,,,,,,,https://assets.footlocker.com/is/image/FLDM/JP7149_04?wid=1600&hei=1600&fmt=png-alpha,3,adidas Adizero Evo SL Men's Running Shoes - Black/White - view 3,,,,,,,,
,adidas-adizero-evo-sl-men-black-white-jp7149,,,,,,,,,,,,,,,,,,,,,,,,,,,,,,,https://assets.footlocker.com/is/image/FLDM/JP7149_05?wid=1600&hei=1600&fmt=png-alpha,4,adidas Adizero Evo SL Men's Running Shoes - Black/White - view 4,,,,,,,,
,adidas-adizero-evo-sl-men-black-white-jp7149,,,,,,,,,,,,,,,,,,,,,,,,,,,,,,,https://assets.footlocker.com/is/image/FLDM/JP7149_06?wid=1600&hei=1600&fmt=png-alpha,5,adidas Adizero Evo SL Men's Running Shoes - Black/White - view 5,,,,,,,,
adidas Adizero Evo SL Men's Running Shoes - Black/Yellow/Red,adidas-adizero-evo-sl-men-black-yellow-red-kj6160,"<p>Experience unmatched speed and an energetic performance boost with the adidas adiZero Evo SL. Inspired by the record-breaking EVO 1, these shoes combine innovative technology with lightweight materials to help you push your limits in every run. The synthetic and textile upper ensures durability, breathability, and targeted support, while the Lightstrike Pro technology delivers super-light cushioning to keep you fast and agile on your feet. Constructed with at least 20% recycled content, the adidas adiZero Evo SL brings peak performance and sustainability, making every step count.</p> <p><strong>adidas adiZero Evo SL features:</strong></p> <ul> <li>Regular fit gives a relaxed feel.</li> <li>Lace closure provides a snug and customised fit.</li> <li>Textile lining maximises comfort.</li> <li>3-Stripes add a bold, signature look.</li> <li>Small stiffening element ensures a little extra snap in each step.</li> <li>All-surface rubber outsole delivers grip and traction.</li> </ul> <p>*Designed to be a standard fit, not too tight or too loose.<br />**By reusing materials that have already been created, adidas helps to reduce waste and reliance on finite resources and reduce the footprint of the products.</p><hr /><p>When your training week calls for one shoe that can handle easy miles, uptempo sessions, and everything in between, the adidas adiZero Evo SL is ready to go. Inspired by the record-breaking EVO 1, this running shoe combines a lightweight build with energetic cushioning to keep transitions smooth and your stride feeling fast, whether you’re logging daily miles or picking up the pace.</p> <ul> <li>Synthetic and textile upper offers lightweight breathability and targeted support.</li> <li>Lightstrike Pro cushioning delivers a soft, springy, super-light ride.</li> <li>Small stiffening element adds a little extra snap through toe-off.</li> <li>Lace closure and textile lining help create a secure, comfortable fit.</li> <li>Rubber outsole provides reliable traction across surfaces.</li> <li>Made with at least 20% recycled content.</li> </ul> <p><strong>Size & Fit Guidance</strong></p> <p>Most runners say the fit feels true to size with a secure, locked-in feel. For the best fit, we recommend going with your usual size, while runners who prefer a little more room in the forefoot or toe box may want to try a half size up.</p> <p><strong>Best For</strong></p> <p>Best for daily training, speed sessions, and long road runs when you want lightweight comfort with a lively toe-off.</p> <p><strong>Cushioning & Road Feel</strong></p> <p>Reviews consistently highlight the adiZero Evo SL for its bouncy, responsive ride and smooth energy return. It balances protective cushioning with a light, connected feel that works especially well for road miles, tempo efforts, and versatile training days.</p> <p><strong>Break-In & Durability</strong></p> <p>Most runners say the shoe feels comfortable right away, with the fit settling in even more naturally after the first few runs. Reviewers also describe it as a dependable choice for regular training rotations and repeat wear.</p>",adidas,Apparel & Accessories > Shoes,Running Shoes,"footlocker-clean-batch-2026-09, footlocker-source, new-arrivals, adidas, style:KJ6160, men, Running, running, sale",TRUE,Active,KJ6160-8,198321475321,Color,Black/Yellow/Red,,Size,8,,,,,144.99,150.00,,TRUE,,shopify,8,DENY,300,g,TRUE,manual,https://assets.footlocker.com/is/image/FLDM/KJ6160_01?wid=1600&hei=1600&fmt=png-alpha,1,adidas Adizero Evo SL Men's Running Shoes - Black/Yellow/Red - primary view,https://assets.footlocker.com/is/image/FLDM/KJ6160_01?wid=1600&hei=1600&fmt=png-alpha,FALSE,adidas Adizero Evo SL Men's Running Shoes - Black/Yellow/Red,Shop adidas Adizero Evo SL Men's Running Shoes - Black/Yellow/Red at Sneaker Head.,Black,Men's,KJ6160,https://www.footlocker.com/product/adidas-adizero-evo-sl-mens/KJ6160.html
,adidas-adizero-evo-sl-men-black-yellow-red-kj6160,,,,,,,,KJ6160-8-5,198321475406,Color,Black/Yellow/Red,,Size,8.5,,,,,144.99,150.00,,TRUE,,shopify,8,DENY,300,g,TRUE,manual,,,,https://assets.footlocker.com/is/image/FLDM/KJ6160_01?wid=1600&hei=1600&fmt=png-alpha,FALSE,,,,,,
,adidas-adizero-evo-sl-men-black-yellow-red-kj6160,,,,,,,,KJ6160-9,198321475390,Color,Black/Yellow/Red,,Size,9,,,,,144.99,150.00,,TRUE,,shopify,8,DENY,300,g,TRUE,manual,,,,https://assets.footlocker.com/is/image/FLDM/KJ6160_01?wid=1600&hei=1600&fmt=png-alpha,FALSE,,,,,,
,adidas-adizero-evo-sl-men-black-yellow-red-kj6160,,,,,,,,KJ6160-9-5,198321475376,Color,Black/Yellow/Red,,Size,9.5,,,,,144.99,150.00,,TRUE,,shopify,8,DENY,300,g,TRUE,manual,,,,https://assets.footlocker.com/is/image/FLDM/KJ6160_01?wid=1600&hei=1600&fmt=png-alpha,FALSE,,,,,,
,adidas-adizero-evo-sl-men-black-yellow-red-kj6160,,,,,,,,KJ6160-10,198321475307,Color,Black/Yellow/Red,,Size,10,,,,,144.99,150.00,,TRUE,,shopify,8,DENY,300,g,TRUE,manual,,,,https://assets.footlocker.com/is/image/FLDM/KJ6160_01?wid=1600&hei=1600&fmt=png-alpha,FALSE,,,,,,
,adidas-adizero-evo-sl-men-black-yellow-red-kj6160,,,,,,,,KJ6160-10-5,198321475260,Color,Black/Yellow/Red,,Size,10.5,,,,,144.99,150.00,,TRUE,,shopify,8,DENY,300,g,TRUE,manual,,,,https://assets.footlocker.com/is/image/FLDM/KJ6160_01?wid=1600&hei=1600&fmt=png-alpha,FALSE,,,,,,
,adidas-adizero-evo-sl-men-black-yellow-red-kj6160,,,,,,,,KJ6160-11,198321475369,Color,Black/Yellow/Red,,Size,11,,,,,144.99,150.00,,TRUE,,shopify,8,DENY,300,g,TRUE,manual,,,,https://assets.footlocker.com/is/image/FLDM/KJ6160_01?wid=1600&hei=1600&fmt=png-alpha,FALSE,,,,,,
,adidas-adizero-evo-sl-men-black-yellow-red-kj6160,,,,,,,,KJ6160-11-5,198321475284,Color,Black/Yellow/Red,,Size,11.5,,,,,144.99,150.00,,TRUE,,shopify,8,DENY,300,g,TRUE,manual,,,,https://assets.footlocker.com/is/image/FLDM/KJ6160_01?wid=1600&hei=1600&fmt=png-alpha,FALSE,,,,,,
,adidas-adizero-evo-sl-men-black-yellow-red-kj6160,,,,,,,,KJ6160-12,198321475246,Color,Black/Yellow/Red,,Size,12,,,,,144.99,150.00,,TRUE,,shopify,8,DENY,300,g,TRUE,manual,,,,https://assets.footlocker.com/is/image/FLDM/KJ6160_01?wid=1600&hei=1600&fmt=png-alpha,FALSE,,,,,,
,adidas-adizero-evo-sl-men-black-yellow-red-kj6160,,,,,,,,KJ6160-13,198321475314,Color,Black/Yellow/Red,,Size,13,,,,,144.99,150.00,,TRUE,,shopify,8,DENY,300,g,TRUE,manual,,,,https://assets.footlocker.com/is/image/FLDM/KJ6160_01?wid=1600&hei=1600&fmt=png-alpha,FALSE,,,,,,
,adidas-adizero-evo-sl-men-black-yellow-red-kj6160,,,,,,,,,,,,,,,,,,,,,,,,,,,,,,,https://assets.footlocker.com/is/image/FLDM/KJ6160_03?wid=1600&hei=1600&fmt=png-alpha,2,adidas Adizero Evo SL Men's Running Shoes - Black/Yellow/Red - view 2,,,,,,,,
,adidas-adizero-evo-sl-men-black-yellow-red-kj6160,,,,,,,,,,,,,,,,,,,,,,,,,,,,,,,https://assets.footlocker.com/is/image/FLDM/KJ6160_04?wid=1600&hei=1600&fmt=png-alpha,3,adidas Adizero Evo SL Men's Running Shoes - Black/Yellow/Red - view 3,,,,,,,,
,adidas-adizero-evo-sl-men-black-yellow-red-kj6160,,,,,,,,,,,,,,,,,,,,,,,,,,,,,,,https://assets.footlocker.com/is/image/FLDM/KJ6160_05?wid=1600&hei=1600&fmt=png-alpha,4,adidas Adizero Evo SL Men's Running Shoes - Black/Yellow/Red - view 4,,,,,,,,
,adidas-adizero-evo-sl-men-black-yellow-red-kj6160,,,,,,,,,,,,,,,,,,,,,,,,,,,,,,,https://assets.footlocker.com/is/image/FLDM/KJ6160_06?wid=1600&hei=1600&fmt=png-alpha,5,adidas Adizero Evo SL Men's Running Shoes - Black/Yellow/Red - view 5,,,,,,,,
adidas Adizero Evo SL Men's Running Shoes - Grey/Footwear White,adidas-adizero-evo-sl-men-grey-footwear-white-42112284,"<p>Experience unmatched speed and an energetic performance boost with the adidas adiZero Evo SL. Inspired by the record-breaking EVO 1, these shoes combine innovative technology with lightweight materials to help you push your limits in every run. The synthetic and textile upper ensures durability, breathability, and targeted support, while the Lightstrike Pro technology delivers super-light cushioning to keep you fast and agile on your feet. Constructed with at least 20% recycled content, the adidas adiZero Evo SL brings peak performance and sustainability, making every step count.</p> <p><strong>adidas adiZero Evo SL features:</strong></p> <ul> <li>Regular fit gives a relaxed feel.</li> <li>Lace closure provides a snug and customised fit.</li> <li>Textile lining maximises comfort.</li> <li>3-Stripes add a bold, signature look.</li> <li>Small stiffening element ensures a little extra snap in each step.</li> <li>All-surface rubber outsole delivers grip and traction.</li> </ul> <p>*Designed to be a standard fit, not too tight or too loose.<br />**By reusing materials that have already been created, adidas helps to reduce waste and reliance on finite resources and reduce the footprint of the products.</p><hr /><p>When your training week calls for one shoe that can handle easy miles, uptempo sessions, and everything in between, the adidas adiZero Evo SL is ready to go. Inspired by the record-breaking EVO 1, this running shoe combines a lightweight build with energetic cushioning to keep transitions smooth and your stride feeling fast, whether you’re logging daily miles or picking up the pace.</p> <ul> <li>Synthetic and textile upper offers lightweight breathability and targeted support.</li> <li>Lightstrike Pro cushioning delivers a soft, springy, super-light ride.</li> <li>Small stiffening element adds a little extra snap through toe-off.</li> <li>Lace closure and textile lining help create a secure, comfortable fit.</li> <li>Rubber outsole provides reliable traction across surfaces.</li> <li>Made with at least 20% recycled content.</li> </ul> <p><strong>Size & Fit Guidance</strong></p> <p>Most runners say the fit feels true to size with a secure, locked-in feel. For the best fit, we recommend going with your usual size, while runners who prefer a little more room in the forefoot or toe box may want to try a half size up.</p> <p><strong>Best For</strong></p> <p>Best for daily training, speed sessions, and long road runs when you want lightweight comfort with a lively toe-off.</p> <p><strong>Cushioning & Road Feel</strong></p> <p>Reviews consistently highlight the adiZero Evo SL for its bouncy, responsive ride and smooth energy return. It balances protective cushioning with a light, connected feel that works especially well for road miles, tempo efforts, and versatile training days.</p> <p><strong>Break-In & Durability</strong></p> <p>Most runners say the shoe feels comfortable right away, with the fit settling in even more naturally after the first few runs. Reviewers also describe it as a dependable choice for regular training rotations and repeat wear.</p>",adidas,Apparel & Accessories > Shoes,Running Shoes,"footlocker-clean-batch-2026-09, footlocker-source, new-arrivals, adidas, style:42112284, men, Running, running",TRUE,Active,42112284-8,198328912454,Color,Grey/Footwear White,,Size,8,,,,,150.00,,,TRUE,,shopify,8,DENY,300,g,TRUE,manual,https://assets.footlocker.com/is/image/FLDM/42112284_01?wid=1600&hei=1600&fmt=png-alpha,1,adidas Adizero Evo SL Men's Running Shoes - Grey/Footwear White - primary view,https://assets.footlocker.com/is/image/FLDM/42112284_01?wid=1600&hei=1600&fmt=png-alpha,FALSE,adidas Adizero Evo SL Men's Running Shoes - Grey/Footwear White,Shop adidas Adizero Evo SL Men's Running Shoes - Grey/Footwear White at Sneaker Head.,White,Men's,42112284,https://www.footlocker.com/product/adidas-adizero-evo-sl-mens/42112284.html
,adidas-adizero-evo-sl-men-grey-footwear-white-42112284,,,,,,,,42112284-8-5,198328913345,Color,Grey/Footwear White,,Size,8.5,,,,,150.00,,,TRUE,,shopify,8,DENY,300,g,TRUE,manual,,,,https://assets.footlocker.com/is/image/FLDM/42112284_01?wid=1600&hei=1600&fmt=png-alpha,FALSE,,,,,,
,adidas-adizero-evo-sl-men-grey-footwear-white-42112284,,,,,,,,42112284-9,198328913246,Color,Grey/Footwear White,,Size,9,,,,,150.00,,,TRUE,,shopify,8,DENY,300,g,TRUE,manual,,,,https://assets.footlocker.com/is/image/FLDM/42112284_01?wid=1600&hei=1600&fmt=png-alpha,FALSE,,,,,,
,adidas-adizero-evo-sl-men-grey-footwear-white-42112284,,,,,,,,42112284-9-5,198328912485,Color,Grey/Footwear White,,Size,9.5,,,,,150.00,,,TRUE,,shopify,8,DENY,300,g,TRUE,manual,,,,https://assets.footlocker.com/is/image/FLDM/42112284_01?wid=1600&hei=1600&fmt=png-alpha,FALSE,,,,,,
,adidas-adizero-evo-sl-men-grey-footwear-white-42112284,,,,,,,,42112284-10,198328912515,Color,Grey/Footwear White,,Size,10,,,,,150.00,,,TRUE,,shopify,8,DENY,300,g,TRUE,manual,,,,https://assets.footlocker.com/is/image/FLDM/42112284_01?wid=1600&hei=1600&fmt=png-alpha,FALSE,,,,,,
,adidas-adizero-evo-sl-men-grey-footwear-white-42112284,,,,,,,,42112284-10-5,198328913352,Color,Grey/Footwear White,,Size,10.5,,,,,150.00,,,TRUE,,shopify,8,DENY,300,g,TRUE,manual,,,,https://assets.footlocker.com/is/image/FLDM/42112284_01?wid=1600&hei=1600&fmt=png-alpha,FALSE,,,,,,
,adidas-adizero-evo-sl-men-grey-footwear-white-42112284,,,,,,,,42112284-11,198328913376,Color,Grey/Footwear White,,Size,11,,,,,150.00,,,TRUE,,shopify,8,DENY,300,g,TRUE,manual,,,,https://assets.footlocker.com/is/image/FLDM/42112284_01?wid=1600&hei=1600&fmt=png-alpha,FALSE,,,,,,
,adidas-adizero-evo-sl-men-grey-footwear-white-42112284,,,,,,,,42112284-11-5,198328913369,Color,Grey/Footwear White,,Size,11.5,,,,,150.00,,,TRUE,,shopify,8,DENY,300,g,TRUE,manual,,,,https://assets.footlocker.com/is/image/FLDM/42112284_01?wid=1600&hei=1600&fmt=png-alpha,FALSE,,,,,,
,adidas-adizero-evo-sl-men-grey-footwear-white-42112284,,,,,,,,42112284-12,198328913291,Color,Grey/Footwear White,,Size,12,,,,,150.00,,,TRUE,,shopify,8,DENY,300,g,TRUE,manual,,,,https://assets.footlocker.com/is/image/FLDM/42112284_01?wid=1600&hei=1600&fmt=png-alpha,FALSE,,,,,,
,adidas-adizero-evo-sl-men-grey-footwear-white-42112284,,,,,,,,42112284-13,198328913307,Color,Grey/Footwear White,,Size,13,,,,,150.00,,,TRUE,,shopify,8,DENY,300,g,TRUE,manual,,,,https://assets.footlocker.com/is/image/FLDM/42112284_01?wid=1600&hei=1600&fmt=png-alpha,FALSE,,,,,,
,adidas-adizero-evo-sl-men-grey-footwear-white-42112284,,,,,,,,,,,,,,,,,,,,,,,,,,,,,,,https://assets.footlocker.com/is/image/FLDM/42112284_03?wid=1600&hei=1600&fmt=png-alpha,2,adidas Adizero Evo SL Men's Running Shoes - Grey/Footwear White - view 2,,,,,,,,
,adidas-adizero-evo-sl-men-grey-footwear-white-42112284,,,,,,,,,,,,,,,,,,,,,,,,,,,,,,,https://assets.footlocker.com/is/image/FLDM/42112284_04?wid=1600&hei=1600&fmt=png-alpha,3,adidas Adizero Evo SL Men's Running Shoes - Grey/Footwear White - view 3,,,,,,,,
,adidas-adizero-evo-sl-men-grey-footwear-white-42112284,,,,,,,,,,,,,,,,,,,,,,,,,,,,,,,https://assets.footlocker.com/is/image/FLDM/42112284_05?wid=1600&hei=1600&fmt=png-alpha,4,adidas Adizero Evo SL Men's Running Shoes - Grey/Footwear White - view 4,,,,,,,,
,adidas-adizero-evo-sl-men-grey-footwear-white-42112284,,,,,,,,,,,,,,,,,,,,,,,,,,,,,,,https://assets.footlocker.com/is/image/FLDM/42112284_06?wid=1600&hei=1600&fmt=png-alpha,5,adidas Adizero Evo SL Men's Running Shoes - Grey/Footwear White - view 5,,,,,,,,
adidas Adizero Evo SL Men's Running Shoes - Pure Ruby/Bright Royal/Footwear White,adidas-adizero-evo-sl-men-pure-ruby-bright-royal-footwear-white-42112883,"<p>Experience unmatched speed and an energetic performance boost with the adidas adiZero Evo SL. Inspired by the record-breaking EVO 1, these shoes combine innovative technology with lightweight materials to help you push your limits in every run. The synthetic and textile upper ensures durability, breathability, and targeted support, while the Lightstrike Pro technology delivers super-light cushioning to keep you fast and agile on your feet. Constructed with at least 20% recycled content, the adidas adiZero Evo SL brings peak performance and sustainability, making every step count.</p> <p><strong>adidas adiZero Evo SL features:</strong></p> <ul> <li>Regular fit gives a relaxed feel.</li> <li>Lace closure provides a snug and customised fit.</li> <li>Textile lining maximises comfort.</li> <li>3-Stripes add a bold, signature look.</li> <li>Small stiffening element ensures a little extra snap in each step.</li> <li>All-surface rubber outsole delivers grip and traction.</li> </ul> <p>*Designed to be a standard fit, not too tight or too loose.<br />**By reusing materials that have already been created, adidas helps to reduce waste and reliance on finite resources and reduce the footprint of the products.</p><hr /><p>When your training week calls for one shoe that can handle easy miles, uptempo sessions, and everything in between, the adidas adiZero Evo SL is ready to go. Inspired by the record-breaking EVO 1, this running shoe combines a lightweight build with energetic cushioning to keep transitions smooth and your stride feeling fast, whether you’re logging daily miles or picking up the pace.</p> <ul> <li>Synthetic and textile upper offers lightweight breathability and targeted support.</li> <li>Lightstrike Pro cushioning delivers a soft, springy, super-light ride.</li> <li>Small stiffening element adds a little extra snap through toe-off.</li> <li>Lace closure and textile lining help create a secure, comfortable fit.</li> <li>Rubber outsole provides reliable traction across surfaces.</li> <li>Made with at least 20% recycled content.</li> </ul> <p><strong>Size & Fit Guidance</strong></p> <p>Most runners say the fit feels true to size with a secure, locked-in feel. For the best fit, we recommend going with your usual size, while runners who prefer a little more room in the forefoot or toe box may want to try a half size up.</p> <p><strong>Best For</strong></p> <p>Best for daily training, speed sessions, and long road runs when you want lightweight comfort with a lively toe-off.</p> <p><strong>Cushioning & Road Feel</strong></p> <p>Reviews consistently highlight the adiZero Evo SL for its bouncy, responsive ride and smooth energy return. It balances protective cushioning with a light, connected feel that works especially well for road miles, tempo efforts, and versatile training days.</p> <p><strong>Break-In & Durability</strong></p> <p>Most runners say the shoe feels comfortable right away, with the fit settling in even more naturally after the first few runs. Reviewers also describe it as a dependable choice for regular training rotations and repeat wear.</p>",adidas,Apparel & Accessories > Shoes,Running Shoes,"footlocker-clean-batch-2026-09, footlocker-source, new-arrivals, adidas, style:42112883, men, Running, running",TRUE,Active,42112883-8,198328912294,Color,Pure Ruby/Bright Royal/Footwear White,,Size,8,,,,,150.00,,,TRUE,,shopify,8,DENY,300,g,TRUE,manual,https://assets.footlocker.com/is/image/FLDM/42112883_01?wid=1600&hei=1600&fmt=png-alpha,1,adidas Adizero Evo SL Men's Running Shoes - Pure Ruby/Bright Royal/Footwear White - primary view,https://assets.footlocker.com/is/image/FLDM/42112883_01?wid=1600&hei=1600&fmt=png-alpha,FALSE,adidas Adizero Evo SL Men's Running Shoes - Pure Ruby/Bright Royal/Footwear White,Shop adidas Adizero Evo SL Men's Running Shoes - Pure Ruby/Bright Royal/Footwear White at Sneaker Head.,White,Men's,42112883,https://www.footlocker.com/product/adidas-adizero-evo-sl-mens/42112883.html
,adidas-adizero-evo-sl-men-pure-ruby-bright-royal-footwear-white-42112883,,,,,,,,42112883-8-5,198328912287,Color,Pure Ruby/Bright Royal/Footwear White,,Size,8.5,,,,,150.00,,,TRUE,,shopify,8,DENY,300,g,TRUE,manual,,,,https://assets.footlocker.com/is/image/FLDM/42112883_01?wid=1600&hei=1600&fmt=png-alpha,FALSE,,,,,,
,adidas-adizero-evo-sl-men-pure-ruby-bright-royal-footwear-white-42112883,,,,,,,,42112883-9,198328911778,Color,Pure Ruby/Bright Royal/Footwear White,,Size,9,,,,,150.00,,,TRUE,,shopify,8,DENY,300,g,TRUE,manual,,,,https://assets.footlocker.com/is/image/FLDM/42112883_01?wid=1600&hei=1600&fmt=png-alpha,FALSE,,,,,,
,adidas-adizero-evo-sl-men-pure-ruby-bright-royal-footwear-white-42112883,,,,,,,,42112883-9-5,198328912423,Color,Pure Ruby/Bright Royal/Footwear White,,Size,9.5,,,,,150.00,,,TRUE,,shopify,8,DENY,300,g,TRUE,manual,,,,https://assets.footlocker.com/is/image/FLDM/42112883_01?wid=1600&hei=1600&fmt=png-alpha,FALSE,,,,,,
,adidas-adizero-evo-sl-men-pure-ruby-bright-royal-footwear-white-42112883,,,,,,,,42112883-10,198328911785,Color,Pure Ruby/Bright Royal/Footwear White,,Size,10,,,,,150.00,,,TRUE,,shopify,8,DENY,300,g,TRUE,manual,,,,https://assets.footlocker.com/is/image/FLDM/42112883_01?wid=1600&hei=1600&fmt=png-alpha,FALSE,,,,,,
,adidas-adizero-evo-sl-men-pure-ruby-bright-royal-footwear-white-42112883,,,,,,,,42112883-10-5,198328912331,Color,Pure Ruby/Bright Royal/Footwear White,,Size,10.5,,,,,150.00,,,TRUE,,shopify,8,DENY,300,g,TRUE,manual,,,,https://assets.footlocker.com/is/image/FLDM/42112883_01?wid=1600&hei=1600&fmt=png-alpha,FALSE,,,,,,
,adidas-adizero-evo-sl-men-pure-ruby-bright-royal-footwear-white-42112883,,,,,,,,42112883-11,198328912447,Color,Pure Ruby/Bright Royal/Footwear White,,Size,11,,,,,150.00,,,TRUE,,shopify,8,DENY,300,g,TRUE,manual,,,,https://assets.footlocker.com/is/image/FLDM/42112883_01?wid=1600&hei=1600&fmt=png-alpha,FALSE,,,,,,
,adidas-adizero-evo-sl-men-pure-ruby-bright-royal-footwear-white-42112883,,,,,,,,42112883-11-5,198328911792,Color,Pure Ruby/Bright Royal/Footwear White,,Size,11.5,,,,,150.00,,,TRUE,,shopify,8,DENY,300,g,TRUE,manual,,,,https://assets.footlocker.com/is/image/FLDM/42112883_01?wid=1600&hei=1600&fmt=png-alpha,FALSE,,,,,,
,adidas-adizero-evo-sl-men-pure-ruby-bright-royal-footwear-white-42112883,,,,,,,,42112883-12,198328912416,Color,Pure Ruby/Bright Royal/Footwear White,,Size,12,,,,,150.00,,,TRUE,,shopify,8,DENY,300,g,TRUE,manual,,,,https://assets.footlocker.com/is/image/FLDM/42112883_01?wid=1600&hei=1600&fmt=png-alpha,FALSE,,,,,,
,adidas-adizero-evo-sl-men-pure-ruby-bright-royal-footwear-white-42112883,,,,,,,,42112883-13,198328912355,Color,Pure Ruby/Bright Royal/Footwear White,,Size,13,,,,,150.00,,,TRUE,,shopify,8,DENY,300,g,TRUE,manual,,,,https://assets.footlocker.com/is/image/FLDM/42112883_01?wid=1600&hei=1600&fmt=png-alpha,FALSE,,,,,,
,adidas-adizero-evo-sl-men-pure-ruby-bright-royal-footwear-white-42112883,,,,,,,,,,,,,,,,,,,,,,,,,,,,,,,https://assets.footlocker.com/is/image/FLDM/42112883_03?wid=1600&hei=1600&fmt=png-alpha,2,adidas Adizero Evo SL Men's Running Shoes - Pure Ruby/Bright Royal/Footwear White - view 2,,,,,,,,
,adidas-adizero-evo-sl-men-pure-ruby-bright-royal-footwear-white-42112883,,,,,,,,,,,,,,,,,,,,,,,,,,,,,,,https://assets.footlocker.com/is/image/FLDM/42112883_04?wid=1600&hei=1600&fmt=png-alpha,3,adidas Adizero Evo SL Men's Running Shoes - Pure Ruby/Bright Royal/Footwear White - view 3,,,,,,,,
,adidas-adizero-evo-sl-men-pure-ruby-bright-royal-footwear-white-42112883,,,,,,,,,,,,,,,,,,,,,,,,,,,,,,,https://assets.footlocker.com/is/image/FLDM/42112883_05?wid=1600&hei=1600&fmt=png-alpha,4,adidas Adizero Evo SL Men's Running Shoes - Pure Ruby/Bright Royal/Footwear White - view 4,,,,,,,,
,adidas-adizero-evo-sl-men-pure-ruby-bright-royal-footwear-white-42112883,,,,,,,,,,,,,,,,,,,,,,,,,,,,,,,https://assets.footlocker.com/is/image/FLDM/42112883_06?wid=1600&hei=1600&fmt=png-alpha,5,adidas Adizero Evo SL Men's Running Shoes - Pure Ruby/Bright Royal/Footwear White - view 5,,,,,,,,
adidas Adizero Evo SL Men's Running Shoes - Silver/Red,adidas-adizero-evo-sl-men-silver-red-ki3381,"<p>Experience unmatched speed and an energetic performance boost with the adidas adiZero Evo SL. Inspired by the record-breaking EVO 1, these shoes combine innovative technology with lightweight materials to help you push your limits in every run. The synthetic and textile upper ensures durability, breathability, and targeted support, while the Lightstrike Pro technology delivers super-light cushioning to keep you fast and agile on your feet. Constructed with at least 20% recycled content, the adidas adiZero Evo SL brings peak performance and sustainability, making every step count.</p> <p><strong>adidas adiZero Evo SL features:</strong></p> <ul> <li>Regular fit gives a relaxed feel.</li> <li>Lace closure provides a snug and customised fit.</li> <li>Textile lining maximises comfort.</li> <li>3-Stripes add a bold, signature look.</li> <li>Small stiffening element ensures a little extra snap in each step.</li> <li>All-surface rubber outsole delivers grip and traction.</li> </ul> <p>*Designed to be a standard fit, not too tight or too loose.<br />**By reusing materials that have already been created, adidas helps to reduce waste and reliance on finite resources and reduce the footprint of the products.</p><hr /><p>When your training week calls for one shoe that can handle easy miles, uptempo sessions, and everything in between, the adidas adiZero Evo SL is ready to go. Inspired by the record-breaking EVO 1, this running shoe combines a lightweight build with energetic cushioning to keep transitions smooth and your stride feeling fast, whether you’re logging daily miles or picking up the pace.</p> <ul> <li>Synthetic and textile upper offers lightweight breathability and targeted support.</li> <li>Lightstrike Pro cushioning delivers a soft, springy, super-light ride.</li> <li>Small stiffening element adds a little extra snap through toe-off.</li> <li>Lace closure and textile lining help create a secure, comfortable fit.</li> <li>Rubber outsole provides reliable traction across surfaces.</li> <li>Made with at least 20% recycled content.</li> </ul> <p><strong>Size & Fit Guidance</strong></p> <p>Most runners say the fit feels true to size with a secure, locked-in feel. For the best fit, we recommend going with your usual size, while runners who prefer a little more room in the forefoot or toe box may want to try a half size up.</p> <p><strong>Best For</strong></p> <p>Best for daily training, speed sessions, and long road runs when you want lightweight comfort with a lively toe-off.</p> <p><strong>Cushioning & Road Feel</strong></p> <p>Reviews consistently highlight the adiZero Evo SL for its bouncy, responsive ride and smooth energy return. It balances protective cushioning with a light, connected feel that works especially well for road miles, tempo efforts, and versatile training days.</p> <p><strong>Break-In & Durability</strong></p> <p>Most runners say the shoe feels comfortable right away, with the fit settling in even more naturally after the first few runs. Reviewers also describe it as a dependable choice for regular training rotations and repeat wear.</p>",adidas,Apparel & Accessories > Shoes,Running Shoes,"footlocker-clean-batch-2026-09, footlocker-source, new-arrivals, adidas, style:KI3381, men, Running, running",TRUE,Active,KI3381-8,198323977434,Color,Silver/Red,,Size,8,,,,,150.00,,,TRUE,,shopify,8,DENY,300,g,TRUE,manual,https://assets.footlocker.com/is/image/FLDM/KI3381_01?wid=1600&hei=1600&fmt=png-alpha,1,adidas Adizero Evo SL Men's Running Shoes - Silver/Red - primary view,https://assets.footlocker.com/is/image/FLDM/KI3381_01?wid=1600&hei=1600&fmt=png-alpha,FALSE,adidas Adizero Evo SL Men's Running Shoes - Silver/Red,Shop adidas Adizero Evo SL Men's Running Shoes - Silver/Red at Sneaker Head.,Grey,Men's,KI3381,https://www.footlocker.com/product/adidas-adizero-evo-sl-mens/KI3381.html
,adidas-adizero-evo-sl-men-silver-red-ki3381,,,,,,,,KI3381-8-5,198323977564,Color,Silver/Red,,Size,8.5,,,,,150.00,,,TRUE,,shopify,8,DENY,300,g,TRUE,manual,,,,https://assets.footlocker.com/is/image/FLDM/KI3381_01?wid=1600&hei=1600&fmt=png-alpha,FALSE,,,,,,
,adidas-adizero-evo-sl-men-silver-red-ki3381,,,,,,,,KI3381-9,198323977571,Color,Silver/Red,,Size,9,,,,,150.00,,,TRUE,,shopify,8,DENY,300,g,TRUE,manual,,,,https://assets.footlocker.com/is/image/FLDM/KI3381_01?wid=1600&hei=1600&fmt=png-alpha,FALSE,,,,,,
,adidas-adizero-evo-sl-men-silver-red-ki3381,,,,,,,,KI3381-9-5,198323977526,Color,Silver/Red,,Size,9.5,,,,,150.00,,,TRUE,,shopify,8,DENY,300,g,TRUE,manual,,,,https://assets.footlocker.com/is/image/FLDM/KI3381_01?wid=1600&hei=1600&fmt=png-alpha,FALSE,,,,,,
,adidas-adizero-evo-sl-men-silver-red-ki3381,,,,,,,,KI3381-10,198323977410,Color,Silver/Red,,Size,10,,,,,150.00,,,TRUE,,shopify,8,DENY,300,g,TRUE,manual,,,,https://assets.footlocker.com/is/image/FLDM/KI3381_01?wid=1600&hei=1600&fmt=png-alpha,FALSE,,,,,,
,adidas-adizero-evo-sl-men-silver-red-ki3381,,,,,,,,KI3381-10-5,198323977427,Color,Silver/Red,,Size,10.5,,,,,150.00,,,TRUE,,shopify,8,DENY,300,g,TRUE,manual,,,,https://assets.footlocker.com/is/image/FLDM/KI3381_01?wid=1600&hei=1600&fmt=png-alpha,FALSE,,,,,,
,adidas-adizero-evo-sl-men-silver-red-ki3381,,,,,,,,KI3381-11,198323977465,Color,Silver/Red,,Size,11,,,,,150.00,,,TRUE,,shopify,8,DENY,300,g,TRUE,manual,,,,https://assets.footlocker.com/is/image/FLDM/KI3381_01?wid=1600&hei=1600&fmt=png-alpha,FALSE,,,,,,
,adidas-adizero-evo-sl-men-silver-red-ki3381,,,,,,,,KI3381-11-5,198323977397,Color,Silver/Red,,Size,11.5,,,,,150.00,,,TRUE,,shopify,8,DENY,300,g,TRUE,manual,,,,https://assets.footlocker.com/is/image/FLDM/KI3381_01?wid=1600&hei=1600&fmt=png-alpha,FALSE,,,,,,
,adidas-adizero-evo-sl-men-silver-red-ki3381,,,,,,,,KI3381-12,198323977519,Color,Silver/Red,,Size,12,,,,,150.00,,,TRUE,,shopify,8,DENY,300,g,TRUE,manual,,,,https://assets.footlocker.com/is/image/FLDM/KI3381_01?wid=1600&hei=1600&fmt=png-alpha,FALSE,,,,,,
,adidas-adizero-evo-sl-men-silver-red-ki3381,,,,,,,,KI3381-13,198323977403,Color,Silver/Red,,Size,13,,,,,150.00,,,TRUE,,shopify,8,DENY,300,g,TRUE,manual,,,,https://assets.footlocker.com/is/image/FLDM/KI3381_01?wid=1600&hei=1600&fmt=png-alpha,FALSE,,,,,,
,adidas-adizero-evo-sl-men-silver-red-ki3381,,,,,,,,,,,,,,,,,,,,,,,,,,,,,,,https://assets.footlocker.com/is/image/FLDM/KI3381_02?wid=1600&hei=1600&fmt=png-alpha,2,adidas Adizero Evo SL Men's Running Shoes - Silver/Red - view 2,,,,,,,,
,adidas-adizero-evo-sl-men-silver-red-ki3381,,,,,,,,,,,,,,,,,,,,,,,,,,,,,,,https://assets.footlocker.com/is/image/FLDM/KI3381_03?wid=1600&hei=1600&fmt=png-alpha,3,adidas Adizero Evo SL Men's Running Shoes - Silver/Red - view 3,,,,,,,,
,adidas-adizero-evo-sl-men-silver-red-ki3381,,,,,,,,,,,,,,,,,,,,,,,,,,,,,,,https://assets.footlocker.com/is/image/FLDM/KI3381_04?wid=1600&hei=1600&fmt=png-alpha,4,adidas Adizero Evo SL Men's Running Shoes - Silver/Red - view 4,,,,,,,,
,adidas-adizero-evo-sl-men-silver-red-ki3381,,,,,,,,,,,,,,,,,,,,,,,,,,,,,,,https://assets.footlocker.com/is/image/FLDM/KI3381_05?wid=1600&hei=1600&fmt=png-alpha,5,adidas Adizero Evo SL Men's Running Shoes - Silver/Red - view 5,,,,,,,,
HOKA Clifton 10 Men's Running Shoes - Asteroid/Galactic Grey,hoka-clifton-10-men-asteroid-galactic-grey-2030gyst,"<p>Unleash your full potential on the road or trail with the Hoka Clifton 10—where every step feels like running on clouds. Featuring a fine-tuned midsole geometry and an improved forefoot fit, these silhouettes provide exceptional comfort and support through every stride. The new double-lace lock system enables easy on and off, while the refined heel with an enhanced underfoot transition ensures a smooth and stable ride. </p> <p>Boasting a redefined rearfoot-focused Active Foot Frame, these shoes improve stability and support for a seamless running experience. Push your limits and experience peak performance in the Hoka Clifton 10.</p> <p><strong>Hoka Clifton 10 features:</strong></p> <ul> <li>Jacquard knit upper offers breathability and a snug fit.</li> <li>Molded EVA sockliner adds comfort and support.</li> <li>CMEVA midsole with Meta-Rocker technology delivers cushioning.</li> <li>Reflective upper details enhance low-light visibility.</li> <li>Inherently durable abrasion rubber outsole ensures excellent traction.</li> <li>Weight: 9.8 oz.</li> </ul><hr /><p>Long runs, daily walks, and hours on your feet all feel easier in the HOKA Clifton 10. This updated favorite is built to keep your stride smooth and comfortable, pairing plush cushioning with a refined heel transition and an improved forefoot fit that helps you move confidently from the first mile to the last.</p><ul><li>Jacquard knit upper provides breathable, supportive comfort.</li><li>Molded EVA sockliner adds step-in softness.</li><li>CMEVA midsole and Meta-Rocker geometry help create a smooth, cushioned ride.</li><li>Rearfoot-focused Active Foot Frame adds stability and support.</li><li>Double-lace lock system helps make on and off easier.</li><li>Reflective details and a durable abrasion rubber outsole round out the design.</li><li>Weight: 9.8 oz.</li></ul> <p><strong>Size & Fit Guidance</strong></p> <p>Most reviewers say the fit feels true to size and comfortable right away. For the best fit, we recommend starting with your usual size; if you prefer extra room through the forefoot or typically choose wide widths, a wide option may feel best.</p> <p><strong>Best For</strong></p> <p>Best for daily running, walking, and long hours on hard surfaces when you want lightweight cushioning and dependable support.</p> <p><strong>Cushioning & Road Feel</strong></p> <p>Reviewers consistently highlight the soft, cloud-like cushioning and smooth ride underfoot. The feel leans plush and protective for pavement, recovery miles, and all-day wear, with comfort prioritized over a close-to-the-ground ride.</p> <p><strong>Break-In & Durability</strong></p> <p>Many wearers say the Clifton 10 feels good from the first wear, so it does not ask for much break-in time. Repeat HOKA buyers also point to reliable everyday performance across running, walking, and work shifts.</p> <p><strong>Care & Maintenance</strong></p> <p>To keep the knit upper looking fresh, use gentle spot cleaning as needed. One longtime wearer noted the shoe continued to hold up well even after multiple washes.</p>",HOKA,Apparel & Accessories > Shoes,Running Shoes,"footlocker-clean-batch-2026-09, footlocker-source, new-arrivals, hoka, style:2030GYST, men, Running, running, sale",TRUE,Active,2030GYST-7-5,198605168697,Color,Asteroid/Galactic Grey,,Size,7.5,,,,,123.99,155.00,,TRUE,,shopify,8,DENY,300,g,TRUE,manual,https://assets.footlocker.com/is/image/FLDM/2030GYST_01?wid=1600&hei=1600&fmt=png-alpha,1,HOKA Clifton 10 Men's Running Shoes - Asteroid/Galactic Grey - primary view,https://assets.footlocker.com/is/image/FLDM/2030GYST_01?wid=1600&hei=1600&fmt=png-alpha,FALSE,HOKA Clifton 10 Men's Running Shoes - Asteroid/Galactic Grey,Shop HOKA Clifton 10 Men's Running Shoes - Asteroid/Galactic Grey at Sneaker Head.,Grey,Men's,2030GYST,https://www.footlocker.com/product/hoka-clifton-10-mens/2030GYST.html
,hoka-clifton-10-men-asteroid-galactic-grey-2030gyst,,,,,,,,2030GYST-8,198605168727,Color,Asteroid/Galactic Grey,,Size,8,,,,,123.99,155.00,,TRUE,,shopify,8,DENY,300,g,TRUE,manual,,,,https://assets.footlocker.com/is/image/FLDM/2030GYST_01?wid=1600&hei=1600&fmt=png-alpha,FALSE,,,,,,
,hoka-clifton-10-men-asteroid-galactic-grey-2030gyst,,,,,,,,2030GYST-8-5,198605168710,Color,Asteroid/Galactic Grey,,Size,8.5,,,,,123.99,155.00,,TRUE,,shopify,8,DENY,300,g,TRUE,manual,,,,https://assets.footlocker.com/is/image/FLDM/2030GYST_01?wid=1600&hei=1600&fmt=png-alpha,FALSE,,,,,,
,hoka-clifton-10-men-asteroid-galactic-grey-2030gyst,,,,,,,,2030GYST-9,198605168741,Color,Asteroid/Galactic Grey,,Size,9,,,,,123.99,155.00,,TRUE,,shopify,8,DENY,300,g,TRUE,manual,,,,https://assets.footlocker.com/is/image/FLDM/2030GYST_01?wid=1600&hei=1600&fmt=png-alpha,FALSE,,,,,,
,hoka-clifton-10-men-asteroid-galactic-grey-2030gyst,,,,,,,,2030GYST-9-5,198605168734,Color,Asteroid/Galactic Grey,,Size,9.5,,,,,123.99,155.00,,TRUE,,shopify,8,DENY,300,g,TRUE,manual,,,,https://assets.footlocker.com/is/image/FLDM/2030GYST_01?wid=1600&hei=1600&fmt=png-alpha,FALSE,,,,,,
,hoka-clifton-10-men-asteroid-galactic-grey-2030gyst,,,,,,,,2030GYST-10,198605168796,Color,Asteroid/Galactic Grey,,Size,10,,,,,123.99,155.00,,TRUE,,shopify,8,DENY,300,g,TRUE,manual,,,,https://assets.footlocker.com/is/image/FLDM/2030GYST_01?wid=1600&hei=1600&fmt=png-alpha,FALSE,,,,,,
,hoka-clifton-10-men-asteroid-galactic-grey-2030gyst,,,,,,,,2030GYST-10-5,198605168789,Color,Asteroid/Galactic Grey,,Size,10.5,,,,,123.99,155.00,,TRUE,,shopify,8,DENY,300,g,TRUE,manual,,,,https://assets.footlocker.com/is/image/FLDM/2030GYST_01?wid=1600&hei=1600&fmt=png-alpha,FALSE,,,,,,
,hoka-clifton-10-men-asteroid-galactic-grey-2030gyst,,,,,,,,2030GYST-11,198605168840,Color,Asteroid/Galactic Grey,,Size,11,,,,,123.99,155.00,,TRUE,,shopify,8,DENY,300,g,TRUE,manual,,,,https://assets.footlocker.com/is/image/FLDM/2030GYST_01?wid=1600&hei=1600&fmt=png-alpha,FALSE,,,,,,
,hoka-clifton-10-men-asteroid-galactic-grey-2030gyst,,,,,,,,2030GYST-11-5,198605168833,Color,Asteroid/Galactic Grey,,Size,11.5,,,,,123.99,155.00,,TRUE,,shopify,8,DENY,300,g,TRUE,manual,,,,https://assets.footlocker.com/is/image/FLDM/2030GYST_01?wid=1600&hei=1600&fmt=png-alpha,FALSE,,,,,,
,hoka-clifton-10-men-asteroid-galactic-grey-2030gyst,,,,,,,,2030GYST-12,198605168864,Color,Asteroid/Galactic Grey,,Size,12,,,,,123.99,155.00,,TRUE,,shopify,8,DENY,300,g,TRUE,manual,,,,https://assets.footlocker.com/is/image/FLDM/2030GYST_01?wid=1600&hei=1600&fmt=png-alpha,FALSE,,,,,,
,hoka-clifton-10-men-asteroid-galactic-grey-2030gyst,,,,,,,,2030GYST-13,198605168871,Color,Asteroid/Galactic Grey,,Size,13,,,,,123.99,155.00,,TRUE,,shopify,8,DENY,300,g,TRUE,manual,,,,https://assets.footlocker.com/is/image/FLDM/2030GYST_01?wid=1600&hei=1600&fmt=png-alpha,FALSE,,,,,,
,hoka-clifton-10-men-asteroid-galactic-grey-2030gyst,,,,,,,,,,,,,,,,,,,,,,,,,,,,,,,https://assets.footlocker.com/is/image/FLDM/2030GYST_02?wid=1600&hei=1600&fmt=png-alpha,2,HOKA Clifton 10 Men's Running Shoes - Asteroid/Galactic Grey - view 2,,,,,,,,
,hoka-clifton-10-men-asteroid-galactic-grey-2030gyst,,,,,,,,,,,,,,,,,,,,,,,,,,,,,,,https://assets.footlocker.com/is/image/FLDM/2030GYST_03?wid=1600&hei=1600&fmt=png-alpha,3,HOKA Clifton 10 Men's Running Shoes - Asteroid/Galactic Grey - view 3,,,,,,,,
,hoka-clifton-10-men-asteroid-galactic-grey-2030gyst,,,,,,,,,,,,,,,,,,,,,,,,,,,,,,,https://assets.footlocker.com/is/image/FLDM/2030GYST_04?wid=1600&hei=1600&fmt=png-alpha,4,HOKA Clifton 10 Men's Running Shoes - Asteroid/Galactic Grey - view 4,,,,,,,,
,hoka-clifton-10-men-asteroid-galactic-grey-2030gyst,,,,,,,,,,,,,,,,,,,,,,,,,,,,,,,https://assets.footlocker.com/is/image/FLDM/2030GYST_05?wid=1600&hei=1600&fmt=png-alpha,5,HOKA Clifton 10 Men's Running Shoes - Asteroid/Galactic Grey - view 5,,,,,,,,
HOKA Clifton 10 Men's Running Shoes - Asteroid/Silver,hoka-clifton-10-men-asteroid-silver-2030adsl,"<p>Unleash your full potential on the road or trail with the Hoka Clifton 10—where every step feels like running on clouds. Featuring a fine-tuned midsole geometry and an improved forefoot fit, these silhouettes provide exceptional comfort and support through every stride. The new double-lace lock system enables easy on and off, while the refined heel with an enhanced underfoot transition ensures a smooth and stable ride. </p> <p>Boasting a redefined rearfoot-focused Active Foot Frame, these shoes improve stability and support for a seamless running experience. Push your limits and experience peak performance in the Hoka Clifton 10.</p> <p><strong>Hoka Clifton 10 features:</strong></p> <ul> <li>Jacquard knit upper offers breathability and a snug fit.</li> <li>Molded EVA sockliner adds comfort and support.</li> <li>CMEVA midsole with Meta-Rocker technology delivers cushioning.</li> <li>Reflective upper details enhance low-light visibility.</li> <li>Inherently durable abrasion rubber outsole ensures excellent traction.</li> <li>Weight: 9.8 oz.</li> </ul><hr /><p>Long runs, daily walks, and hours on your feet all feel easier in the HOKA Clifton 10. This updated favorite is built to keep your stride smooth and comfortable, pairing plush cushioning with a refined heel transition and an improved forefoot fit that helps you move confidently from the first mile to the last.</p><ul><li>Jacquard knit upper provides breathable, supportive comfort.</li><li>Molded EVA sockliner adds step-in softness.</li><li>CMEVA midsole and Meta-Rocker geometry help create a smooth, cushioned ride.</li><li>Rearfoot-focused Active Foot Frame adds stability and support.</li><li>Double-lace lock system helps make on and off easier.</li><li>Reflective details and a durable abrasion rubber outsole round out the design.</li><li>Weight: 9.8 oz.</li></ul> <p><strong>Size & Fit Guidance</strong></p> <p>Most reviewers say the fit feels true to size and comfortable right away. For the best fit, we recommend starting with your usual size; if you prefer extra room through the forefoot or typically choose wide widths, a wide option may feel best.</p> <p><strong>Best For</strong></p> <p>Best for daily running, walking, and long hours on hard surfaces when you want lightweight cushioning and dependable support.</p> <p><strong>Cushioning & Road Feel</strong></p> <p>Reviewers consistently highlight the soft, cloud-like cushioning and smooth ride underfoot. The feel leans plush and protective for pavement, recovery miles, and all-day wear, with comfort prioritized over a close-to-the-ground ride.</p> <p><strong>Break-In & Durability</strong></p> <p>Many wearers say the Clifton 10 feels good from the first wear, so it does not ask for much break-in time. Repeat HOKA buyers also point to reliable everyday performance across running, walking, and work shifts.</p> <p><strong>Care & Maintenance</strong></p> <p>To keep the knit upper looking fresh, use gentle spot cleaning as needed. One longtime wearer noted the shoe continued to hold up well even after multiple washes.</p>",HOKA,Apparel & Accessories > Shoes,Running Shoes,"footlocker-clean-batch-2026-09, footlocker-source, new-arrivals, hoka, style:2030ADSL, men, Running, running, sale",TRUE,Active,2030ADSL-7-5,198605655210,Color,Asteroid/Silver,,Size,7.5,,,,,123.99,155.00,,TRUE,,shopify,8,DENY,300,g,TRUE,manual,https://assets.footlocker.com/is/image/FLDM/2030ADSL_01?wid=1600&hei=1600&fmt=png-alpha,1,HOKA Clifton 10 Men's Running Shoes - Asteroid/Silver - primary view,https://assets.footlocker.com/is/image/FLDM/2030ADSL_01?wid=1600&hei=1600&fmt=png-alpha,FALSE,HOKA Clifton 10 Men's Running Shoes - Asteroid/Silver,Shop HOKA Clifton 10 Men's Running Shoes - Asteroid/Silver at Sneaker Head.,Grey,Men's,2030ADSL,https://www.footlocker.com/product/hoka-clifton-10-mens/2030ADSL.html
,hoka-clifton-10-men-asteroid-silver-2030adsl,,,,,,,,2030ADSL-8,198605655241,Color,Asteroid/Silver,,Size,8,,,,,123.99,155.00,,TRUE,,shopify,8,DENY,300,g,TRUE,manual,,,,https://assets.footlocker.com/is/image/FLDM/2030ADSL_01?wid=1600&hei=1600&fmt=png-alpha,FALSE,,,,,,
,hoka-clifton-10-men-asteroid-silver-2030adsl,,,,,,,,2030ADSL-8-5,198605655234,Color,Asteroid/Silver,,Size,8.5,,,,,123.99,155.00,,TRUE,,shopify,8,DENY,300,g,TRUE,manual,,,,https://assets.footlocker.com/is/image/FLDM/2030ADSL_01?wid=1600&hei=1600&fmt=png-alpha,FALSE,,,,,,
,hoka-clifton-10-men-asteroid-silver-2030adsl,,,,,,,,2030ADSL-9,198605655265,Color,Asteroid/Silver,,Size,9,,,,,123.99,155.00,,TRUE,,shopify,8,DENY,300,g,TRUE,manual,,,,https://assets.footlocker.com/is/image/FLDM/2030ADSL_01?wid=1600&hei=1600&fmt=png-alpha,FALSE,,,,,,
,hoka-clifton-10-men-asteroid-silver-2030adsl,,,,,,,,2030ADSL-9-5,198605655258,Color,Asteroid/Silver,,Size,9.5,,,,,123.99,155.00,,TRUE,,shopify,8,DENY,300,g,TRUE,manual,,,,https://assets.footlocker.com/is/image/FLDM/2030ADSL_01?wid=1600&hei=1600&fmt=png-alpha,FALSE,,,,,,
,hoka-clifton-10-men-asteroid-silver-2030adsl,,,,,,,,2030ADSL-10,198605655319,Color,Asteroid/Silver,,Size,10,,,,,123.99,155.00,,TRUE,,shopify,8,DENY,300,g,TRUE,manual,,,,https://assets.footlocker.com/is/image/FLDM/2030ADSL_01?wid=1600&hei=1600&fmt=png-alpha,FALSE,,,,,,
,hoka-clifton-10-men-asteroid-silver-2030adsl,,,,,,,,2030ADSL-10-5,198605655302,Color,Asteroid/Silver,,Size,10.5,,,,,123.99,155.00,,TRUE,,shopify,8,DENY,300,g,TRUE,manual,,,,https://assets.footlocker.com/is/image/FLDM/2030ADSL_01?wid=1600&hei=1600&fmt=png-alpha,FALSE,,,,,,
,hoka-clifton-10-men-asteroid-silver-2030adsl,,,,,,,,2030ADSL-11,198605655142,Color,Asteroid/Silver,,Size,11,,,,,123.99,155.00,,TRUE,,shopify,8,DENY,300,g,TRUE,manual,,,,https://assets.footlocker.com/is/image/FLDM/2030ADSL_01?wid=1600&hei=1600&fmt=png-alpha,FALSE,,,,,,
,hoka-clifton-10-men-asteroid-silver-2030adsl,,,,,,,,2030ADSL-11-5,198605655135,Color,Asteroid/Silver,,Size,11.5,,,,,123.99,155.00,,TRUE,,shopify,8,DENY,300,g,TRUE,manual,,,,https://assets.footlocker.com/is/image/FLDM/2030ADSL_01?wid=1600&hei=1600&fmt=png-alpha,FALSE,,,,,,
,hoka-clifton-10-men-asteroid-silver-2030adsl,,,,,,,,2030ADSL-12,198605655166,Color,Asteroid/Silver,,Size,12,,,,,123.99,155.00,,TRUE,,shopify,8,DENY,300,g,TRUE,manual,,,,https://assets.footlocker.com/is/image/FLDM/2030ADSL_01?wid=1600&hei=1600&fmt=png-alpha,FALSE,,,,,,
,hoka-clifton-10-men-asteroid-silver-2030adsl,,,,,,,,2030ADSL-13,198605655173,Color,Asteroid/Silver,,Size,13,,,,,123.99,155.00,,TRUE,,shopify,8,DENY,300,g,TRUE,manual,,,,https://assets.footlocker.com/is/image/FLDM/2030ADSL_01?wid=1600&hei=1600&fmt=png-alpha,FALSE,,,,,,
,hoka-clifton-10-men-asteroid-silver-2030adsl,,,,,,,,,,,,,,,,,,,,,,,,,,,,,,,https://assets.footlocker.com/is/image/FLDM/2030ADSL_03?wid=1600&hei=1600&fmt=png-alpha,2,HOKA Clifton 10 Men's Running Shoes - Asteroid/Silver - view 2,,,,,,,,
,hoka-clifton-10-men-asteroid-silver-2030adsl,,,,,,,,,,,,,,,,,,,,,,,,,,,,,,,https://assets.footlocker.com/is/image/FLDM/2030ADSL_04?wid=1600&hei=1600&fmt=png-alpha,3,HOKA Clifton 10 Men's Running Shoes - Asteroid/Silver - view 3,,,,,,,,
,hoka-clifton-10-men-asteroid-silver-2030adsl,,,,,,,,,,,,,,,,,,,,,,,,,,,,,,,https://assets.footlocker.com/is/image/FLDM/2030ADSL_05?wid=1600&hei=1600&fmt=png-alpha,4,HOKA Clifton 10 Men's Running Shoes - Asteroid/Silver - view 4,,,,,,,,
,hoka-clifton-10-men-asteroid-silver-2030adsl,,,,,,,,,,,,,,,,,,,,,,,,,,,,,,,https://assets.footlocker.com/is/image/FLDM/2030ADSL_06?wid=1600&hei=1600&fmt=png-alpha,5,HOKA Clifton 10 Men's Running Shoes - Asteroid/Silver - view 5,,,,,,,,
HOKA Clifton 10 Men's Running Shoes - Black/Black,hoka-clifton-10-men-black-black-2030bblc,"<p>Unleash your full potential on the road or trail with the Hoka Clifton 10—where every step feels like running on clouds. Featuring a fine-tuned midsole geometry and an improved forefoot fit, these silhouettes provide exceptional comfort and support through every stride. The new double-lace lock system enables easy on and off, while the refined heel with an enhanced underfoot transition ensures a smooth and stable ride. </p> <p>Boasting a redefined rearfoot-focused Active Foot Frame, these shoes improve stability and support for a seamless running experience. Push your limits and experience peak performance in the Hoka Clifton 10.</p> <p><strong>Hoka Clifton 10 features:</strong></p> <ul> <li>Jacquard knit upper offers breathability and a snug fit.</li> <li>Molded EVA sockliner adds comfort and support.</li> <li>CMEVA midsole with Meta-Rocker technology delivers cushioning.</li> <li>Reflective upper details enhance low-light visibility.</li> <li>Inherently durable abrasion rubber outsole ensures excellent traction.</li> <li>Weight: 9.8 oz.</li> </ul><hr /><p>Long runs, daily walks, and hours on your feet all feel easier in the HOKA Clifton 10. This updated favorite is built to keep your stride smooth and comfortable, pairing plush cushioning with a refined heel transition and an improved forefoot fit that helps you move confidently from the first mile to the last.</p><ul><li>Jacquard knit upper provides breathable, supportive comfort.</li><li>Molded EVA sockliner adds step-in softness.</li><li>CMEVA midsole and Meta-Rocker geometry help create a smooth, cushioned ride.</li><li>Rearfoot-focused Active Foot Frame adds stability and support.</li><li>Double-lace lock system helps make on and off easier.</li><li>Reflective details and a durable abrasion rubber outsole round out the design.</li><li>Weight: 9.8 oz.</li></ul> <p><strong>Size & Fit Guidance</strong></p> <p>Most reviewers say the fit feels true to size and comfortable right away. For the best fit, we recommend starting with your usual size; if you prefer extra room through the forefoot or typically choose wide widths, a wide option may feel best.</p> <p><strong>Best For</strong></p> <p>Best for daily running, walking, and long hours on hard surfaces when you want lightweight cushioning and dependable support.</p> <p><strong>Cushioning & Road Feel</strong></p> <p>Reviewers consistently highlight the soft, cloud-like cushioning and smooth ride underfoot. The feel leans plush and protective for pavement, recovery miles, and all-day wear, with comfort prioritized over a close-to-the-ground ride.</p> <p><strong>Break-In & Durability</strong></p> <p>Many wearers say the Clifton 10 feels good from the first wear, so it does not ask for much break-in time. Repeat HOKA buyers also point to reliable everyday performance across running, walking, and work shifts.</p> <p><strong>Care & Maintenance</strong></p> <p>To keep the knit upper looking fresh, use gentle spot cleaning as needed. One longtime wearer noted the shoe continued to hold up well even after multiple washes.</p>",HOKA,Apparel & Accessories > Shoes,Running Shoes,"footlocker-clean-batch-2026-09, footlocker-source, new-arrivals, hoka, style:2030BBLC, men, Running, running, sale",TRUE,Active,2030BBLC-8,197634748894,Color,Black/Black,,Size,8,,,,,123.99,155.00,,TRUE,,shopify,8,DENY,300,g,TRUE,manual,https://assets.footlocker.com/is/image/FLDM/2030BBLC_01?wid=1600&hei=1600&fmt=png-alpha,1,HOKA Clifton 10 Men's Running Shoes - Black/Black - primary view,https://assets.footlocker.com/is/image/FLDM/2030BBLC_01?wid=1600&hei=1600&fmt=png-alpha,FALSE,HOKA Clifton 10 Men's Running Shoes - Black/Black,Shop HOKA Clifton 10 Men's Running Shoes - Black/Black at Sneaker Head.,Black,Men's,2030BBLC,https://www.footlocker.com/product/hoka-clifton-10-mens/2030BBLC.html
,hoka-clifton-10-men-black-black-2030bblc,,,,,,,,2030BBLC-8-5,197634749051,Color,Black/Black,,Size,8.5,,,,,123.99,155.00,,TRUE,,shopify,8,DENY,300,g,TRUE,manual,,,,https://assets.footlocker.com/is/image/FLDM/2030BBLC_01?wid=1600&hei=1600&fmt=png-alpha,FALSE,,,,,,
,hoka-clifton-10-men-black-black-2030bblc,,,,,,,,2030BBLC-9,197634748948,Color,Black/Black,,Size,9,,,,,123.99,155.00,,TRUE,,shopify,8,DENY,300,g,TRUE,manual,,,,https://assets.footlocker.com/is/image/FLDM/2030BBLC_01?wid=1600&hei=1600&fmt=png-alpha,FALSE,,,,,,
,hoka-clifton-10-men-black-black-2030bblc,,,,,,,,2030BBLC-9-5,197634748900,Color,Black/Black,,Size,9.5,,,,,123.99,155.00,,TRUE,,shopify,8,DENY,300,g,TRUE,manual,,,,https://assets.footlocker.com/is/image/FLDM/2030BBLC_01?wid=1600&hei=1600&fmt=png-alpha,FALSE,,,,,,
,hoka-clifton-10-men-black-black-2030bblc,,,,,,,,2030BBLC-10,197634748962,Color,Black/Black,,Size,10,,,,,123.99,155.00,,TRUE,,shopify,8,DENY,300,g,TRUE,manual,,,,https://assets.footlocker.com/is/image/FLDM/2030BBLC_01?wid=1600&hei=1600&fmt=png-alpha,FALSE,,,,,,
,hoka-clifton-10-men-black-black-2030bblc,,,,,,,,2030BBLC-11-5,197634748979,Color,Black/Black,,Size,11.5,,,,,123.99,155.00,,TRUE,,shopify,8,DENY,300,g,TRUE,manual,,,,https://assets.footlocker.com/is/image/FLDM/2030BBLC_01?wid=1600&hei=1600&fmt=png-alpha,FALSE,,,,,,
,hoka-clifton-10-men-black-black-2030bblc,,,,,,,,2030BBLC-13,197634749013,Color,Black/Black,,Size,13,,,,,123.99,155.00,,TRUE,,shopify,8,DENY,300,g,TRUE,manual,,,,https://assets.footlocker.com/is/image/FLDM/2030BBLC_01?wid=1600&hei=1600&fmt=png-alpha,FALSE,,,,,,
,hoka-clifton-10-men-black-black-2030bblc,,,,,,,,,,,,,,,,,,,,,,,,,,,,,,,https://assets.footlocker.com/is/image/FLDM/2030BBLC_02?wid=1600&hei=1600&fmt=png-alpha,2,HOKA Clifton 10 Men's Running Shoes - Black/Black - view 2,,,,,,,,
,hoka-clifton-10-men-black-black-2030bblc,,,,,,,,,,,,,,,,,,,,,,,,,,,,,,,https://assets.footlocker.com/is/image/FLDM/2030BBLC_03?wid=1600&hei=1600&fmt=png-alpha,3,HOKA Clifton 10 Men's Running Shoes - Black/Black - view 3,,,,,,,,
,hoka-clifton-10-men-black-black-2030bblc,,,,,,,,,,,,,,,,,,,,,,,,,,,,,,,https://assets.footlocker.com/is/image/FLDM/2030BBLC_04?wid=1600&hei=1600&fmt=png-alpha,4,HOKA Clifton 10 Men's Running Shoes - Black/Black - view 4,,,,,,,,
,hoka-clifton-10-men-black-black-2030bblc,,,,,,,,,,,,,,,,,,,,,,,,,,,,,,,https://assets.footlocker.com/is/image/FLDM/2030BBLC_05?wid=1600&hei=1600&fmt=png-alpha,5,HOKA Clifton 10 Men's Running Shoes - Black/Black - view 5,,,,,,,,
HOKA Clifton 10 Men's Running Shoes - Black/Silver,hoka-clifton-10-men-black-silver-2030bksv,"<p>Unleash your full potential on the road or trail with the Hoka Clifton 10—where every step feels like running on clouds. Featuring a fine-tuned midsole geometry and an improved forefoot fit, these silhouettes provide exceptional comfort and support through every stride. The new double-lace lock system enables easy on and off, while the refined heel with an enhanced underfoot transition ensures a smooth and stable ride. </p> <p>Boasting a redefined rearfoot-focused Active Foot Frame, these shoes improve stability and support for a seamless running experience. Push your limits and experience peak performance in the Hoka Clifton 10.</p> <p><strong>Hoka Clifton 10 features:</strong></p> <ul> <li>Jacquard knit upper offers breathability and a snug fit.</li> <li>Molded EVA sockliner adds comfort and support.</li> <li>CMEVA midsole with Meta-Rocker technology delivers cushioning.</li> <li>Reflective upper details enhance low-light visibility.</li> <li>Inherently durable abrasion rubber outsole ensures excellent traction.</li> <li>Weight: 9.8 oz.</li> </ul><hr /><p>Long runs, daily walks, and hours on your feet all feel easier in the HOKA Clifton 10. This updated favorite is built to keep your stride smooth and comfortable, pairing plush cushioning with a refined heel transition and an improved forefoot fit that helps you move confidently from the first mile to the last.</p><ul><li>Jacquard knit upper provides breathable, supportive comfort.</li><li>Molded EVA sockliner adds step-in softness.</li><li>CMEVA midsole and Meta-Rocker geometry help create a smooth, cushioned ride.</li><li>Rearfoot-focused Active Foot Frame adds stability and support.</li><li>Double-lace lock system helps make on and off easier.</li><li>Reflective details and a durable abrasion rubber outsole round out the design.</li><li>Weight: 9.8 oz.</li></ul> <p><strong>Size & Fit Guidance</strong></p> <p>Most reviewers say the fit feels true to size and comfortable right away. For the best fit, we recommend starting with your usual size; if you prefer extra room through the forefoot or typically choose wide widths, a wide option may feel best.</p> <p><strong>Best For</strong></p> <p>Best for daily running, walking, and long hours on hard surfaces when you want lightweight cushioning and dependable support.</p> <p><strong>Cushioning & Road Feel</strong></p> <p>Reviewers consistently highlight the soft, cloud-like cushioning and smooth ride underfoot. The feel leans plush and protective for pavement, recovery miles, and all-day wear, with comfort prioritized over a close-to-the-ground ride.</p> <p><strong>Break-In & Durability</strong></p> <p>Many wearers say the Clifton 10 feels good from the first wear, so it does not ask for much break-in time. Repeat HOKA buyers also point to reliable everyday performance across running, walking, and work shifts.</p> <p><strong>Care & Maintenance</strong></p> <p>To keep the knit upper looking fresh, use gentle spot cleaning as needed. One longtime wearer noted the shoe continued to hold up well even after multiple washes.</p>",HOKA,Apparel & Accessories > Shoes,Running Shoes,"footlocker-clean-batch-2026-09, footlocker-source, new-arrivals, hoka, style:2030BKSV, men, Running, running",TRUE,Active,2030BKSV-11-5,198605555596,Color,Black/Silver,,Size,11.5,,,,,155.00,,,TRUE,,shopify,8,DENY,300,g,TRUE,manual,https://assets.footlocker.com/is/image/FLDM/2030BKSV_01?wid=1600&hei=1600&fmt=png-alpha,1,HOKA Clifton 10 Men's Running Shoes - Black/Silver - primary view,https://assets.footlocker.com/is/image/FLDM/2030BKSV_01?wid=1600&hei=1600&fmt=png-alpha,FALSE,HOKA Clifton 10 Men's Running Shoes - Black/Silver,Shop HOKA Clifton 10 Men's Running Shoes - Black/Silver at Sneaker Head.,Black,Men's,2030BKSV,https://www.footlocker.com/product/hoka-clifton-10-mens/2030BKSV.html
,hoka-clifton-10-men-black-silver-2030bksv,,,,,,,,,,,,,,,,,,,,,,,,,,,,,,,https://assets.footlocker.com/is/image/FLDM/2030BKSV_03?wid=1600&hei=1600&fmt=png-alpha,2,HOKA Clifton 10 Men's Running Shoes - Black/Silver - view 2,,,,,,,,
,hoka-clifton-10-men-black-silver-2030bksv,,,,,,,,,,,,,,,,,,,,,,,,,,,,,,,https://assets.footlocker.com/is/image/FLDM/2030BKSV_04?wid=1600&hei=1600&fmt=png-alpha,3,HOKA Clifton 10 Men's Running Shoes - Black/Silver - view 3,,,,,,,,
,hoka-clifton-10-men-black-silver-2030bksv,,,,,,,,,,,,,,,,,,,,,,,,,,,,,,,https://assets.footlocker.com/is/image/FLDM/2030BKSV_05?wid=1600&hei=1600&fmt=png-alpha,4,HOKA Clifton 10 Men's Running Shoes - Black/Silver - view 4,,,,,,,,
,hoka-clifton-10-men-black-silver-2030bksv,,,,,,,,,,,,,,,,,,,,,,,,,,,,,,,https://assets.footlocker.com/is/image/FLDM/2030BKSV_06?wid=1600&hei=1600&fmt=png-alpha,5,HOKA Clifton 10 Men's Running Shoes - Black/Silver - view 5,,,,,,,,
HOKA Clifton 10 Men's Running Shoes - Black/Varsity Navy,hoka-clifton-10-men-black-varsity-navy-62030vck,"<p>Unleash your full potential on the road or trail with the Hoka Clifton 10—where every step feels like running on clouds. Featuring a fine-tuned midsole geometry and an improved forefoot fit, these silhouettes provide exceptional comfort and support through every stride. The new double-lace lock system enables easy on and off, while the refined heel with an enhanced underfoot transition ensures a smooth and stable ride. </p> <p>Boasting a redefined rearfoot-focused Active Foot Frame, these shoes improve stability and support for a seamless running experience. Push your limits and experience peak performance in the Hoka Clifton 10.</p> <p><strong>Hoka Clifton 10 features:</strong></p> <ul> <li>Jacquard knit upper offers breathability and a snug fit.</li> <li>Molded EVA sockliner adds comfort and support.</li> <li>CMEVA midsole with Meta-Rocker technology delivers cushioning.</li> <li>Reflective upper details enhance low-light visibility.</li> <li>Inherently durable abrasion rubber outsole ensures excellent traction.</li> <li>Weight: 9.8 oz.</li> </ul><hr /><p>Long runs, daily walks, and hours on your feet all feel easier in the HOKA Clifton 10. This updated favorite is built to keep your stride smooth and comfortable, pairing plush cushioning with a refined heel transition and an improved forefoot fit that helps you move confidently from the first mile to the last.</p><ul><li>Jacquard knit upper provides breathable, supportive comfort.</li><li>Molded EVA sockliner adds step-in softness.</li><li>CMEVA midsole and Meta-Rocker geometry help create a smooth, cushioned ride.</li><li>Rearfoot-focused Active Foot Frame adds stability and support.</li><li>Double-lace lock system helps make on and off easier.</li><li>Reflective details and a durable abrasion rubber outsole round out the design.</li><li>Weight: 9.8 oz.</li></ul> <p><strong>Size & Fit Guidance</strong></p> <p>Most reviewers say the fit feels true to size and comfortable right away. For the best fit, we recommend starting with your usual size; if you prefer extra room through the forefoot or typically choose wide widths, a wide option may feel best.</p> <p><strong>Best For</strong></p> <p>Best for daily running, walking, and long hours on hard surfaces when you want lightweight cushioning and dependable support.</p> <p><strong>Cushioning & Road Feel</strong></p> <p>Reviewers consistently highlight the soft, cloud-like cushioning and smooth ride underfoot. The feel leans plush and protective for pavement, recovery miles, and all-day wear, with comfort prioritized over a close-to-the-ground ride.</p> <p><strong>Break-In & Durability</strong></p> <p>Many wearers say the Clifton 10 feels good from the first wear, so it does not ask for much break-in time. Repeat HOKA buyers also point to reliable everyday performance across running, walking, and work shifts.</p> <p><strong>Care & Maintenance</strong></p> <p>To keep the knit upper looking fresh, use gentle spot cleaning as needed. One longtime wearer noted the shoe continued to hold up well even after multiple washes.</p>",HOKA,Apparel & Accessories > Shoes,Running Shoes,"footlocker-clean-batch-2026-09, footlocker-source, new-arrivals, hoka, style:62030VCK, men, Running, running, sale",TRUE,Active,62030VCK-7-5,198605792700,Color,Black/Varsity Navy,,Size,7.5,,,,,123.99,155.00,,TRUE,,shopify,8,DENY,300,g,TRUE,manual,https://assets.footlocker.com/is/image/FLDM/62030VCK_01?wid=1600&hei=1600&fmt=png-alpha,1,HOKA Clifton 10 Men's Running Shoes - Black/Varsity Navy - primary view,https://assets.footlocker.com/is/image/FLDM/62030VCK_01?wid=1600&hei=1600&fmt=png-alpha,FALSE,HOKA Clifton 10 Men's Running Shoes - Black/Varsity Navy,Shop HOKA Clifton 10 Men's Running Shoes - Black/Varsity Navy at Sneaker Head.,Navy,Men's,62030VCK,https://www.footlocker.com/product/hoka-clifton-10-mens/62030VCK.html
,hoka-clifton-10-men-black-varsity-navy-62030vck,,,,,,,,62030VCK-9,198605792861,Color,Black/Varsity Navy,,Size,9,,,,,123.99,155.00,,TRUE,,shopify,8,DENY,300,g,TRUE,manual,,,,https://assets.footlocker.com/is/image/FLDM/62030VCK_01?wid=1600&hei=1600&fmt=png-alpha,FALSE,,,,,,
,hoka-clifton-10-men-black-varsity-navy-62030vck,,,,,,,,62030VCK-9-5,198605792878,Color,Black/Varsity Navy,,Size,9.5,,,,,123.99,155.00,,TRUE,,shopify,8,DENY,300,g,TRUE,manual,,,,https://assets.footlocker.com/is/image/FLDM/62030VCK_01?wid=1600&hei=1600&fmt=png-alpha,FALSE,,,,,,
,hoka-clifton-10-men-black-varsity-navy-62030vck,,,,,,,,62030VCK-10-5,198605792823,Color,Black/Varsity Navy,,Size,10.5,,,,,123.99,155.00,,TRUE,,shopify,8,DENY,300,g,TRUE,manual,,,,https://assets.footlocker.com/is/image/FLDM/62030VCK_01?wid=1600&hei=1600&fmt=png-alpha,FALSE,,,,,,
,hoka-clifton-10-men-black-varsity-navy-62030vck,,,,,,,,62030VCK-11,198605792762,Color,Black/Varsity Navy,,Size,11,,,,,123.99,155.00,,TRUE,,shopify,8,DENY,300,g,TRUE,manual,,,,https://assets.footlocker.com/is/image/FLDM/62030VCK_01?wid=1600&hei=1600&fmt=png-alpha,FALSE,,,,,,
,hoka-clifton-10-men-black-varsity-navy-62030vck,,,,,,,,62030VCK-11-5,198605792779,Color,Black/Varsity Navy,,Size,11.5,,,,,123.99,155.00,,TRUE,,shopify,8,DENY,300,g,TRUE,manual,,,,https://assets.footlocker.com/is/image/FLDM/62030VCK_01?wid=1600&hei=1600&fmt=png-alpha,FALSE,,,,,,
,hoka-clifton-10-men-black-varsity-navy-62030vck,,,,,,,,,,,,,,,,,,,,,,,,,,,,,,,https://assets.footlocker.com/is/image/FLDM/62030VCK_03?wid=1600&hei=1600&fmt=png-alpha,2,HOKA Clifton 10 Men's Running Shoes - Black/Varsity Navy - view 2,,,,,,,,
,hoka-clifton-10-men-black-varsity-navy-62030vck,,,,,,,,,,,,,,,,,,,,,,,,,,,,,,,https://assets.footlocker.com/is/image/FLDM/62030VCK_04?wid=1600&hei=1600&fmt=png-alpha,3,HOKA Clifton 10 Men's Running Shoes - Black/Varsity Navy - view 3,,,,,,,,
,hoka-clifton-10-men-black-varsity-navy-62030vck,,,,,,,,,,,,,,,,,,,,,,,,,,,,,,,https://assets.footlocker.com/is/image/FLDM/62030VCK_05?wid=1600&hei=1600&fmt=png-alpha,4,HOKA Clifton 10 Men's Running Shoes - Black/Varsity Navy - view 4,,,,,,,,
,hoka-clifton-10-men-black-varsity-navy-62030vck,,,,,,,,,,,,,,,,,,,,,,,,,,,,,,,https://assets.footlocker.com/is/image/FLDM/62030VCK_06?wid=1600&hei=1600&fmt=png-alpha,5,HOKA Clifton 10 Men's Running Shoes - Black/Varsity Navy - view 5,,,,,,,,
HOKA Clifton 10 Men's Running Shoes - Carbon Black/Satellite Grey,hoka-clifton-10-men-carbon-black-satellite-grey-2030ccks,"<p>Unleash your full potential on the road or trail with the Hoka Clifton 10—where every step feels like running on clouds. Featuring a fine-tuned midsole geometry and an improved forefoot fit, these silhouettes provide exceptional comfort and support through every stride. The new double-lace lock system enables easy on and off, while the refined heel with an enhanced underfoot transition ensures a smooth and stable ride. </p> <p>Boasting a redefined rearfoot-focused Active Foot Frame, these shoes improve stability and support for a seamless running experience. Push your limits and experience peak performance in the Hoka Clifton 10.</p> <p><strong>Hoka Clifton 10 features:</strong></p> <ul> <li>Jacquard knit upper offers breathability and a snug fit.</li> <li>Molded EVA sockliner adds comfort and support.</li> <li>CMEVA midsole with Meta-Rocker technology delivers cushioning.</li> <li>Reflective upper details enhance low-light visibility.</li> <li>Inherently durable abrasion rubber outsole ensures excellent traction.</li> <li>Weight: 9.8 oz.</li> </ul><hr /><p>Long runs, daily walks, and hours on your feet all feel easier in the HOKA Clifton 10. This updated favorite is built to keep your stride smooth and comfortable, pairing plush cushioning with a refined heel transition and an improved forefoot fit that helps you move confidently from the first mile to the last.</p><ul><li>Jacquard knit upper provides breathable, supportive comfort.</li><li>Molded EVA sockliner adds step-in softness.</li><li>CMEVA midsole and Meta-Rocker geometry help create a smooth, cushioned ride.</li><li>Rearfoot-focused Active Foot Frame adds stability and support.</li><li>Double-lace lock system helps make on and off easier.</li><li>Reflective details and a durable abrasion rubber outsole round out the design.</li><li>Weight: 9.8 oz.</li></ul> <p><strong>Size & Fit Guidance</strong></p> <p>Most reviewers say the fit feels true to size and comfortable right away. For the best fit, we recommend starting with your usual size; if you prefer extra room through the forefoot or typically choose wide widths, a wide option may feel best.</p> <p><strong>Best For</strong></p> <p>Best for daily running, walking, and long hours on hard surfaces when you want lightweight cushioning and dependable support.</p> <p><strong>Cushioning & Road Feel</strong></p> <p>Reviewers consistently highlight the soft, cloud-like cushioning and smooth ride underfoot. The feel leans plush and protective for pavement, recovery miles, and all-day wear, with comfort prioritized over a close-to-the-ground ride.</p> <p><strong>Break-In & Durability</strong></p> <p>Many wearers say the Clifton 10 feels good from the first wear, so it does not ask for much break-in time. Repeat HOKA buyers also point to reliable everyday performance across running, walking, and work shifts.</p> <p><strong>Care & Maintenance</strong></p> <p>To keep the knit upper looking fresh, use gentle spot cleaning as needed. One longtime wearer noted the shoe continued to hold up well even after multiple washes.</p>",HOKA,Apparel & Accessories > Shoes,Running Shoes,"footlocker-clean-batch-2026-09, footlocker-source, new-arrivals, hoka, style:2030CCKS, men, Running, running, sale",TRUE,Active,2030CCKS-8,198605355240,Color,Carbon Black/Satellite Grey,,Size,8,,,,,123.99,155.00,,TRUE,,shopify,8,DENY,300,g,TRUE,manual,https://assets.footlocker.com/is/image/FLDM/2030CCKS_01?wid=1600&hei=1600&fmt=png-alpha,1,HOKA Clifton 10 Men's Running Shoes - Carbon Black/Satellite Grey - primary view,https://assets.footlocker.com/is/image/FLDM/2030CCKS_01?wid=1600&hei=1600&fmt=png-alpha,FALSE,HOKA Clifton 10 Men's Running Shoes - Carbon Black/Satellite Grey,Shop HOKA Clifton 10 Men's Running Shoes - Carbon Black/Satellite Grey at Sneaker Head.,Black,Men's,2030CCKS,https://www.footlocker.com/product/hoka-clifton-10-mens/2030CCKS.html
,hoka-clifton-10-men-carbon-black-satellite-grey-2030ccks,,,,,,,,2030CCKS-9,198605355264,Color,Carbon Black/Satellite Grey,,Size,9,,,,,123.99,155.00,,TRUE,,shopify,8,DENY,300,g,TRUE,manual,,,,https://assets.footlocker.com/is/image/FLDM/2030CCKS_01?wid=1600&hei=1600&fmt=png-alpha,FALSE,,,,,,
,hoka-clifton-10-men-carbon-black-satellite-grey-2030ccks,,,,,,,,2030CCKS-10,198605355318,Color,Carbon Black/Satellite Grey,,Size,10,,,,,123.99,155.00,,TRUE,,shopify,8,DENY,300,g,TRUE,manual,,,,https://assets.footlocker.com/is/image/FLDM/2030CCKS_01?wid=1600&hei=1600&fmt=png-alpha,FALSE,,,,,,
,hoka-clifton-10-men-carbon-black-satellite-grey-2030ccks,,,,,,,,,,,,,,,,,,,,,,,,,,,,,,,https://assets.footlocker.com/is/image/FLDM/2030CCKS_02?wid=1600&hei=1600&fmt=png-alpha,2,HOKA Clifton 10 Men's Running Shoes - Carbon Black/Satellite Grey - view 2,,,,,,,,
,hoka-clifton-10-men-carbon-black-satellite-grey-2030ccks,,,,,,,,,,,,,,,,,,,,,,,,,,,,,,,https://assets.footlocker.com/is/image/FLDM/2030CCKS_03?wid=1600&hei=1600&fmt=png-alpha,3,HOKA Clifton 10 Men's Running Shoes - Carbon Black/Satellite Grey - view 3,,,,,,,,
,hoka-clifton-10-men-carbon-black-satellite-grey-2030ccks,,,,,,,,,,,,,,,,,,,,,,,,,,,,,,,https://assets.footlocker.com/is/image/FLDM/2030CCKS_04?wid=1600&hei=1600&fmt=png-alpha,4,HOKA Clifton 10 Men's Running Shoes - Carbon Black/Satellite Grey - view 4,,,,,,,,
,hoka-clifton-10-men-carbon-black-satellite-grey-2030ccks,,,,,,,,,,,,,,,,,,,,,,,,,,,,,,,https://assets.footlocker.com/is/image/FLDM/2030CCKS_05?wid=1600&hei=1600&fmt=png-alpha,5,HOKA Clifton 10 Men's Running Shoes - Carbon Black/Satellite Grey - view 5,,,,,,,,
HOKA Clifton 10 Men's Running Shoes - Galactic Grey/Asteroid,hoka-clifton-10-men-galactic-grey-asteroid-2032gyst,"<p>Unleash your full potential on the road or trail with the Hoka Clifton 10—where every step feels like running on clouds. Featuring a fine-tuned midsole geometry and an improved forefoot fit, these silhouettes provide exceptional comfort and support through every stride. The new double-lace lock system enables easy on and off, while the refined heel with an enhanced underfoot transition ensures a smooth and stable ride. </p> <p>Boasting a redefined rearfoot-focused Active Foot Frame, these shoes improve stability and support for a seamless running experience. Push your limits and experience peak performance in the Hoka Clifton 10.</p> <p><strong>Hoka Clifton 10 features:</strong></p> <ul> <li>Jacquard knit upper offers breathability and a snug fit.</li> <li>Molded EVA sockliner adds comfort and support.</li> <li>CMEVA midsole with Meta-Rocker technology delivers cushioning.</li> <li>Reflective upper details enhance low-light visibility.</li> <li>Inherently durable abrasion rubber outsole ensures excellent traction.</li> <li>Weight: 9.8 oz.</li> </ul><hr /><p>Long runs, daily walks, and hours on your feet all feel easier in the HOKA Clifton 10. This updated favorite is built to keep your stride smooth and comfortable, pairing plush cushioning with a refined heel transition and an improved forefoot fit that helps you move confidently from the first mile to the last.</p><ul><li>Jacquard knit upper provides breathable, supportive comfort.</li><li>Molded EVA sockliner adds step-in softness.</li><li>CMEVA midsole and Meta-Rocker geometry help create a smooth, cushioned ride.</li><li>Rearfoot-focused Active Foot Frame adds stability and support.</li><li>Double-lace lock system helps make on and off easier.</li><li>Reflective details and a durable abrasion rubber outsole round out the design.</li><li>Weight: 9.8 oz.</li></ul> <p><strong>Size & Fit Guidance</strong></p> <p>Most reviewers say the fit feels true to size and comfortable right away. For the best fit, we recommend starting with your usual size; if you prefer extra room through the forefoot or typically choose wide widths, a wide option may feel best.</p> <p><strong>Best For</strong></p> <p>Best for daily running, walking, and long hours on hard surfaces when you want lightweight cushioning and dependable support.</p> <p><strong>Cushioning & Road Feel</strong></p> <p>Reviewers consistently highlight the soft, cloud-like cushioning and smooth ride underfoot. The feel leans plush and protective for pavement, recovery miles, and all-day wear, with comfort prioritized over a close-to-the-ground ride.</p> <p><strong>Break-In & Durability</strong></p> <p>Many wearers say the Clifton 10 feels good from the first wear, so it does not ask for much break-in time. Repeat HOKA buyers also point to reliable everyday performance across running, walking, and work shifts.</p> <p><strong>Care & Maintenance</strong></p> <p>To keep the knit upper looking fresh, use gentle spot cleaning as needed. One longtime wearer noted the shoe continued to hold up well even after multiple washes.</p>",HOKA,Apparel & Accessories > Shoes,Running Shoes,"footlocker-clean-batch-2026-09, footlocker-source, new-arrivals, hoka, style:2032GYST, men, Running, running",TRUE,Active,2032GYST-7,198605172489,Color,Galactic Grey/Asteroid,,Size,7,,,,,155.00,,,TRUE,,shopify,8,DENY,300,g,TRUE,manual,https://assets.footlocker.com/is/image/FLDM/2032GYST_01?wid=1600&hei=1600&fmt=png-alpha,1,HOKA Clifton 10 Men's Running Shoes - Galactic Grey/Asteroid - primary view,https://assets.footlocker.com/is/image/FLDM/2032GYST_01?wid=1600&hei=1600&fmt=png-alpha,FALSE,HOKA Clifton 10 Men's Running Shoes - Galactic Grey/Asteroid,Shop HOKA Clifton 10 Men's Running Shoes - Galactic Grey/Asteroid at Sneaker Head.,Grey,Men's,2032GYST,https://www.footlocker.com/product/hoka-clifton-10-mens/2032GYST.html
,hoka-clifton-10-men-galactic-grey-asteroid-2032gyst,,,,,,,,2032GYST-7-5,198605172472,Color,Galactic Grey/Asteroid,,Size,7.5,,,,,155.00,,,TRUE,,shopify,8,DENY,300,g,TRUE,manual,,,,https://assets.footlocker.com/is/image/FLDM/2032GYST_01?wid=1600&hei=1600&fmt=png-alpha,FALSE,,,,,,
,hoka-clifton-10-men-galactic-grey-asteroid-2032gyst,,,,,,,,2032GYST-8,198605172502,Color,Galactic Grey/Asteroid,,Size,8,,,,,155.00,,,TRUE,,shopify,8,DENY,300,g,TRUE,manual,,,,https://assets.footlocker.com/is/image/FLDM/2032GYST_01?wid=1600&hei=1600&fmt=png-alpha,FALSE,,,,,,
,hoka-clifton-10-men-galactic-grey-asteroid-2032gyst,,,,,,,,2032GYST-8-5,198605172496,Color,Galactic Grey/Asteroid,,Size,8.5,,,,,155.00,,,TRUE,,shopify,8,DENY,300,g,TRUE,manual,,,,https://assets.footlocker.com/is/image/FLDM/2032GYST_01?wid=1600&hei=1600&fmt=png-alpha,FALSE,,,,,,
,hoka-clifton-10-men-galactic-grey-asteroid-2032gyst,,,,,,,,2032GYST-9,198605172526,Color,Galactic Grey/Asteroid,,Size,9,,,,,155.00,,,TRUE,,shopify,8,DENY,300,g,TRUE,manual,,,,https://assets.footlocker.com/is/image/FLDM/2032GYST_01?wid=1600&hei=1600&fmt=png-alpha,FALSE,,,,,,
,hoka-clifton-10-men-galactic-grey-asteroid-2032gyst,,,,,,,,2032GYST-9-5,198605172519,Color,Galactic Grey/Asteroid,,Size,9.5,,,,,155.00,,,TRUE,,shopify,8,DENY,300,g,TRUE,manual,,,,https://assets.footlocker.com/is/image/FLDM/2032GYST_01?wid=1600&hei=1600&fmt=png-alpha,FALSE,,,,,,
,hoka-clifton-10-men-galactic-grey-asteroid-2032gyst,,,,,,,,2032GYST-10,198605172571,Color,Galactic Grey/Asteroid,,Size,10,,,,,155.00,,,TRUE,,shopify,8,DENY,300,g,TRUE,manual,,,,https://assets.footlocker.com/is/image/FLDM/2032GYST_01?wid=1600&hei=1600&fmt=png-alpha,FALSE,,,,,,
,hoka-clifton-10-men-galactic-grey-asteroid-2032gyst,,,,,,,,2032GYST-10-5,198605172564,Color,Galactic Grey/Asteroid,,Size,10.5,,,,,155.00,,,TRUE,,shopify,8,DENY,300,g,TRUE,manual,,,,https://assets.footlocker.com/is/image/FLDM/2032GYST_01?wid=1600&hei=1600&fmt=png-alpha,FALSE,,,,,,
,hoka-clifton-10-men-galactic-grey-asteroid-2032gyst,,,,,,,,2032GYST-11,198605172410,Color,Galactic Grey/Asteroid,,Size,11,,,,,155.00,,,TRUE,,shopify,8,DENY,300,g,TRUE,manual,,,,https://assets.footlocker.com/is/image/FLDM/2032GYST_01?wid=1600&hei=1600&fmt=png-alpha,FALSE,,,,,,
,hoka-clifton-10-men-galactic-grey-asteroid-2032gyst,,,,,,,,2032GYST-11-5,198605172427,Color,Galactic Grey/Asteroid,,Size,11.5,,,,,155.00,,,TRUE,,shopify,8,DENY,300,g,TRUE,manual,,,,https://assets.footlocker.com/is/image/FLDM/2032GYST_01?wid=1600&hei=1600&fmt=png-alpha,FALSE,,,,,,
,hoka-clifton-10-men-galactic-grey-asteroid-2032gyst,,,,,,,,2032GYST-12,198605172434,Color,Galactic Grey/Asteroid,,Size,12,,,,,155.00,,,TRUE,,shopify,8,DENY,300,g,TRUE,manual,,,,https://assets.footlocker.com/is/image/FLDM/2032GYST_01?wid=1600&hei=1600&fmt=png-alpha,FALSE,,,,,,
,hoka-clifton-10-men-galactic-grey-asteroid-2032gyst,,,,,,,,2032GYST-12-5,198605172618,Color,Galactic Grey/Asteroid,,Size,12.5,,,,,155.00,,,TRUE,,shopify,8,DENY,300,g,TRUE,manual,,,,https://assets.footlocker.com/is/image/FLDM/2032GYST_01?wid=1600&hei=1600&fmt=png-alpha,FALSE,,,,,,
,hoka-clifton-10-men-galactic-grey-asteroid-2032gyst,,,,,,,,2032GYST-13,198605172441,Color,Galactic Grey/Asteroid,,Size,13,,,,,155.00,,,TRUE,,shopify,8,DENY,300,g,TRUE,manual,,,,https://assets.footlocker.com/is/image/FLDM/2032GYST_01?wid=1600&hei=1600&fmt=png-alpha,FALSE,,,,,,
,hoka-clifton-10-men-galactic-grey-asteroid-2032gyst,,,,,,,,2032GYST-14,198605172458,Color,Galactic Grey/Asteroid,,Size,14,,,,,155.00,,,TRUE,,shopify,8,DENY,300,g,TRUE,manual,,,,https://assets.footlocker.com/is/image/FLDM/2032GYST_01?wid=1600&hei=1600&fmt=png-alpha,FALSE,,,,,,
,hoka-clifton-10-men-galactic-grey-asteroid-2032gyst,,,,,,,,,,,,,,,,,,,,,,,,,,,,,,,https://assets.footlocker.com/is/image/FLDM/2032GYST_03?wid=1600&hei=1600&fmt=png-alpha,2,HOKA Clifton 10 Men's Running Shoes - Galactic Grey/Asteroid - view 2,,,,,,,,
,hoka-clifton-10-men-galactic-grey-asteroid-2032gyst,,,,,,,,,,,,,,,,,,,,,,,,,,,,,,,https://assets.footlocker.com/is/image/FLDM/2032GYST_04?wid=1600&hei=1600&fmt=png-alpha,3,HOKA Clifton 10 Men's Running Shoes - Galactic Grey/Asteroid - view 3,,,,,,,,
,hoka-clifton-10-men-galactic-grey-asteroid-2032gyst,,,,,,,,,,,,,,,,,,,,,,,,,,,,,,,https://assets.footlocker.com/is/image/FLDM/2032GYST_05?wid=1600&hei=1600&fmt=png-alpha,4,HOKA Clifton 10 Men's Running Shoes - Galactic Grey/Asteroid - view 4,,,,,,,,
,hoka-clifton-10-men-galactic-grey-asteroid-2032gyst,,,,,,,,,,,,,,,,,,,,,,,,,,,,,,,https://assets.footlocker.com/is/image/FLDM/2032GYST_06?wid=1600&hei=1600&fmt=png-alpha,5,HOKA Clifton 10 Men's Running Shoes - Galactic Grey/Asteroid - view 5,,,,,,,,
HOKA Clifton 10 Men's Running Shoes - Oatmeal/Oat Milk,hoka-clifton-10-men-oatmeal-oat-milk-2030oltm,"<p>Unleash your full potential on the road or trail with the Hoka Clifton 10—where every step feels like running on clouds. Featuring a fine-tuned midsole geometry and an improved forefoot fit, these silhouettes provide exceptional comfort and support through every stride. The new double-lace lock system enables easy on and off, while the refined heel with an enhanced underfoot transition ensures a smooth and stable ride. </p> <p>Boasting a redefined rearfoot-focused Active Foot Frame, these shoes improve stability and support for a seamless running experience. Push your limits and experience peak performance in the Hoka Clifton 10.</p> <p><strong>Hoka Clifton 10 features:</strong></p> <ul> <li>Jacquard knit upper offers breathability and a snug fit.</li> <li>Molded EVA sockliner adds comfort and support.</li> <li>CMEVA midsole with Meta-Rocker technology delivers cushioning.</li> <li>Reflective upper details enhance low-light visibility.</li> <li>Inherently durable abrasion rubber outsole ensures excellent traction.</li> <li>Weight: 9.8 oz.</li> </ul><hr /><p>Long runs, daily walks, and hours on your feet all feel easier in the HOKA Clifton 10. This updated favorite is built to keep your stride smooth and comfortable, pairing plush cushioning with a refined heel transition and an improved forefoot fit that helps you move confidently from the first mile to the last.</p><ul><li>Jacquard knit upper provides breathable, supportive comfort.</li><li>Molded EVA sockliner adds step-in softness.</li><li>CMEVA midsole and Meta-Rocker geometry help create a smooth, cushioned ride.</li><li>Rearfoot-focused Active Foot Frame adds stability and support.</li><li>Double-lace lock system helps make on and off easier.</li><li>Reflective details and a durable abrasion rubber outsole round out the design.</li><li>Weight: 9.8 oz.</li></ul> <p><strong>Size & Fit Guidance</strong></p> <p>Most reviewers say the fit feels true to size and comfortable right away. For the best fit, we recommend starting with your usual size; if you prefer extra room through the forefoot or typically choose wide widths, a wide option may feel best.</p> <p><strong>Best For</strong></p> <p>Best for daily running, walking, and long hours on hard surfaces when you want lightweight cushioning and dependable support.</p> <p><strong>Cushioning & Road Feel</strong></p> <p>Reviewers consistently highlight the soft, cloud-like cushioning and smooth ride underfoot. The feel leans plush and protective for pavement, recovery miles, and all-day wear, with comfort prioritized over a close-to-the-ground ride.</p> <p><strong>Break-In & Durability</strong></p> <p>Many wearers say the Clifton 10 feels good from the first wear, so it does not ask for much break-in time. Repeat HOKA buyers also point to reliable everyday performance across running, walking, and work shifts.</p> <p><strong>Care & Maintenance</strong></p> <p>To keep the knit upper looking fresh, use gentle spot cleaning as needed. One longtime wearer noted the shoe continued to hold up well even after multiple washes.</p>",HOKA,Apparel & Accessories > Shoes,Running Shoes,"footlocker-clean-batch-2026-09, footlocker-source, new-arrivals, hoka, style:2030OLTM, men, Running, running, sale",TRUE,Active,2030OLTM-7-5,197634782621,Color,Oatmeal/Oat Milk,,Size,7.5,,,,,123.99,155.00,,TRUE,,shopify,8,DENY,300,g,TRUE,manual,https://assets.footlocker.com/is/image/FLDM/2030OLTM_01?wid=1600&hei=1600&fmt=png-alpha,1,HOKA Clifton 10 Men's Running Shoes - Oatmeal/Oat Milk - primary view,https://assets.footlocker.com/is/image/FLDM/2030OLTM_01?wid=1600&hei=1600&fmt=png-alpha,FALSE,HOKA Clifton 10 Men's Running Shoes - Oatmeal/Oat Milk,Shop HOKA Clifton 10 Men's Running Shoes - Oatmeal/Oat Milk at Sneaker Head.,White,Men's,2030OLTM,https://www.footlocker.com/product/hoka-clifton-10-mens/2030OLTM.html
,hoka-clifton-10-men-oatmeal-oat-milk-2030oltm,,,,,,,,2030OLTM-8,197634782652,Color,Oatmeal/Oat Milk,,Size,8,,,,,123.99,155.00,,TRUE,,shopify,8,DENY,300,g,TRUE,manual,,,,https://assets.footlocker.com/is/image/FLDM/2030OLTM_01?wid=1600&hei=1600&fmt=png-alpha,FALSE,,,,,,
,hoka-clifton-10-men-oatmeal-oat-milk-2030oltm,,,,,,,,2030OLTM-8-5,197634782645,Color,Oatmeal/Oat Milk,,Size,8.5,,,,,123.99,155.00,,TRUE,,shopify,8,DENY,300,g,TRUE,manual,,,,https://assets.footlocker.com/is/image/FLDM/2030OLTM_01?wid=1600&hei=1600&fmt=png-alpha,FALSE,,,,,,
,hoka-clifton-10-men-oatmeal-oat-milk-2030oltm,,,,,,,,2030OLTM-9,197634782676,Color,Oatmeal/Oat Milk,,Size,9,,,,,123.99,155.00,,TRUE,,shopify,8,DENY,300,g,TRUE,manual,,,,https://assets.footlocker.com/is/image/FLDM/2030OLTM_01?wid=1600&hei=1600&fmt=png-alpha,FALSE,,,,,,
,hoka-clifton-10-men-oatmeal-oat-milk-2030oltm,,,,,,,,2030OLTM-9-5,197634782669,Color,Oatmeal/Oat Milk,,Size,9.5,,,,,123.99,155.00,,TRUE,,shopify,8,DENY,300,g,TRUE,manual,,,,https://assets.footlocker.com/is/image/FLDM/2030OLTM_01?wid=1600&hei=1600&fmt=png-alpha,FALSE,,,,,,
,hoka-clifton-10-men-oatmeal-oat-milk-2030oltm,,,,,,,,2030OLTM-10,197634782720,Color,Oatmeal/Oat Milk,,Size,10,,,,,123.99,155.00,,TRUE,,shopify,8,DENY,300,g,TRUE,manual,,,,https://assets.footlocker.com/is/image/FLDM/2030OLTM_01?wid=1600&hei=1600&fmt=png-alpha,FALSE,,,,,,
,hoka-clifton-10-men-oatmeal-oat-milk-2030oltm,,,,,,,,2030OLTM-10-5,197634782713,Color,Oatmeal/Oat Milk,,Size,10.5,,,,,123.99,155.00,,TRUE,,shopify,8,DENY,300,g,TRUE,manual,,,,https://assets.footlocker.com/is/image/FLDM/2030OLTM_01?wid=1600&hei=1600&fmt=png-alpha,FALSE,,,,,,
,hoka-clifton-10-men-oatmeal-oat-milk-2030oltm,,,,,,,,2030OLTM-11,197634782744,Color,Oatmeal/Oat Milk,,Size,11,,,,,123.99,155.00,,TRUE,,shopify,8,DENY,300,g,TRUE,manual,,,,https://assets.footlocker.com/is/image/FLDM/2030OLTM_01?wid=1600&hei=1600&fmt=png-alpha,FALSE,,,,,,
,hoka-clifton-10-men-oatmeal-oat-milk-2030oltm,,,,,,,,2030OLTM-11-5,197634782737,Color,Oatmeal/Oat Milk,,Size,11.5,,,,,123.99,155.00,,TRUE,,shopify,8,DENY,300,g,TRUE,manual,,,,https://assets.footlocker.com/is/image/FLDM/2030OLTM_01?wid=1600&hei=1600&fmt=png-alpha,FALSE,,,,,,
,hoka-clifton-10-men-oatmeal-oat-milk-2030oltm,,,,,,,,2030OLTM-12,197634782768,Color,Oatmeal/Oat Milk,,Size,12,,,,,123.99,155.00,,TRUE,,shopify,8,DENY,300,g,TRUE,manual,,,,https://assets.footlocker.com/is/image/FLDM/2030OLTM_01?wid=1600&hei=1600&fmt=png-alpha,FALSE,,,,,,
,hoka-clifton-10-men-oatmeal-oat-milk-2030oltm,,,,,,,,2030OLTM-13,197634782775,Color,Oatmeal/Oat Milk,,Size,13,,,,,123.99,155.00,,TRUE,,shopify,8,DENY,300,g,TRUE,manual,,,,https://assets.footlocker.com/is/image/FLDM/2030OLTM_01?wid=1600&hei=1600&fmt=png-alpha,FALSE,,,,,,
,hoka-clifton-10-men-oatmeal-oat-milk-2030oltm,,,,,,,,,,,,,,,,,,,,,,,,,,,,,,,https://assets.footlocker.com/is/image/FLDM/2030OLTM_02?wid=1600&hei=1600&fmt=png-alpha,2,HOKA Clifton 10 Men's Running Shoes - Oatmeal/Oat Milk - view 2,,,,,,,,
,hoka-clifton-10-men-oatmeal-oat-milk-2030oltm,,,,,,,,,,,,,,,,,,,,,,,,,,,,,,,https://assets.footlocker.com/is/image/FLDM/2030OLTM_03?wid=1600&hei=1600&fmt=png-alpha,3,HOKA Clifton 10 Men's Running Shoes - Oatmeal/Oat Milk - view 3,,,,,,,,
,hoka-clifton-10-men-oatmeal-oat-milk-2030oltm,,,,,,,,,,,,,,,,,,,,,,,,,,,,,,,https://assets.footlocker.com/is/image/FLDM/2030OLTM_04?wid=1600&hei=1600&fmt=png-alpha,4,HOKA Clifton 10 Men's Running Shoes - Oatmeal/Oat Milk - view 4,,,,,,,,
,hoka-clifton-10-men-oatmeal-oat-milk-2030oltm,,,,,,,,,,,,,,,,,,,,,,,,,,,,,,,https://assets.footlocker.com/is/image/FLDM/2030OLTM_05?wid=1600&hei=1600&fmt=png-alpha,5,HOKA Clifton 10 Men's Running Shoes - Oatmeal/Oat Milk - view 5,,,,,,,,
HOKA Clifton 10 Men's Running Shoes - White/Black,hoka-clifton-10-men-white-black-2030bwht,"<p>Unleash your full potential on the road or trail with the Hoka Clifton 10—where every step feels like running on clouds. Featuring a fine-tuned midsole geometry and an improved forefoot fit, these silhouettes provide exceptional comfort and support through every stride. The new double-lace lock system enables easy on and off, while the refined heel with an enhanced underfoot transition ensures a smooth and stable ride. </p> <p>Boasting a redefined rearfoot-focused Active Foot Frame, these shoes improve stability and support for a seamless running experience. Push your limits and experience peak performance in the Hoka Clifton 10.</p> <p><strong>Hoka Clifton 10 features:</strong></p> <ul> <li>Jacquard knit upper offers breathability and a snug fit.</li> <li>Molded EVA sockliner adds comfort and support.</li> <li>CMEVA midsole with Meta-Rocker technology delivers cushioning.</li> <li>Reflective upper details enhance low-light visibility.</li> <li>Inherently durable abrasion rubber outsole ensures excellent traction.</li> <li>Weight: 9.8 oz.</li> </ul><hr /><p>Long runs, daily walks, and hours on your feet all feel easier in the HOKA Clifton 10. This updated favorite is built to keep your stride smooth and comfortable, pairing plush cushioning with a refined heel transition and an improved forefoot fit that helps you move confidently from the first mile to the last.</p><ul><li>Jacquard knit upper provides breathable, supportive comfort.</li><li>Molded EVA sockliner adds step-in softness.</li><li>CMEVA midsole and Meta-Rocker geometry help create a smooth, cushioned ride.</li><li>Rearfoot-focused Active Foot Frame adds stability and support.</li><li>Double-lace lock system helps make on and off easier.</li><li>Reflective details and a durable abrasion rubber outsole round out the design.</li><li>Weight: 9.8 oz.</li></ul> <p><strong>Size & Fit Guidance</strong></p> <p>Most reviewers say the fit feels true to size and comfortable right away. For the best fit, we recommend starting with your usual size; if you prefer extra room through the forefoot or typically choose wide widths, a wide option may feel best.</p> <p><strong>Best For</strong></p> <p>Best for daily running, walking, and long hours on hard surfaces when you want lightweight cushioning and dependable support.</p> <p><strong>Cushioning & Road Feel</strong></p> <p>Reviewers consistently highlight the soft, cloud-like cushioning and smooth ride underfoot. The feel leans plush and protective for pavement, recovery miles, and all-day wear, with comfort prioritized over a close-to-the-ground ride.</p> <p><strong>Break-In & Durability</strong></p> <p>Many wearers say the Clifton 10 feels good from the first wear, so it does not ask for much break-in time. Repeat HOKA buyers also point to reliable everyday performance across running, walking, and work shifts.</p> <p><strong>Care & Maintenance</strong></p> <p>To keep the knit upper looking fresh, use gentle spot cleaning as needed. One longtime wearer noted the shoe continued to hold up well even after multiple washes.</p>",HOKA,Apparel & Accessories > Shoes,Running Shoes,"footlocker-clean-batch-2026-09, footlocker-source, new-arrivals, hoka, style:2030BWHT, men, Running, running, sale",TRUE,Active,2030BWHT-7-5,197634749136,Color,White/Black,,Size,7.5,,,,,123.99,155.00,,TRUE,,shopify,8,DENY,300,g,TRUE,manual,https://assets.footlocker.com/is/image/FLDM/2030BWHT_01?wid=1600&hei=1600&fmt=png-alpha,1,HOKA Clifton 10 Men's Running Shoes - White/Black - primary view,https://assets.footlocker.com/is/image/FLDM/2030BWHT_01?wid=1600&hei=1600&fmt=png-alpha,FALSE,HOKA Clifton 10 Men's Running Shoes - White/Black,Shop HOKA Clifton 10 Men's Running Shoes - White/Black at Sneaker Head.,Black,Men's,2030BWHT,https://www.footlocker.com/product/hoka-clifton-10-mens/2030BWHT.html
,hoka-clifton-10-men-white-black-2030bwht,,,,,,,,2030BWHT-8,197634749167,Color,White/Black,,Size,8,,,,,123.99,155.00,,TRUE,,shopify,8,DENY,300,g,TRUE,manual,,,,https://assets.footlocker.com/is/image/FLDM/2030BWHT_01?wid=1600&hei=1600&fmt=png-alpha,FALSE,,,,,,
,hoka-clifton-10-men-white-black-2030bwht,,,,,,,,2030BWHT-8-5,197634749150,Color,White/Black,,Size,8.5,,,,,123.99,155.00,,TRUE,,shopify,8,DENY,300,g,TRUE,manual,,,,https://assets.footlocker.com/is/image/FLDM/2030BWHT_01?wid=1600&hei=1600&fmt=png-alpha,FALSE,,,,,,
,hoka-clifton-10-men-white-black-2030bwht,,,,,,,,2030BWHT-9,197634749181,Color,White/Black,,Size,9,,,,,123.99,155.00,,TRUE,,shopify,8,DENY,300,g,TRUE,manual,,,,https://assets.footlocker.com/is/image/FLDM/2030BWHT_01?wid=1600&hei=1600&fmt=png-alpha,FALSE,,,,,,
,hoka-clifton-10-men-white-black-2030bwht,,,,,,,,2030BWHT-9-5,197634749174,Color,White/Black,,Size,9.5,,,,,123.99,155.00,,TRUE,,shopify,8,DENY,300,g,TRUE,manual,,,,https://assets.footlocker.com/is/image/FLDM/2030BWHT_01?wid=1600&hei=1600&fmt=png-alpha,FALSE,,,,,,
,hoka-clifton-10-men-white-black-2030bwht,,,,,,,,2030BWHT-10,197634749235,Color,White/Black,,Size,10,,,,,123.99,155.00,,TRUE,,shopify,8,DENY,300,g,TRUE,manual,,,,https://assets.footlocker.com/is/image/FLDM/2030BWHT_01?wid=1600&hei=1600&fmt=png-alpha,FALSE,,,,,,
,hoka-clifton-10-men-white-black-2030bwht,,,,,,,,2030BWHT-10-5,197634749228,Color,White/Black,,Size,10.5,,,,,123.99,155.00,,TRUE,,shopify,8,DENY,300,g,TRUE,manual,,,,https://assets.footlocker.com/is/image/FLDM/2030BWHT_01?wid=1600&hei=1600&fmt=png-alpha,FALSE,,,,,,
,hoka-clifton-10-men-white-black-2030bwht,,,,,,,,2030BWHT-11,197634749105,Color,White/Black,,Size,11,,,,,123.99,155.00,,TRUE,,shopify,8,DENY,300,g,TRUE,manual,,,,https://assets.footlocker.com/is/image/FLDM/2030BWHT_01?wid=1600&hei=1600&fmt=png-alpha,FALSE,,,,,,
,hoka-clifton-10-men-white-black-2030bwht,,,,,,,,2030BWHT-11-5,197634749075,Color,White/Black,,Size,11.5,,,,,123.99,155.00,,TRUE,,shopify,8,DENY,300,g,TRUE,manual,,,,https://assets.footlocker.com/is/image/FLDM/2030BWHT_01?wid=1600&hei=1600&fmt=png-alpha,FALSE,,,,,,
,hoka-clifton-10-men-white-black-2030bwht,,,,,,,,2030BWHT-12,197634749129,Color,White/Black,,Size,12,,,,,123.99,155.00,,TRUE,,shopify,8,DENY,300,g,TRUE,manual,,,,https://assets.footlocker.com/is/image/FLDM/2030BWHT_01?wid=1600&hei=1600&fmt=png-alpha,FALSE,,,,,,
,hoka-clifton-10-men-white-black-2030bwht,,,,,,,,2030BWHT-13,197634749068,Color,White/Black,,Size,13,,,,,123.99,155.00,,TRUE,,shopify,8,DENY,300,g,TRUE,manual,,,,https://assets.footlocker.com/is/image/FLDM/2030BWHT_01?wid=1600&hei=1600&fmt=png-alpha,FALSE,,,,,,
,hoka-clifton-10-men-white-black-2030bwht,,,,,,,,2030BWHT-14,197634749242,Color,White/Black,,Size,14,,,,,123.99,155.00,,TRUE,,shopify,8,DENY,300,g,TRUE,manual,,,,https://assets.footlocker.com/is/image/FLDM/2030BWHT_01?wid=1600&hei=1600&fmt=png-alpha,FALSE,,,,,,
,hoka-clifton-10-men-white-black-2030bwht,,,,,,,,,,,,,,,,,,,,,,,,,,,,,,,https://assets.footlocker.com/is/image/FLDM/2030BWHT_02?wid=1600&hei=1600&fmt=png-alpha,2,HOKA Clifton 10 Men's Running Shoes - White/Black - view 2,,,,,,,,
,hoka-clifton-10-men-white-black-2030bwht,,,,,,,,,,,,,,,,,,,,,,,,,,,,,,,https://assets.footlocker.com/is/image/FLDM/2030BWHT_03?wid=1600&hei=1600&fmt=png-alpha,3,HOKA Clifton 10 Men's Running Shoes - White/Black - view 3,,,,,,,,
,hoka-clifton-10-men-white-black-2030bwht,,,,,,,,,,,,,,,,,,,,,,,,,,,,,,,https://assets.footlocker.com/is/image/FLDM/2030BWHT_04?wid=1600&hei=1600&fmt=png-alpha,4,HOKA Clifton 10 Men's Running Shoes - White/Black - view 4,,,,,,,,
,hoka-clifton-10-men-white-black-2030bwht,,,,,,,,,,,,,,,,,,,,,,,,,,,,,,,https://assets.footlocker.com/is/image/FLDM/2030BWHT_05?wid=1600&hei=1600&fmt=png-alpha,5,HOKA Clifton 10 Men's Running Shoes - White/Black - view 5,,,,,,,,
HOKA Clifton 10 Men's Running Shoes - White/Black,hoka-clifton-10-men-white-black-2030wblc,"<p>Unleash your full potential on the road or trail with the Hoka Clifton 10—where every step feels like running on clouds. Featuring a fine-tuned midsole geometry and an improved forefoot fit, these silhouettes provide exceptional comfort and support through every stride. The new double-lace lock system enables easy on and off, while the refined heel with an enhanced underfoot transition ensures a smooth and stable ride. </p> <p>Boasting a redefined rearfoot-focused Active Foot Frame, these shoes improve stability and support for a seamless running experience. Push your limits and experience peak performance in the Hoka Clifton 10.</p> <p><strong>Hoka Clifton 10 features:</strong></p> <ul> <li>Jacquard knit upper offers breathability and a snug fit.</li> <li>Molded EVA sockliner adds comfort and support.</li> <li>CMEVA midsole with Meta-Rocker technology delivers cushioning.</li> <li>Reflective upper details enhance low-light visibility.</li> <li>Inherently durable abrasion rubber outsole ensures excellent traction.</li> <li>Weight: 9.8 oz.</li> </ul><hr /><p>Long runs, daily walks, and hours on your feet all feel easier in the HOKA Clifton 10. This updated favorite is built to keep your stride smooth and comfortable, pairing plush cushioning with a refined heel transition and an improved forefoot fit that helps you move confidently from the first mile to the last.</p><ul><li>Jacquard knit upper provides breathable, supportive comfort.</li><li>Molded EVA sockliner adds step-in softness.</li><li>CMEVA midsole and Meta-Rocker geometry help create a smooth, cushioned ride.</li><li>Rearfoot-focused Active Foot Frame adds stability and support.</li><li>Double-lace lock system helps make on and off easier.</li><li>Reflective details and a durable abrasion rubber outsole round out the design.</li><li>Weight: 9.8 oz.</li></ul> <p><strong>Size & Fit Guidance</strong></p> <p>Most reviewers say the fit feels true to size and comfortable right away. For the best fit, we recommend starting with your usual size; if you prefer extra room through the forefoot or typically choose wide widths, a wide option may feel best.</p> <p><strong>Best For</strong></p> <p>Best for daily running, walking, and long hours on hard surfaces when you want lightweight cushioning and dependable support.</p> <p><strong>Cushioning & Road Feel</strong></p> <p>Reviewers consistently highlight the soft, cloud-like cushioning and smooth ride underfoot. The feel leans plush and protective for pavement, recovery miles, and all-day wear, with comfort prioritized over a close-to-the-ground ride.</p> <p><strong>Break-In & Durability</strong></p> <p>Many wearers say the Clifton 10 feels good from the first wear, so it does not ask for much break-in time. Repeat HOKA buyers also point to reliable everyday performance across running, walking, and work shifts.</p> <p><strong>Care & Maintenance</strong></p> <p>To keep the knit upper looking fresh, use gentle spot cleaning as needed. One longtime wearer noted the shoe continued to hold up well even after multiple washes.</p>",HOKA,Apparel & Accessories > Shoes,Running Shoes,"footlocker-clean-batch-2026-09, footlocker-source, new-arrivals, hoka, style:2030WBLC, men, Running, running, sale",TRUE,Active,2030WBLC-8,197634750477,Color,White/Black,,Size,8,,,,,123.99,155.00,,TRUE,,shopify,8,DENY,300,g,TRUE,manual,https://assets.footlocker.com/is/image/FLDM/2030WBLC_01?wid=1600&hei=1600&fmt=png-alpha,1,HOKA Clifton 10 Men's Running Shoes - White/Black - primary view,https://assets.footlocker.com/is/image/FLDM/2030WBLC_01?wid=1600&hei=1600&fmt=png-alpha,FALSE,HOKA Clifton 10 Men's Running Shoes - White/Black,Shop HOKA Clifton 10 Men's Running Shoes - White/Black at Sneaker Head.,White,Men's,2030WBLC,https://www.footlocker.com/product/hoka-clifton-10-mens/2030WBLC.html
,hoka-clifton-10-men-white-black-2030wblc,,,,,,,,2030WBLC-8-5,197634750460,Color,White/Black,,Size,8.5,,,,,123.99,155.00,,TRUE,,shopify,8,DENY,300,g,TRUE,manual,,,,https://assets.footlocker.com/is/image/FLDM/2030WBLC_01?wid=1600&hei=1600&fmt=png-alpha,FALSE,,,,,,
,hoka-clifton-10-men-white-black-2030wblc,,,,,,,,2030WBLC-9,197634750491,Color,White/Black,,Size,9,,,,,123.99,155.00,,TRUE,,shopify,8,DENY,300,g,TRUE,manual,,,,https://assets.footlocker.com/is/image/FLDM/2030WBLC_01?wid=1600&hei=1600&fmt=png-alpha,FALSE,,,,,,
,hoka-clifton-10-men-white-black-2030wblc,,,,,,,,2030WBLC-9-5,197634750484,Color,White/Black,,Size,9.5,,,,,123.99,155.00,,TRUE,,shopify,8,DENY,300,g,TRUE,manual,,,,https://assets.footlocker.com/is/image/FLDM/2030WBLC_01?wid=1600&hei=1600&fmt=png-alpha,FALSE,,,,,,
,hoka-clifton-10-men-white-black-2030wblc,,,,,,,,2030WBLC-10,197634750545,Color,White/Black,,Size,10,,,,,123.99,155.00,,TRUE,,shopify,8,DENY,300,g,TRUE,manual,,,,https://assets.footlocker.com/is/image/FLDM/2030WBLC_01?wid=1600&hei=1600&fmt=png-alpha,FALSE,,,,,,
,hoka-clifton-10-men-white-black-2030wblc,,,,,,,,2030WBLC-10-5,197634750538,Color,White/Black,,Size,10.5,,,,,123.99,155.00,,TRUE,,shopify,8,DENY,300,g,TRUE,manual,,,,https://assets.footlocker.com/is/image/FLDM/2030WBLC_01?wid=1600&hei=1600&fmt=png-alpha,FALSE,,,,,,
,hoka-clifton-10-men-white-black-2030wblc,,,,,,,,2030WBLC-11,197634750569,Color,White/Black,,Size,11,,,,,123.99,155.00,,TRUE,,shopify,8,DENY,300,g,TRUE,manual,,,,https://assets.footlocker.com/is/image/FLDM/2030WBLC_01?wid=1600&hei=1600&fmt=png-alpha,FALSE,,,,,,
,hoka-clifton-10-men-white-black-2030wblc,,,,,,,,2030WBLC-11-5,197634750552,Color,White/Black,,Size,11.5,,,,,123.99,155.00,,TRUE,,shopify,8,DENY,300,g,TRUE,manual,,,,https://assets.footlocker.com/is/image/FLDM/2030WBLC_01?wid=1600&hei=1600&fmt=png-alpha,FALSE,,,,,,
,hoka-clifton-10-men-white-black-2030wblc,,,,,,,,2030WBLC-12,197634750392,Color,White/Black,,Size,12,,,,,123.99,155.00,,TRUE,,shopify,8,DENY,300,g,TRUE,manual,,,,https://assets.footlocker.com/is/image/FLDM/2030WBLC_01?wid=1600&hei=1600&fmt=png-alpha,FALSE,,,,,,
,hoka-clifton-10-men-white-black-2030wblc,,,,,,,,2030WBLC-13,197634750576,Color,White/Black,,Size,13,,,,,123.99,155.00,,TRUE,,shopify,8,DENY,300,g,TRUE,manual,,,,https://assets.footlocker.com/is/image/FLDM/2030WBLC_01?wid=1600&hei=1600&fmt=png-alpha,FALSE,,,,,,
,hoka-clifton-10-men-white-black-2030wblc,,,,,,,,,,,,,,,,,,,,,,,,,,,,,,,https://assets.footlocker.com/is/image/FLDM/2030WBLC_03?wid=1600&hei=1600&fmt=png-alpha,2,HOKA Clifton 10 Men's Running Shoes - White/Black - view 2,,,,,,,,
,hoka-clifton-10-men-white-black-2030wblc,,,,,,,,,,,,,,,,,,,,,,,,,,,,,,,https://assets.footlocker.com/is/image/FLDM/2030WBLC_04?wid=1600&hei=1600&fmt=png-alpha,3,HOKA Clifton 10 Men's Running Shoes - White/Black - view 3,,,,,,,,
,hoka-clifton-10-men-white-black-2030wblc,,,,,,,,,,,,,,,,,,,,,,,,,,,,,,,https://assets.footlocker.com/is/image/FLDM/2030WBLC_05?wid=1600&hei=1600&fmt=png-alpha,4,HOKA Clifton 10 Men's Running Shoes - White/Black - view 4,,,,,,,,
,hoka-clifton-10-men-white-black-2030wblc,,,,,,,,,,,,,,,,,,,,,,,,,,,,,,,https://assets.footlocker.com/is/image/FLDM/2030WBLC_06?wid=1600&hei=1600&fmt=png-alpha,5,HOKA Clifton 10 Men's Running Shoes - White/Black - view 5,,,,,,,,
HOKA Clifton 10 Men's Running Shoes - White/Stellar,hoka-clifton-10-men-white-stellar-230stllr,"<p>Unleash your full potential on the road or trail with the Hoka Clifton 10—where every step feels like running on clouds. Featuring a fine-tuned midsole geometry and an improved forefoot fit, these silhouettes provide exceptional comfort and support through every stride. The new double-lace lock system enables easy on and off, while the refined heel with an enhanced underfoot transition ensures a smooth and stable ride. </p> <p>Boasting a redefined rearfoot-focused Active Foot Frame, these shoes improve stability and support for a seamless running experience. Push your limits and experience peak performance in the Hoka Clifton 10.</p> <p><strong>Hoka Clifton 10 features:</strong></p> <ul> <li>Jacquard knit upper offers breathability and a snug fit.</li> <li>Molded EVA sockliner adds comfort and support.</li> <li>CMEVA midsole with Meta-Rocker technology delivers cushioning.</li> <li>Reflective upper details enhance low-light visibility.</li> <li>Inherently durable abrasion rubber outsole ensures excellent traction.</li> <li>Weight: 9.8 oz.</li> </ul><hr /><p>Long runs, daily walks, and hours on your feet all feel easier in the HOKA Clifton 10. This updated favorite is built to keep your stride smooth and comfortable, pairing plush cushioning with a refined heel transition and an improved forefoot fit that helps you move confidently from the first mile to the last.</p><ul><li>Jacquard knit upper provides breathable, supportive comfort.</li><li>Molded EVA sockliner adds step-in softness.</li><li>CMEVA midsole and Meta-Rocker geometry help create a smooth, cushioned ride.</li><li>Rearfoot-focused Active Foot Frame adds stability and support.</li><li>Double-lace lock system helps make on and off easier.</li><li>Reflective details and a durable abrasion rubber outsole round out the design.</li><li>Weight: 9.8 oz.</li></ul> <p><strong>Size & Fit Guidance</strong></p> <p>Most reviewers say the fit feels true to size and comfortable right away. For the best fit, we recommend starting with your usual size; if you prefer extra room through the forefoot or typically choose wide widths, a wide option may feel best.</p> <p><strong>Best For</strong></p> <p>Best for daily running, walking, and long hours on hard surfaces when you want lightweight cushioning and dependable support.</p> <p><strong>Cushioning & Road Feel</strong></p> <p>Reviewers consistently highlight the soft, cloud-like cushioning and smooth ride underfoot. The feel leans plush and protective for pavement, recovery miles, and all-day wear, with comfort prioritized over a close-to-the-ground ride.</p> <p><strong>Break-In & Durability</strong></p> <p>Many wearers say the Clifton 10 feels good from the first wear, so it does not ask for much break-in time. Repeat HOKA buyers also point to reliable everyday performance across running, walking, and work shifts.</p> <p><strong>Care & Maintenance</strong></p> <p>To keep the knit upper looking fresh, use gentle spot cleaning as needed. One longtime wearer noted the shoe continued to hold up well even after multiple washes.</p>",HOKA,Apparel & Accessories > Shoes,Running Shoes,"footlocker-clean-batch-2026-09, footlocker-source, new-arrivals, hoka, style:230STLLR, men, Running, running, sale",TRUE,Active,230STLLR-7-5,197634750248,Color,White/Stellar,,Size,7.5,,,,,123.99,155.00,,TRUE,,shopify,8,DENY,300,g,TRUE,manual,https://assets.footlocker.com/is/image/FLDM/230STLLR_01?wid=1600&hei=1600&fmt=png-alpha,1,HOKA Clifton 10 Men's Running Shoes - White/Stellar - primary view,https://assets.footlocker.com/is/image/FLDM/230STLLR_01?wid=1600&hei=1600&fmt=png-alpha,FALSE,HOKA Clifton 10 Men's Running Shoes - White/Stellar,Shop HOKA Clifton 10 Men's Running Shoes - White/Stellar at Sneaker Head.,Grey,Men's,230STLLR,https://www.footlocker.com/product/hoka-clifton-10-mens/230STLLR.html
,hoka-clifton-10-men-white-stellar-230stllr,,,,,,,,230STLLR-8,197634750279,Color,White/Stellar,,Size,8,,,,,123.99,155.00,,TRUE,,shopify,8,DENY,300,g,TRUE,manual,,,,https://assets.footlocker.com/is/image/FLDM/230STLLR_01?wid=1600&hei=1600&fmt=png-alpha,FALSE,,,,,,
,hoka-clifton-10-men-white-stellar-230stllr,,,,,,,,230STLLR-8-5,197634750262,Color,White/Stellar,,Size,8.5,,,,,123.99,155.00,,TRUE,,shopify,8,DENY,300,g,TRUE,manual,,,,https://assets.footlocker.com/is/image/FLDM/230STLLR_01?wid=1600&hei=1600&fmt=png-alpha,FALSE,,,,,,
,hoka-clifton-10-men-white-stellar-230stllr,,,,,,,,230STLLR-9,197634750293,Color,White/Stellar,,Size,9,,,,,123.99,155.00,,TRUE,,shopify,8,DENY,300,g,TRUE,manual,,,,https://assets.footlocker.com/is/image/FLDM/230STLLR_01?wid=1600&hei=1600&fmt=png-alpha,FALSE,,,,,,
,hoka-clifton-10-men-white-stellar-230stllr,,,,,,,,230STLLR-9-5,197634750286,Color,White/Stellar,,Size,9.5,,,,,123.99,155.00,,TRUE,,shopify,8,DENY,300,g,TRUE,manual,,,,https://assets.footlocker.com/is/image/FLDM/230STLLR_01?wid=1600&hei=1600&fmt=png-alpha,FALSE,,,,,,
,hoka-clifton-10-men-white-stellar-230stllr,,,,,,,,230STLLR-10,197634750347,Color,White/Stellar,,Size,10,,,,,123.99,155.00,,TRUE,,shopify,8,DENY,300,g,TRUE,manual,,,,https://assets.footlocker.com/is/image/FLDM/230STLLR_01?wid=1600&hei=1600&fmt=png-alpha,FALSE,,,,,,
,hoka-clifton-10-men-white-stellar-230stllr,,,,,,,,230STLLR-10-5,197634750330,Color,White/Stellar,,Size,10.5,,,,,123.99,155.00,,TRUE,,shopify,8,DENY,300,g,TRUE,manual,,,,https://assets.footlocker.com/is/image/FLDM/230STLLR_01?wid=1600&hei=1600&fmt=png-alpha,FALSE,,,,,,
,hoka-clifton-10-men-white-stellar-230stllr,,,,,,,,230STLLR-11,197634750361,Color,White/Stellar,,Size,11,,,,,123.99,155.00,,TRUE,,shopify,8,DENY,300,g,TRUE,manual,,,,https://assets.footlocker.com/is/image/FLDM/230STLLR_01?wid=1600&hei=1600&fmt=png-alpha,FALSE,,,,,,
,hoka-clifton-10-men-white-stellar-230stllr,,,,,,,,230STLLR-11-5,197634750354,Color,White/Stellar,,Size,11.5,,,,,123.99,155.00,,TRUE,,shopify,8,DENY,300,g,TRUE,manual,,,,https://assets.footlocker.com/is/image/FLDM/230STLLR_01?wid=1600&hei=1600&fmt=png-alpha,FALSE,,,,,,
,hoka-clifton-10-men-white-stellar-230stllr,,,,,,,,230STLLR-12,197634750217,Color,White/Stellar,,Size,12,,,,,123.99,155.00,,TRUE,,shopify,8,DENY,300,g,TRUE,manual,,,,https://assets.footlocker.com/is/image/FLDM/230STLLR_01?wid=1600&hei=1600&fmt=png-alpha,FALSE,,,,,,
,hoka-clifton-10-men-white-stellar-230stllr,,,,,,,,,,,,,,,,,,,,,,,,,,,,,,,https://assets.footlocker.com/is/image/FLDM/230STLLR_02?wid=1600&hei=1600&fmt=png-alpha,2,HOKA Clifton 10 Men's Running Shoes - White/Stellar - view 2,,,,,,,,
,hoka-clifton-10-men-white-stellar-230stllr,,,,,,,,,,,,,,,,,,,,,,,,,,,,,,,https://assets.footlocker.com/is/image/FLDM/230STLLR_03?wid=1600&hei=1600&fmt=png-alpha,3,HOKA Clifton 10 Men's Running Shoes - White/Stellar - view 3,,,,,,,,
,hoka-clifton-10-men-white-stellar-230stllr,,,,,,,,,,,,,,,,,,,,,,,,,,,,,,,https://assets.footlocker.com/is/image/FLDM/230STLLR_04?wid=1600&hei=1600&fmt=png-alpha,4,HOKA Clifton 10 Men's Running Shoes - White/Stellar - view 4,,,,,,,,
,hoka-clifton-10-men-white-stellar-230stllr,,,,,,,,,,,,,,,,,,,,,,,,,,,,,,,https://assets.footlocker.com/is/image/FLDM/230STLLR_05?wid=1600&hei=1600&fmt=png-alpha,5,HOKA Clifton 10 Men's Running Shoes - White/Stellar - view 5,,,,,,,,
HOKA Rincon 4 Men's Running Shoes - Black/Black,hoka-rincon-4-men-black-black-130bblc,"<p>Experience boundless comfort through the journey with the HOKA Rincon 4. Renowned for their startling cushion-to-weight ratio, these shoes are upgraded from top to bottom, ensuring uber-light softness that helps you chase miles. Built to last and ready to blast, the HOKA Rincon 4 offers you a more foot-hugging fit than ever before and makes sure every stride feels like a first. </p> <ul> <li>Upgraded foam provides better rebound and works together with rubberized EVA to increase longevity and offer a softer feel.</li> <li>Podular outsole design delivers advanced traction and durability.</li> </ul><hr /><p>Long runs, daily miles, and busy days on your feet call for comfort that stays light from start to finish. The HOKA Rincon 4 is built to help you move smoothly with soft cushioning, an even lighter feel, and a more foot-hugging fit that keeps every stride feeling fresh. Updated from top to bottom, it balances plush comfort with the responsive feel you want when the pace picks up.</p><ul><li>Upgraded foam delivers softer cushioning with improved rebound.</li><li>Rubberized EVA helps add durability without weighing you down.</li><li>Podular outsole design provides reliable traction for everyday movement.</li></ul>  <p><strong>Size &amp; Fit Guidance</strong></p> <p>For the best fit, most reviewers say this pair feels true to size and comfortably secure. If you prefer a little extra room up front, especially for longer runs, going up a half size may work best.</p>  <p><strong>Best For</strong></p> <p>Best for runners and walkers who want a lightweight, cushioned shoe for everyday training, casual miles, and all-day comfort.</p>  <p><strong>Cushioning &amp; Road Feel</strong></p> <p>The Rincon 4 stands out for its strong cushion-to-weight ratio, giving you a soft, easy ride without feeling bulky. Underfoot, it keeps the feel smooth and light so daily miles stay comfortable while still offering enough responsiveness for a steady rhythm on the road.</p>",HOKA,Apparel & Accessories > Shoes,Running Shoes,"footlocker-clean-batch-2026-09, footlocker-source, new-arrivals, hoka, style:130BBLC, men, Running, running, sale",TRUE,Active,130BBLC-7-5,197634472409,Color,Black/Black,,Size,7.5,,,,,99.99,125.00,,TRUE,,shopify,8,DENY,300,g,TRUE,manual,https://assets.footlocker.com/is/image/FLDM/130BBLC_01?wid=1600&hei=1600&fmt=png-alpha,1,HOKA Rincon 4 Men's Running Shoes - Black/Black - primary view,https://assets.footlocker.com/is/image/FLDM/130BBLC_01?wid=1600&hei=1600&fmt=png-alpha,FALSE,HOKA Rincon 4 Men's Running Shoes - Black/Black,Shop HOKA Rincon 4 Men's Running Shoes - Black/Black at Sneaker Head.,Black,Men's,130BBLC,https://www.footlocker.com/product/hoka-rincon-4-mens/130BBLC.html
,hoka-rincon-4-men-black-black-130bblc,,,,,,,,130BBLC-8,197634472430,Color,Black/Black,,Size,8,,,,,99.99,125.00,,TRUE,,shopify,8,DENY,300,g,TRUE,manual,,,,https://assets.footlocker.com/is/image/FLDM/130BBLC_01?wid=1600&hei=1600&fmt=png-alpha,FALSE,,,,,,
,hoka-rincon-4-men-black-black-130bblc,,,,,,,,130BBLC-9-5,197634472447,Color,Black/Black,,Size,9.5,,,,,99.99,125.00,,TRUE,,shopify,8,DENY,300,g,TRUE,manual,,,,https://assets.footlocker.com/is/image/FLDM/130BBLC_01?wid=1600&hei=1600&fmt=png-alpha,FALSE,,,,,,
,hoka-rincon-4-men-black-black-130bblc,,,,,,,,130BBLC-10,197634472508,Color,Black/Black,,Size,10,,,,,99.99,125.00,,TRUE,,shopify,8,DENY,300,g,TRUE,manual,,,,https://assets.footlocker.com/is/image/FLDM/130BBLC_01?wid=1600&hei=1600&fmt=png-alpha,FALSE,,,,,,
,hoka-rincon-4-men-black-black-130bblc,,,,,,,,130BBLC-10-5,197634472492,Color,Black/Black,,Size,10.5,,,,,99.99,125.00,,TRUE,,shopify,8,DENY,300,g,TRUE,manual,,,,https://assets.footlocker.com/is/image/FLDM/130BBLC_01?wid=1600&hei=1600&fmt=png-alpha,FALSE,,,,,,
,hoka-rincon-4-men-black-black-130bblc,,,,,,,,130BBLC-13,197634472362,Color,Black/Black,,Size,13,,,,,99.99,125.00,,TRUE,,shopify,8,DENY,300,g,TRUE,manual,,,,https://assets.footlocker.com/is/image/FLDM/130BBLC_01?wid=1600&hei=1600&fmt=png-alpha,FALSE,,,,,,
,hoka-rincon-4-men-black-black-130bblc,,,,,,,,130BBLC-14,197634472379,Color,Black/Black,,Size,14,,,,,99.99,125.00,,TRUE,,shopify,8,DENY,300,g,TRUE,manual,,,,https://assets.footlocker.com/is/image/FLDM/130BBLC_01?wid=1600&hei=1600&fmt=png-alpha,FALSE,,,,,,
,hoka-rincon-4-men-black-black-130bblc,,,,,,,,,,,,,,,,,,,,,,,,,,,,,,,https://assets.footlocker.com/is/image/FLDM/130BBLC_02?wid=1600&hei=1600&fmt=png-alpha,2,HOKA Rincon 4 Men's Running Shoes - Black/Black - view 2,,,,,,,,
,hoka-rincon-4-men-black-black-130bblc,,,,,,,,,,,,,,,,,,,,,,,,,,,,,,,https://assets.footlocker.com/is/image/FLDM/130BBLC_03?wid=1600&hei=1600&fmt=png-alpha,3,HOKA Rincon 4 Men's Running Shoes - Black/Black - view 3,,,,,,,,
,hoka-rincon-4-men-black-black-130bblc,,,,,,,,,,,,,,,,,,,,,,,,,,,,,,,https://assets.footlocker.com/is/image/FLDM/130BBLC_04?wid=1600&hei=1600&fmt=png-alpha,4,HOKA Rincon 4 Men's Running Shoes - Black/Black - view 4,,,,,,,,
,hoka-rincon-4-men-black-black-130bblc,,,,,,,,,,,,,,,,,,,,,,,,,,,,,,,https://assets.footlocker.com/is/image/FLDM/130BBLC_05?wid=1600&hei=1600&fmt=png-alpha,5,HOKA Rincon 4 Men's Running Shoes - Black/Black - view 5,,,,,,,,
HOKA Rincon 4 Men's Running Shoes - Black/White,hoka-rincon-4-men-black-white-5130bwht,"<p>Experience boundless comfort through the journey with the HOKA Rincon 4. Renowned for their startling cushion-to-weight ratio, these shoes are upgraded from top to bottom, ensuring uber-light softness that helps you chase miles. Built to last and ready to blast, the HOKA Rincon 4 offers you a more foot-hugging fit than ever before and makes sure every stride feels like a first. </p> <ul> <li>Upgraded foam provides better rebound and works together with rubberized EVA to increase longevity and offer a softer feel.</li> <li>Podular outsole design delivers advanced traction and durability.</li> </ul><hr /><p>Long runs, daily miles, and busy days on your feet call for comfort that stays light from start to finish. The HOKA Rincon 4 is built to help you move smoothly with soft cushioning, an even lighter feel, and a more foot-hugging fit that keeps every stride feeling fresh. Updated from top to bottom, it balances plush comfort with the responsive feel you want when the pace picks up.</p><ul><li>Upgraded foam delivers softer cushioning with improved rebound.</li><li>Rubberized EVA helps add durability without weighing you down.</li><li>Podular outsole design provides reliable traction for everyday movement.</li></ul>  <p><strong>Size &amp; Fit Guidance</strong></p> <p>For the best fit, most reviewers say this pair feels true to size and comfortably secure. If you prefer a little extra room up front, especially for longer runs, going up a half size may work best.</p>  <p><strong>Best For</strong></p> <p>Best for runners and walkers who want a lightweight, cushioned shoe for everyday training, casual miles, and all-day comfort.</p>  <p><strong>Cushioning &amp; Road Feel</strong></p> <p>The Rincon 4 stands out for its strong cushion-to-weight ratio, giving you a soft, easy ride without feeling bulky. Underfoot, it keeps the feel smooth and light so daily miles stay comfortable while still offering enough responsiveness for a steady rhythm on the road.</p>",HOKA,Apparel & Accessories > Shoes,Running Shoes,"footlocker-clean-batch-2026-09, footlocker-source, new-arrivals, hoka, style:5130BWHT, men, Running, running",TRUE,Active,5130BWHT-9,197634472676,Color,Black/White,,Size,9,,,,,125.00,,,TRUE,,shopify,8,DENY,300,g,TRUE,manual,https://assets.footlocker.com/is/image/FLDM/5130BWHT_01?wid=1600&hei=1600&fmt=png-alpha,1,HOKA Rincon 4 Men's Running Shoes - Black/White - primary view,https://assets.footlocker.com/is/image/FLDM/5130BWHT_01?wid=1600&hei=1600&fmt=png-alpha,FALSE,HOKA Rincon 4 Men's Running Shoes - Black/White,Shop HOKA Rincon 4 Men's Running Shoes - Black/White at Sneaker Head.,Black,Men's,5130BWHT,https://www.footlocker.com/product/hoka-rincon-4-mens/5130BWHT.html
,hoka-rincon-4-men-black-white-5130bwht,,,,,,,,,,,,,,,,,,,,,,,,,,,,,,,https://assets.footlocker.com/is/image/FLDM/5130BWHT_03?wid=1600&hei=1600&fmt=png-alpha,2,HOKA Rincon 4 Men's Running Shoes - Black/White - view 2,,,,,,,,
,hoka-rincon-4-men-black-white-5130bwht,,,,,,,,,,,,,,,,,,,,,,,,,,,,,,,https://assets.footlocker.com/is/image/FLDM/5130BWHT_04?wid=1600&hei=1600&fmt=png-alpha,3,HOKA Rincon 4 Men's Running Shoes - Black/White - view 3,,,,,,,,
,hoka-rincon-4-men-black-white-5130bwht,,,,,,,,,,,,,,,,,,,,,,,,,,,,,,,https://assets.footlocker.com/is/image/FLDM/5130BWHT_05?wid=1600&hei=1600&fmt=png-alpha,4,HOKA Rincon 4 Men's Running Shoes - Black/White - view 4,,,,,,,,
,hoka-rincon-4-men-black-white-5130bwht,,,,,,,,,,,,,,,,,,,,,,,,,,,,,,,https://assets.footlocker.com/is/image/FLDM/5130BWHT_06?wid=1600&hei=1600&fmt=png-alpha,5,HOKA Rincon 4 Men's Running Shoes - Black/White - view 5,,,,,,,,
HOKA Rincon 4 Men's Running Shoes - White/Black,hoka-rincon-4-men-white-black-5132bwht,"<p>Experience boundless comfort through the journey with the HOKA Rincon 4. Renowned for their startling cushion-to-weight ratio, these shoes are upgraded from top to bottom, ensuring uber-light softness that helps you chase miles. Built to last and ready to blast, the HOKA Rincon 4 offers you a more foot-hugging fit than ever before and makes sure every stride feels like a first. </p> <ul> <li>Upgraded foam provides better rebound and works together with rubberized EVA to increase longevity and offer a softer feel.</li> <li>Podular outsole design delivers advanced traction and durability.</li> </ul><hr /><p>Long runs, daily miles, and busy days on your feet call for comfort that stays light from start to finish. The HOKA Rincon 4 is built to help you move smoothly with soft cushioning, an even lighter feel, and a more foot-hugging fit that keeps every stride feeling fresh. Updated from top to bottom, it balances plush comfort with the responsive feel you want when the pace picks up.</p><ul><li>Upgraded foam delivers softer cushioning with improved rebound.</li><li>Rubberized EVA helps add durability without weighing you down.</li><li>Podular outsole design provides reliable traction for everyday movement.</li></ul>  <p><strong>Size &amp; Fit Guidance</strong></p> <p>For the best fit, most reviewers say this pair feels true to size and comfortably secure. If you prefer a little extra room up front, especially for longer runs, going up a half size may work best.</p>  <p><strong>Best For</strong></p> <p>Best for runners and walkers who want a lightweight, cushioned shoe for everyday training, casual miles, and all-day comfort.</p>  <p><strong>Cushioning &amp; Road Feel</strong></p> <p>The Rincon 4 stands out for its strong cushion-to-weight ratio, giving you a soft, easy ride without feeling bulky. Underfoot, it keeps the feel smooth and light so daily miles stay comfortable while still offering enough responsiveness for a steady rhythm on the road.</p>",HOKA,Apparel & Accessories > Shoes,Running Shoes,"footlocker-clean-batch-2026-09, footlocker-source, new-arrivals, hoka, style:5132BWHT, men, Running, running",TRUE,Active,5132BWHT-10-5,197634475653,Color,White/Black,,Size,10.5,,,,,125.00,,,TRUE,,shopify,8,DENY,300,g,TRUE,manual,https://assets.footlocker.com/is/image/FLDM/5132BWHT_01?wid=1600&hei=1600&fmt=png-alpha,1,HOKA Rincon 4 Men's Running Shoes - White/Black - primary view,https://assets.footlocker.com/is/image/FLDM/5132BWHT_01?wid=1600&hei=1600&fmt=png-alpha,FALSE,HOKA Rincon 4 Men's Running Shoes - White/Black,Shop HOKA Rincon 4 Men's Running Shoes - White/Black at Sneaker Head.,White,Men's,5132BWHT,https://www.footlocker.com/product/hoka-rincon-4-mens/5132BWHT.html
,hoka-rincon-4-men-white-black-5132bwht,,,,,,,,,,,,,,,,,,,,,,,,,,,,,,,https://assets.footlocker.com/is/image/FLDM/5132BWHT_03?wid=1600&hei=1600&fmt=png-alpha,2,HOKA Rincon 4 Men's Running Shoes - White/Black - view 2,,,,,,,,
,hoka-rincon-4-men-white-black-5132bwht,,,,,,,,,,,,,,,,,,,,,,,,,,,,,,,https://assets.footlocker.com/is/image/FLDM/5132BWHT_04?wid=1600&hei=1600&fmt=png-alpha,3,HOKA Rincon 4 Men's Running Shoes - White/Black - view 3,,,,,,,,
,hoka-rincon-4-men-white-black-5132bwht,,,,,,,,,,,,,,,,,,,,,,,,,,,,,,,https://assets.footlocker.com/is/image/FLDM/5132BWHT_05?wid=1600&hei=1600&fmt=png-alpha,4,HOKA Rincon 4 Men's Running Shoes - White/Black - view 4,,,,,,,,
,hoka-rincon-4-men-white-black-5132bwht,,,,,,,,,,,,,,,,,,,,,,,,,,,,,,,https://assets.footlocker.com/is/image/FLDM/5132BWHT_06?wid=1600&hei=1600&fmt=png-alpha,5,HOKA Rincon 4 Men's Running Shoes - White/Black - view 5,,,,,,,,
HOKA Rincon 4 Men's Running Shoes - White/Marble,hoka-rincon-4-men-white-marble-5130wblc,"<p>Experience boundless comfort through the journey with the HOKA Rincon 4. Renowned for their startling cushion-to-weight ratio, these shoes are upgraded from top to bottom, ensuring uber-light softness that helps you chase miles. Built to last and ready to blast, the HOKA Rincon 4 offers you a more foot-hugging fit than ever before and makes sure every stride feels like a first. </p> <ul> <li>Upgraded foam provides better rebound and works together with rubberized EVA to increase longevity and offer a softer feel.</li> <li>Podular outsole design delivers advanced traction and durability.</li> </ul><hr /><p>Long runs, daily miles, and busy days on your feet call for comfort that stays light from start to finish. The HOKA Rincon 4 is built to help you move smoothly with soft cushioning, an even lighter feel, and a more foot-hugging fit that keeps every stride feeling fresh. Updated from top to bottom, it balances plush comfort with the responsive feel you want when the pace picks up.</p><ul><li>Upgraded foam delivers softer cushioning with improved rebound.</li><li>Rubberized EVA helps add durability without weighing you down.</li><li>Podular outsole design provides reliable traction for everyday movement.</li></ul>  <p><strong>Size &amp; Fit Guidance</strong></p> <p>For the best fit, most reviewers say this pair feels true to size and comfortably secure. If you prefer a little extra room up front, especially for longer runs, going up a half size may work best.</p>  <p><strong>Best For</strong></p> <p>Best for runners and walkers who want a lightweight, cushioned shoe for everyday training, casual miles, and all-day comfort.</p>  <p><strong>Cushioning &amp; Road Feel</strong></p> <p>The Rincon 4 stands out for its strong cushion-to-weight ratio, giving you a soft, easy ride without feeling bulky. Underfoot, it keeps the feel smooth and light so daily miles stay comfortable while still offering enough responsiveness for a steady rhythm on the road.</p>",HOKA,Apparel & Accessories > Shoes,Running Shoes,"footlocker-clean-batch-2026-09, footlocker-source, new-arrivals, hoka, style:5130WBLC, men, Running, running, sale",TRUE,Active,5130WBLC-7-5,197634729527,Color,White/Marble,,Size,7.5,,,,,89.99,125.00,,TRUE,,shopify,8,DENY,300,g,TRUE,manual,https://assets.footlocker.com/is/image/FLDM/5130WBLC_01?wid=1600&hei=1600&fmt=png-alpha,1,HOKA Rincon 4 Men's Running Shoes - White/Marble - primary view,https://assets.footlocker.com/is/image/FLDM/5130WBLC_01?wid=1600&hei=1600&fmt=png-alpha,FALSE,HOKA Rincon 4 Men's Running Shoes - White/Marble,Shop HOKA Rincon 4 Men's Running Shoes - White/Marble at Sneaker Head.,White,Men's,5130WBLC,https://www.footlocker.com/product/hoka-rincon-4-mens/5130WBLC.html
,hoka-rincon-4-men-white-marble-5130wblc,,,,,,,,5130WBLC-8,197634729558,Color,White/Marble,,Size,8,,,,,89.99,125.00,,TRUE,,shopify,8,DENY,300,g,TRUE,manual,,,,https://assets.footlocker.com/is/image/FLDM/5130WBLC_01?wid=1600&hei=1600&fmt=png-alpha,FALSE,,,,,,
,hoka-rincon-4-men-white-marble-5130wblc,,,,,,,,5130WBLC-9,197634729572,Color,White/Marble,,Size,9,,,,,89.99,125.00,,TRUE,,shopify,8,DENY,300,g,TRUE,manual,,,,https://assets.footlocker.com/is/image/FLDM/5130WBLC_01?wid=1600&hei=1600&fmt=png-alpha,FALSE,,,,,,
,hoka-rincon-4-men-white-marble-5130wblc,,,,,,,,5130WBLC-9-5,197634729565,Color,White/Marble,,Size,9.5,,,,,89.99,125.00,,TRUE,,shopify,8,DENY,300,g,TRUE,manual,,,,https://assets.footlocker.com/is/image/FLDM/5130WBLC_01?wid=1600&hei=1600&fmt=png-alpha,FALSE,,,,,,
,hoka-rincon-4-men-white-marble-5130wblc,,,,,,,,5130WBLC-10,197634729626,Color,White/Marble,,Size,10,,,,,89.99,125.00,,TRUE,,shopify,8,DENY,300,g,TRUE,manual,,,,https://assets.footlocker.com/is/image/FLDM/5130WBLC_01?wid=1600&hei=1600&fmt=png-alpha,FALSE,,,,,,
,hoka-rincon-4-men-white-marble-5130wblc,,,,,,,,5130WBLC-10-5,197634729619,Color,White/Marble,,Size,10.5,,,,,89.99,125.00,,TRUE,,shopify,8,DENY,300,g,TRUE,manual,,,,https://assets.footlocker.com/is/image/FLDM/5130WBLC_01?wid=1600&hei=1600&fmt=png-alpha,FALSE,,,,,,
,hoka-rincon-4-men-white-marble-5130wblc,,,,,,,,5130WBLC-11,197634729640,Color,White/Marble,,Size,11,,,,,89.99,125.00,,TRUE,,shopify,8,DENY,300,g,TRUE,manual,,,,https://assets.footlocker.com/is/image/FLDM/5130WBLC_01?wid=1600&hei=1600&fmt=png-alpha,FALSE,,,,,,
,hoka-rincon-4-men-white-marble-5130wblc,,,,,,,,5130WBLC-11-5,197634729633,Color,White/Marble,,Size,11.5,,,,,89.99,125.00,,TRUE,,shopify,8,DENY,300,g,TRUE,manual,,,,https://assets.footlocker.com/is/image/FLDM/5130WBLC_01?wid=1600&hei=1600&fmt=png-alpha,FALSE,,,,,,
,hoka-rincon-4-men-white-marble-5130wblc,,,,,,,,5130WBLC-12,197634729664,Color,White/Marble,,Size,12,,,,,89.99,125.00,,TRUE,,shopify,8,DENY,300,g,TRUE,manual,,,,https://assets.footlocker.com/is/image/FLDM/5130WBLC_01?wid=1600&hei=1600&fmt=png-alpha,FALSE,,,,,,
,hoka-rincon-4-men-white-marble-5130wblc,,,,,,,,5130WBLC-13,197634729671,Color,White/Marble,,Size,13,,,,,89.99,125.00,,TRUE,,shopify,8,DENY,300,g,TRUE,manual,,,,https://assets.footlocker.com/is/image/FLDM/5130WBLC_01?wid=1600&hei=1600&fmt=png-alpha,FALSE,,,,,,
,hoka-rincon-4-men-white-marble-5130wblc,,,,,,,,,,,,,,,,,,,,,,,,,,,,,,,https://assets.footlocker.com/is/image/FLDM/5130WBLC_02?wid=1600&hei=1600&fmt=png-alpha,2,HOKA Rincon 4 Men's Running Shoes - White/Marble - view 2,,,,,,,,
,hoka-rincon-4-men-white-marble-5130wblc,,,,,,,,,,,,,,,,,,,,,,,,,,,,,,,https://assets.footlocker.com/is/image/FLDM/5130WBLC_03?wid=1600&hei=1600&fmt=png-alpha,3,HOKA Rincon 4 Men's Running Shoes - White/Marble - view 3,,,,,,,,
,hoka-rincon-4-men-white-marble-5130wblc,,,,,,,,,,,,,,,,,,,,,,,,,,,,,,,https://assets.footlocker.com/is/image/FLDM/5130WBLC_04?wid=1600&hei=1600&fmt=png-alpha,4,HOKA Rincon 4 Men's Running Shoes - White/Marble - view 4,,,,,,,,
,hoka-rincon-4-men-white-marble-5130wblc,,,,,,,,,,,,,,,,,,,,,,,,,,,,,,,https://assets.footlocker.com/is/image/FLDM/5130WBLC_05?wid=1600&hei=1600&fmt=png-alpha,5,HOKA Rincon 4 Men's Running Shoes - White/Marble - view 5,,,,,,,,
Jordan Air Patrol Backpack Adult - Black/Black,jordan-air-patrol-backpack-adult-black-black-a0924blk,"<p>Experience pro-level utility and on-the-go comfort with the Jordan Air Patrol Backpack. Featuring a main compartment with a two-way zip closure and an inner laptop sleeve, this backpack keeps everything organised and easily accessible. The small front compartment with an organisational pocket offers secure storage for your keys, earphones, and other belongings, while the side bottle pockets help you stay hydrated on the go. Whether you’re going for practice on the court or a short trip, the Jordan Air Patrol Backpack makes for an ideal option for carrying your essentials in style.</p> <p><strong>Jordan Air Patrol Backpack features:</strong></p> <ul> <li>Durable woven exterior ensures long-lasting use.</li> <li>Front zip pocket enables easy access to essentials.</li> <li>Passport pocket provides room for passport, cards, and IDs.</li> <li>Adjustable, padded shoulder straps with a buckle connector allow comfortable carrying.</li> <li>Dimensions 19.5"" H x 13.25"" W x 7"" D.</li> <li>100% polyester.</li> </ul>",Jordan,"Apparel & Accessories > Handbags, Wallets & Cases > Backpacks",Backpacks,"footlocker-clean-batch-2026-09, footlocker-source, new-arrivals, jordan, style:A0924BLK, accessories, bags-packs",TRUE,Active,A0924BLK-One Size,199012712206,Color,Black/Black,,Size,One Size,,,,,80.00,,,TRUE,,shopify,8,DENY,700,g,TRUE,manual,https://assets.footlocker.com/is/image/FLDM/A0924BLK_01?wid=1600&hei=1600&fmt=png-alpha,1,Jordan Air Patrol Backpack Adult - Black/Black - primary view,https://assets.footlocker.com/is/image/FLDM/A0924BLK_01?wid=1600&hei=1600&fmt=png-alpha,FALSE,Jordan Air Patrol Backpack Adult - Black/Black,Shop Jordan Air Patrol Backpack Adult - Black/Black at Sneaker Head.,Black,Unisex,A0924BLK,https://www.footlocker.com/product/jordan-air-patrol-backpack-adult/A0924BLK.html
,jordan-air-patrol-backpack-adult-black-black-a0924blk,,,,,,,,,,,,,,,,,,,,,,,,,,,,,,,https://assets.footlocker.com/is/image/FLDM/A0924BLK_03?wid=1600&hei=1600&fmt=png-alpha,2,Jordan Air Patrol Backpack Adult - Black/Black - view 2,,,,,,,,
,jordan-air-patrol-backpack-adult-black-black-a0924blk,,,,,,,,,,,,,,,,,,,,,,,,,,,,,,,https://assets.footlocker.com/is/image/FLDM/A0924BLK_04?wid=1600&hei=1600&fmt=png-alpha,3,Jordan Air Patrol Backpack Adult - Black/Black - view 3,,,,,,,,
Jordan Air Patrol Backpack Adult - Black/White,jordan-air-patrol-backpack-adult-black-white-a0924wr2,"<p>Experience pro-level utility and on-the-go comfort with the Jordan Air Patrol Backpack. Featuring a main compartment with a two-way zip closure and an inner laptop sleeve, this backpack keeps everything organised and easily accessible. The small front compartment with an organisational pocket offers secure storage for your keys, earphones, and other belongings, while the side bottle pockets help you stay hydrated on the go. Whether you’re going for practice on the court or a short trip, the Jordan Air Patrol Backpack makes for an ideal option for carrying your essentials in style.</p> <p><strong>Jordan Air Patrol Backpack features:</strong></p> <ul> <li>Durable woven exterior ensures long-lasting use.</li> <li>Front zip pocket enables easy access to essentials.</li> <li>Passport pocket provides room for passport, cards, and IDs.</li> <li>Adjustable, padded shoulder straps with a buckle connector allow comfortable carrying.</li> <li>Dimensions 19.5"" H x 13.25"" W x 7"" D.</li> <li>100% polyester.</li> </ul>",Jordan,"Apparel & Accessories > Handbags, Wallets & Cases > Backpacks",Backpacks,"footlocker-clean-batch-2026-09, footlocker-source, new-arrivals, jordan, style:A0924WR2, accessories, bags-packs",TRUE,Active,A0924WR2-One Size,199012624400,Color,Black/White,,Size,One Size,,,,,80.00,,,TRUE,,shopify,8,DENY,700,g,TRUE,manual,https://assets.footlocker.com/is/image/FLDM/A0924WR2_01?wid=1600&hei=1600&fmt=png-alpha,1,Jordan Air Patrol Backpack Adult - Black/White - primary view,https://assets.footlocker.com/is/image/FLDM/A0924WR2_01?wid=1600&hei=1600&fmt=png-alpha,FALSE,Jordan Air Patrol Backpack Adult - Black/White,Shop Jordan Air Patrol Backpack Adult - Black/White at Sneaker Head.,Black,Unisex,A0924WR2,https://www.footlocker.com/product/jordan-air-patrol-backpack-adult/A0924WR2.html
,jordan-air-patrol-backpack-adult-black-white-a0924wr2,,,,,,,,,,,,,,,,,,,,,,,,,,,,,,,https://assets.footlocker.com/is/image/FLDM/A0924WR2_03?wid=1600&hei=1600&fmt=png-alpha,2,Jordan Air Patrol Backpack Adult - Black/White - view 2,,,,,,,,
,jordan-air-patrol-backpack-adult-black-white-a0924wr2,,,,,,,,,,,,,,,,,,,,,,,,,,,,,,,https://assets.footlocker.com/is/image/FLDM/A0924WR2_04?wid=1600&hei=1600&fmt=png-alpha,3,Jordan Air Patrol Backpack Adult - Black/White - view 3,,,,,,,,
,jordan-air-patrol-backpack-adult-black-white-a0924wr2,,,,,,,,,,,,,,,,,,,,,,,,,,,,,,,https://assets.footlocker.com/is/image/FLDM/A0924WR2_05?wid=1600&hei=1600&fmt=png-alpha,4,Jordan Air Patrol Backpack Adult - Black/White - view 4,,,,,,,,
LCKR Basic T-Shirt Men's - Black/Black,lckr-basic-t-shirt-men-black-black-122kt1bk,"<p>Claim basics as your own in the LCKR Mosswood Basic T-Shirt. Crafted to be the foundation of your style, this basic T-shirt embraces a minimalist approach while offering limitless versatility. Available in the comfiest regular fit and finished with ribbed trim at the neck, the LCKR Mosswood Basic T-Shirt keeps you ready for stylish weekdays and laid-back weekends.</p> <ul> <li>Cotton jersey fabric offers a soft and cozy feel.</li> <li>100% cotton. Imported.</li> </ul> <p> </p>",LCKR,Apparel & Accessories > Clothing,T-Shirts,"footlocker-clean-batch-2026-09, footlocker-source, new-arrivals, lckr, style:122KT1BK, men, clothing, sale",TRUE,Active,122KT1BK-XS,400008640749,Color,Black/Black,,Size,XS,,,,,8.00,9.95,,TRUE,,shopify,8,DENY,250,g,TRUE,manual,https://assets.footlocker.com/is/image/FLDM/122KT1BK_01?wid=1600&hei=1600&fmt=png-alpha,1,LCKR Basic T-Shirt Men's - Black/Black - primary view,https://assets.footlocker.com/is/image/FLDM/122KT1BK_01?wid=1600&hei=1600&fmt=png-alpha,FALSE,LCKR Basic T-Shirt Men's - Black/Black,Shop LCKR Basic T-Shirt Men's - Black/Black at Sneaker Head.,Black,Men's,122KT1BK,https://www.footlocker.com/product/lckr-basic-t-shirt-mens/122KT1BK.html
,lckr-basic-t-shirt-men-black-black-122kt1bk,,,,,,,,122KT1BK-S,400008246125,Color,Black/Black,,Size,S,,,,,8.00,9.95,,TRUE,,shopify,8,DENY,250,g,TRUE,manual,,,,https://assets.footlocker.com/is/image/FLDM/122KT1BK_01?wid=1600&hei=1600&fmt=png-alpha,FALSE,,,,,,
,lckr-basic-t-shirt-men-black-black-122kt1bk,,,,,,,,122KT1BK-M,400008246118,Color,Black/Black,,Size,M,,,,,8.00,9.95,,TRUE,,shopify,8,DENY,250,g,TRUE,manual,,,,https://assets.footlocker.com/is/image/FLDM/122KT1BK_01?wid=1600&hei=1600&fmt=png-alpha,FALSE,,,,,,
,lckr-basic-t-shirt-men-black-black-122kt1bk,,,,,,,,122KT1BK-L,400008246101,Color,Black/Black,,Size,L,,,,,8.00,9.95,,TRUE,,shopify,8,DENY,250,g,TRUE,manual,,,,https://assets.footlocker.com/is/image/FLDM/122KT1BK_01?wid=1600&hei=1600&fmt=png-alpha,FALSE,,,,,,
,lckr-basic-t-shirt-men-black-black-122kt1bk,,,,,,,,122KT1BK-XL,400008246132,Color,Black/Black,,Size,XL,,,,,8.00,9.95,,TRUE,,shopify,8,DENY,250,g,TRUE,manual,,,,https://assets.footlocker.com/is/image/FLDM/122KT1BK_01?wid=1600&hei=1600&fmt=png-alpha,FALSE,,,,,,
,lckr-basic-t-shirt-men-black-black-122kt1bk,,,,,,,,122KT1BK-XXL,400008246149,Color,Black/Black,,Size,XXL,,,,,8.00,9.95,,TRUE,,shopify,8,DENY,250,g,TRUE,manual,,,,https://assets.footlocker.com/is/image/FLDM/122KT1BK_01?wid=1600&hei=1600&fmt=png-alpha,FALSE,,,,,,
,lckr-basic-t-shirt-men-black-black-122kt1bk,,,,,,,,122KT1BK-3,400008640725,Color,Black/Black,,Size,3,,,,,8.00,9.95,,TRUE,,shopify,8,DENY,250,g,TRUE,manual,,,,https://assets.footlocker.com/is/image/FLDM/122KT1BK_01?wid=1600&hei=1600&fmt=png-alpha,FALSE,,,,,,
,lckr-basic-t-shirt-men-black-black-122kt1bk,,,,,,,,122KT1BK-4,400008640732,Color,Black/Black,,Size,4,,,,,8.00,9.95,,TRUE,,shopify,8,DENY,250,g,TRUE,manual,,,,https://assets.footlocker.com/is/image/FLDM/122KT1BK_01?wid=1600&hei=1600&fmt=png-alpha,FALSE,,,,,,
,lckr-basic-t-shirt-men-black-black-122kt1bk,,,,,,,,,,,,,,,,,,,,,,,,,,,,,,,https://assets.footlocker.com/is/image/FLDM/122KT1BK_03?wid=1600&hei=1600&fmt=png-alpha,2,LCKR Basic T-Shirt Men's - Black/Black - view 2,,,,,,,,
,lckr-basic-t-shirt-men-black-black-122kt1bk,,,,,,,,,,,,,,,,,,,,,,,,,,,,,,,https://assets.footlocker.com/is/image/FLDM/122KT1BK_04?wid=1600&hei=1600&fmt=png-alpha,3,LCKR Basic T-Shirt Men's - Black/Black - view 3,,,,,,,,
,lckr-basic-t-shirt-men-black-black-122kt1bk,,,,,,,,,,,,,,,,,,,,,,,,,,,,,,,https://assets.footlocker.com/is/image/FLDM/122KT1BK_05?wid=1600&hei=1600&fmt=png-alpha,4,LCKR Basic T-Shirt Men's - Black/Black - view 4,,,,,,,,
,lckr-basic-t-shirt-men-black-black-122kt1bk,,,,,,,,,,,,,,,,,,,,,,,,,,,,,,,https://assets.footlocker.com/is/image/FLDM/122KT1BK_06?wid=1600&hei=1600&fmt=png-alpha,5,LCKR Basic T-Shirt Men's - Black/Black - view 5,,,,,,,,
LCKR Basic T-Shirt Men's - Parchment,lckr-basic-t-shirt-men-parchment-22kt1par,"<p>Claim basics as your own in the LCKR Mosswood Basic T-Shirt. Crafted to be the foundation of your style, this basic T-shirt embraces a minimalist approach while offering limitless versatility. Available in the comfiest regular fit and finished with ribbed trim at the neck, the LCKR Mosswood Basic T-Shirt keeps you ready for stylish weekdays and laid-back weekends.</p> <ul> <li>Cotton jersey fabric offers a soft and cozy feel.</li> <li>100% cotton. Imported.</li> </ul> <p> </p>",LCKR,Apparel & Accessories > Clothing,T-Shirts,"footlocker-clean-batch-2026-09, footlocker-source, new-arrivals, lckr, style:22KT1PAR, men, clothing, sale",TRUE,Active,22KT1PAR-S,400008726139,Color,Parchment,,Size,S,,,,,8.00,9.95,,TRUE,,shopify,8,DENY,250,g,TRUE,manual,https://assets.footlocker.com/is/image/FLDM/22KT1PAR_01?wid=1600&hei=1600&fmt=png-alpha,1,LCKR Basic T-Shirt Men's - Parchment - primary view,https://assets.footlocker.com/is/image/FLDM/22KT1PAR_01?wid=1600&hei=1600&fmt=png-alpha,FALSE,LCKR Basic T-Shirt Men's - Parchment,Shop LCKR Basic T-Shirt Men's - Parchment at Sneaker Head.,Tan,Men's,22KT1PAR,https://www.footlocker.com/product/lckr-basic-t-shirt-mens/22KT1PAR.html
,lckr-basic-t-shirt-men-parchment-22kt1par,,,,,,,,22KT1PAR-M,400008726122,Color,Parchment,,Size,M,,,,,8.00,9.95,,TRUE,,shopify,8,DENY,250,g,TRUE,manual,,,,https://assets.footlocker.com/is/image/FLDM/22KT1PAR_01?wid=1600&hei=1600&fmt=png-alpha,FALSE,,,,,,
,lckr-basic-t-shirt-men-parchment-22kt1par,,,,,,,,22KT1PAR-L,400008726115,Color,Parchment,,Size,L,,,,,8.00,9.95,,TRUE,,shopify,8,DENY,250,g,TRUE,manual,,,,https://assets.footlocker.com/is/image/FLDM/22KT1PAR_01?wid=1600&hei=1600&fmt=png-alpha,FALSE,,,,,,
,lckr-basic-t-shirt-men-parchment-22kt1par,,,,,,,,22KT1PAR-XL,400008726146,Color,Parchment,,Size,XL,,,,,8.00,9.95,,TRUE,,shopify,8,DENY,250,g,TRUE,manual,,,,https://assets.footlocker.com/is/image/FLDM/22KT1PAR_01?wid=1600&hei=1600&fmt=png-alpha,FALSE,,,,,,
,lckr-basic-t-shirt-men-parchment-22kt1par,,,,,,,,22KT1PAR-XXL,400008726160,Color,Parchment,,Size,XXL,,,,,8.00,9.95,,TRUE,,shopify,8,DENY,250,g,TRUE,manual,,,,https://assets.footlocker.com/is/image/FLDM/22KT1PAR_01?wid=1600&hei=1600&fmt=png-alpha,FALSE,,,,,,
,lckr-basic-t-shirt-men-parchment-22kt1par,,,,,,,,,,,,,,,,,,,,,,,,,,,,,,,https://assets.footlocker.com/is/image/FLDM/22KT1PAR_03?wid=1600&hei=1600&fmt=png-alpha,2,LCKR Basic T-Shirt Men's - Parchment - view 2,,,,,,,,
,lckr-basic-t-shirt-men-parchment-22kt1par,,,,,,,,,,,,,,,,,,,,,,,,,,,,,,,https://assets.footlocker.com/is/image/FLDM/22KT1PAR_04?wid=1600&hei=1600&fmt=png-alpha,3,LCKR Basic T-Shirt Men's - Parchment - view 3,,,,,,,,
,lckr-basic-t-shirt-men-parchment-22kt1par,,,,,,,,,,,,,,,,,,,,,,,,,,,,,,,https://assets.footlocker.com/is/image/FLDM/22KT1PAR_05?wid=1600&hei=1600&fmt=png-alpha,4,LCKR Basic T-Shirt Men's - Parchment - view 4,,,,,,,,
,lckr-basic-t-shirt-men-parchment-22kt1par,,,,,,,,,,,,,,,,,,,,,,,,,,,,,,,https://assets.footlocker.com/is/image/FLDM/22KT1PAR_06?wid=1600&hei=1600&fmt=png-alpha,5,LCKR Basic T-Shirt Men's - Parchment - view 5,,,,,,,,
LCKR Basic T-Shirt Men's - White/White,lckr-basic-t-shirt-men-white-white-122kt1wh,"<p>Claim basics as your own in the LCKR Mosswood Basic T-Shirt. Crafted to be the foundation of your style, this basic T-shirt embraces a minimalist approach while offering limitless versatility. Available in the comfiest regular fit and finished with ribbed trim at the neck, the LCKR Mosswood Basic T-Shirt keeps you ready for stylish weekdays and laid-back weekends.</p> <ul> <li>Cotton jersey fabric offers a soft and cozy feel.</li> <li>100% cotton. Imported.</li> </ul> <p> </p>",LCKR,Apparel & Accessories > Clothing,T-Shirts,"footlocker-clean-batch-2026-09, footlocker-source, new-arrivals, lckr, style:122KT1WH, men, clothing, sale",TRUE,Active,122KT1WH-XS,400008640770,Color,White/White,,Size,XS,,,,,8.00,9.95,,TRUE,,shopify,8,DENY,250,g,TRUE,manual,https://assets.footlocker.com/is/image/FLDM/122KT1WH_01?wid=1600&hei=1600&fmt=png-alpha,1,LCKR Basic T-Shirt Men's - White/White - primary view,https://assets.footlocker.com/is/image/FLDM/122KT1WH_01?wid=1600&hei=1600&fmt=png-alpha,FALSE,LCKR Basic T-Shirt Men's - White/White,Shop LCKR Basic T-Shirt Men's - White/White at Sneaker Head.,All White,Men's,122KT1WH,https://www.footlocker.com/product/lckr-basic-t-shirt-mens/122KT1WH.html
,lckr-basic-t-shirt-men-white-white-122kt1wh,,,,,,,,122KT1WH-S,400008246026,Color,White/White,,Size,S,,,,,8.00,9.95,,TRUE,,shopify,8,DENY,250,g,TRUE,manual,,,,https://assets.footlocker.com/is/image/FLDM/122KT1WH_01?wid=1600&hei=1600&fmt=png-alpha,FALSE,,,,,,
,lckr-basic-t-shirt-men-white-white-122kt1wh,,,,,,,,122KT1WH-M,400008246019,Color,White/White,,Size,M,,,,,8.00,9.95,,TRUE,,shopify,8,DENY,250,g,TRUE,manual,,,,https://assets.footlocker.com/is/image/FLDM/122KT1WH_01?wid=1600&hei=1600&fmt=png-alpha,FALSE,,,,,,
,lckr-basic-t-shirt-men-white-white-122kt1wh,,,,,,,,122KT1WH-L,400008246002,Color,White/White,,Size,L,,,,,8.00,9.95,,TRUE,,shopify,8,DENY,250,g,TRUE,manual,,,,https://assets.footlocker.com/is/image/FLDM/122KT1WH_01?wid=1600&hei=1600&fmt=png-alpha,FALSE,,,,,,
,lckr-basic-t-shirt-men-white-white-122kt1wh,,,,,,,,122KT1WH-XL,400008246033,Color,White/White,,Size,XL,,,,,8.00,9.95,,TRUE,,shopify,8,DENY,250,g,TRUE,manual,,,,https://assets.footlocker.com/is/image/FLDM/122KT1WH_01?wid=1600&hei=1600&fmt=png-alpha,FALSE,,,,,,
,lckr-basic-t-shirt-men-white-white-122kt1wh,,,,,,,,122KT1WH-XXL,400008246040,Color,White/White,,Size,XXL,,,,,8.00,9.95,,TRUE,,shopify,8,DENY,250,g,TRUE,manual,,,,https://assets.footlocker.com/is/image/FLDM/122KT1WH_01?wid=1600&hei=1600&fmt=png-alpha,FALSE,,,,,,
,lckr-basic-t-shirt-men-white-white-122kt1wh,,,,,,,,122KT1WH-3,400008640756,Color,White/White,,Size,3,,,,,8.00,9.95,,TRUE,,shopify,8,DENY,250,g,TRUE,manual,,,,https://assets.footlocker.com/is/image/FLDM/122KT1WH_01?wid=1600&hei=1600&fmt=png-alpha,FALSE,,,,,,
,lckr-basic-t-shirt-men-white-white-122kt1wh,,,,,,,,122KT1WH-4,400008640763,Color,White/White,,Size,4,,,,,8.00,9.95,,TRUE,,shopify,8,DENY,250,g,TRUE,manual,,,,https://assets.footlocker.com/is/image/FLDM/122KT1WH_01?wid=1600&hei=1600&fmt=png-alpha,FALSE,,,,,,
,lckr-basic-t-shirt-men-white-white-122kt1wh,,,,,,,,,,,,,,,,,,,,,,,,,,,,,,,https://assets.footlocker.com/is/image/FLDM/122KT1WH_02?wid=1600&hei=1600&fmt=png-alpha,2,LCKR Basic T-Shirt Men's - White/White - view 2,,,,,,,,
,lckr-basic-t-shirt-men-white-white-122kt1wh,,,,,,,,,,,,,,,,,,,,,,,,,,,,,,,https://assets.footlocker.com/is/image/FLDM/122KT1WH_03?wid=1600&hei=1600&fmt=png-alpha,3,LCKR Basic T-Shirt Men's - White/White - view 3,,,,,,,,
,lckr-basic-t-shirt-men-white-white-122kt1wh,,,,,,,,,,,,,,,,,,,,,,,,,,,,,,,https://assets.footlocker.com/is/image/FLDM/122KT1WH_04?wid=1600&hei=1600&fmt=png-alpha,4,LCKR Basic T-Shirt Men's - White/White - view 4,,,,,,,,
,lckr-basic-t-shirt-men-white-white-122kt1wh,,,,,,,,,,,,,,,,,,,,,,,,,,,,,,,https://assets.footlocker.com/is/image/FLDM/122KT1WH_05?wid=1600&hei=1600&fmt=png-alpha,5,LCKR Basic T-Shirt Men's - White/White - view 5,,,,,,,,
Nike 6 Pack Everyday Plus Cushioned Socks Men's - Black/White,nike-6-pack-everyday-plus-cushioned-socks-men-black-white-6897010,<p>Power through your workout with the Nike Everyday Plus + Cushion Crew Training Socks (6 Pair).</p> <p>&bull; Dri-FIT technology helps you stay dry and comfortable.</p> <p>&bull; Breathable mesh at the top of the foot for enhanced ventilation.</p> <p>&bull; Crew silhouette provides comfortable coverage around the ankle and calf.</p> <p>&bull; Arch band contours around the foot for a locked in fit.</p> <p>&bull; 67% cotton/30% polyester/2% spandex/1% nylon. Imported.</p>,Nike,"Apparel & Accessories > Handbags, Wallets & Cases > Backpacks",Run Socks,"footlocker-clean-batch-2026-09, footlocker-source, new-arrivals, nike, style:6897010, men, accessories, run-socks, sale",TRUE,Active,6897010-S,193658363617,Color,Black/White,,Size,S,,,,,19.99,28.00,,TRUE,,shopify,8,DENY,250,g,TRUE,manual,https://assets.footlocker.com/is/image/FLDM/6897010_01?wid=1600&hei=1600&fmt=png-alpha,1,Nike 6 Pack Everyday Plus Cushioned Socks Men's - Black/White - primary view,https://assets.footlocker.com/is/image/FLDM/6897010_01?wid=1600&hei=1600&fmt=png-alpha,FALSE,Nike 6 Pack Everyday Plus Cushioned Socks Men's - Black/White,Shop Nike 6 Pack Everyday Plus Cushioned Socks Men's - Black/White at Sneaker Head.,Black,Men's,6897010,https://www.footlocker.com/product/nike-6-pack-everyday-plus-cushioned-socks-mens/6897010.html
,nike-6-pack-everyday-plus-cushioned-socks-men-black-white-6897010,,,,,,,,6897010-M,888408258731,Color,Black/White,,Size,M,,,,,19.99,28.00,,TRUE,,shopify,8,DENY,250,g,TRUE,manual,,,,https://assets.footlocker.com/is/image/FLDM/6897010_01?wid=1600&hei=1600&fmt=png-alpha,FALSE,,,,,,
,nike-6-pack-everyday-plus-cushioned-socks-men-black-white-6897010,,,,,,,,6897010-L,888408260925,Color,Black/White,,Size,L,,,,,19.99,28.00,,TRUE,,shopify,8,DENY,250,g,TRUE,manual,,,,https://assets.footlocker.com/is/image/FLDM/6897010_01?wid=1600&hei=1600&fmt=png-alpha,FALSE,,,,,,
,nike-6-pack-everyday-plus-cushioned-socks-men-black-white-6897010,,,,,,,,,,,,,,,,,,,,,,,,,,,,,,,https://assets.footlocker.com/is/image/FLDM/6897010_a1?wid=1600&hei=1600&fmt=png-alpha,2,Nike 6 Pack Everyday Plus Cushioned Socks Men's - Black/White - view 2,,,,,,,,
,nike-6-pack-everyday-plus-cushioned-socks-men-black-white-6897010,,,,,,,,,,,,,,,,,,,,,,,,,,,,,,,https://assets.footlocker.com/is/image/FLDM/6897010_a2?wid=1600&hei=1600&fmt=png-alpha,3,Nike 6 Pack Everyday Plus Cushioned Socks Men's - Black/White - view 3,,,,,,,,
Nike 6 Pack Everyday Plus Cushioned Socks Men's - Black/White,nike-6-pack-everyday-plus-cushioned-socks-men-black-white-6897100,<p>Power through your workout with the Nike Everyday Plus + Cushion Crew Training Socks (6 Pair).</p> <p>&bull; Dri-FIT technology helps you stay dry and comfortable.</p> <p>&bull; Breathable mesh at the top of the foot for enhanced ventilation.</p> <p>&bull; Crew silhouette provides comfortable coverage around the ankle and calf.</p> <p>&bull; Arch band contours around the foot for a locked in fit.</p> <p>&bull; 67% cotton/30% polyester/2% spandex/1% nylon. Imported.</p>,Nike,"Apparel & Accessories > Handbags, Wallets & Cases > Backpacks",Run Socks,"footlocker-clean-batch-2026-09, footlocker-source, new-arrivals, nike, style:6897100, men, accessories, run-socks, sale",TRUE,Active,6897100-M,888408260956,Color,Black/White,,Size,M,,,,,19.99,28.00,,TRUE,,shopify,8,DENY,250,g,TRUE,manual,https://assets.footlocker.com/is/image/FLDM/6897100_01?wid=1600&hei=1600&fmt=png-alpha,1,Nike 6 Pack Everyday Plus Cushioned Socks Men's - Black/White - primary view,https://assets.footlocker.com/is/image/FLDM/6897100_01?wid=1600&hei=1600&fmt=png-alpha,FALSE,Nike 6 Pack Everyday Plus Cushioned Socks Men's - Black/White,Shop Nike 6 Pack Everyday Plus Cushioned Socks Men's - Black/White at Sneaker Head.,White,Men's,6897100,https://www.footlocker.com/product/nike-6-pack-everyday-plus-cushioned-socks-mens/6897100.html
,nike-6-pack-everyday-plus-cushioned-socks-men-black-white-6897100,,,,,,,,,,,,,,,,,,,,,,,,,,,,,,,https://assets.footlocker.com/is/image/FLDM/6897100_a1?wid=1600&hei=1600&fmt=png-alpha,2,Nike 6 Pack Everyday Plus Cushioned Socks Men's - Black/White - view 2,,,,,,,,
,nike-6-pack-everyday-plus-cushioned-socks-men-black-white-6897100,,,,,,,,,,,,,,,,,,,,,,,,,,,,,,,https://assets.footlocker.com/is/image/FLDM/6897100_a2?wid=1600&hei=1600&fmt=png-alpha,3,Nike 6 Pack Everyday Plus Cushioned Socks Men's - Black/White - view 3,,,,,,,,
Nike Tech Fleece Full-Zip Windrunner Hoodie Men's - Black/Birch,nike-tech-fleece-full-zip-windrunner-hoodie-men-black-birch-v0949051,"<p>Make the best of your windy adventures with the Nike Tech Fleece Full-Zip Windrunner Hoodie. Made with durable, breathable, and lightweight fabric, this hoodie keeps you comfortable and ready to tackle the gusts of the great outdoors. The dropped shoulders offer a relaxed look and feel, while the elastic hem keeps the chilly winds out. Be prepared for the unexpected with the Nike Tech Fleece Full-Zip Windrunner Hoodie.</p> <ul> <li>Side seam pockets enable convenient storage.</li> <li>Machine wash.</li> <li>53% cotton/47% polyester. Imported. </li> </ul>",Nike,Apparel & Accessories > Clothing,Hoodies & Sweatshirts,"footlocker-clean-batch-2026-09, footlocker-source, new-arrivals, nike, style:V0949051, men, clothing",TRUE,Active,V0949051-S,197602909630,Color,Black/Birch,,Size,S,,,,,140.00,,,TRUE,,shopify,8,DENY,250,g,TRUE,manual,https://assets.footlocker.com/is/image/FLDM/V0949051_01?wid=1600&hei=1600&fmt=png-alpha,1,Nike Tech Fleece Full-Zip Windrunner Hoodie Men's - Black/Birch - primary view,https://assets.footlocker.com/is/image/FLDM/V0949051_01?wid=1600&hei=1600&fmt=png-alpha,FALSE,Nike Tech Fleece Full-Zip Windrunner Hoodie Men's - Black/Birch,Shop Nike Tech Fleece Full-Zip Windrunner Hoodie Men's - Black/Birch at Sneaker Head.,White,Men's,V0949051,https://www.footlocker.com/product/nike-tech-fleece-full-zip-windrunner-hoodie-mens/V0949051.html
,nike-tech-fleece-full-zip-windrunner-hoodie-men-black-birch-v0949051,,,,,,,,V0949051-M,197602919554,Color,Black/Birch,,Size,M,,,,,140.00,,,TRUE,,shopify,8,DENY,250,g,TRUE,manual,,,,https://assets.footlocker.com/is/image/FLDM/V0949051_01?wid=1600&hei=1600&fmt=png-alpha,FALSE,,,,,,
,nike-tech-fleece-full-zip-windrunner-hoodie-men-black-birch-v0949051,,,,,,,,V0949051-L,197602881738,Color,Black/Birch,,Size,L,,,,,140.00,,,TRUE,,shopify,8,DENY,250,g,TRUE,manual,,,,https://assets.footlocker.com/is/image/FLDM/V0949051_01?wid=1600&hei=1600&fmt=png-alpha,FALSE,,,,,,
,nike-tech-fleece-full-zip-windrunner-hoodie-men-black-birch-v0949051,,,,,,,,V0949051-XL,197602888959,Color,Black/Birch,,Size,XL,,,,,140.00,,,TRUE,,shopify,8,DENY,250,g,TRUE,manual,,,,https://assets.footlocker.com/is/image/FLDM/V0949051_01?wid=1600&hei=1600&fmt=png-alpha,FALSE,,,,,,
,nike-tech-fleece-full-zip-windrunner-hoodie-men-black-birch-v0949051,,,,,,,,V0949051-XXL,197602895667,Color,Black/Birch,,Size,XXL,,,,,140.00,,,TRUE,,shopify,8,DENY,250,g,TRUE,manual,,,,https://assets.footlocker.com/is/image/FLDM/V0949051_01?wid=1600&hei=1600&fmt=png-alpha,FALSE,,,,,,
,nike-tech-fleece-full-zip-windrunner-hoodie-men-black-birch-v0949051,,,,,,,,,,,,,,,,,,,,,,,,,,,,,,,https://assets.footlocker.com/is/image/FLDM/V0949051_02?wid=1600&hei=1600&fmt=png-alpha,2,Nike Tech Fleece Full-Zip Windrunner Hoodie Men's - Black/Birch - view 2,,,,,,,,
,nike-tech-fleece-full-zip-windrunner-hoodie-men-black-birch-v0949051,,,,,,,,,,,,,,,,,,,,,,,,,,,,,,,https://assets.footlocker.com/is/image/FLDM/V0949051_03?wid=1600&hei=1600&fmt=png-alpha,3,Nike Tech Fleece Full-Zip Windrunner Hoodie Men's - Black/Birch - view 3,,,,,,,,
,nike-tech-fleece-full-zip-windrunner-hoodie-men-black-birch-v0949051,,,,,,,,,,,,,,,,,,,,,,,,,,,,,,,https://assets.footlocker.com/is/image/FLDM/V0949051_04?wid=1600&hei=1600&fmt=png-alpha,4,Nike Tech Fleece Full-Zip Windrunner Hoodie Men's - Black/Birch - view 4,,,,,,,,
,nike-tech-fleece-full-zip-windrunner-hoodie-men-black-birch-v0949051,,,,,,,,,,,,,,,,,,,,,,,,,,,,,,,https://assets.footlocker.com/is/image/FLDM/V0949051_05?wid=1600&hei=1600&fmt=png-alpha,5,Nike Tech Fleece Full-Zip Windrunner Hoodie Men's - Black/Birch - view 5,,,,,,,,
Nike Tech Fleece Full-Zip Windrunner Hoodie Men's - Black/Black,nike-tech-fleece-full-zip-windrunner-hoodie-men-black-black-v0949010,"<p>Make the best of your windy adventures with the Nike Tech Fleece Full-Zip Windrunner Hoodie. Made with durable, breathable, and lightweight fabric, this hoodie keeps you comfortable and ready to tackle the gusts of the great outdoors. The dropped shoulders offer a relaxed look and feel, while the elastic hem keeps the chilly winds out. Be prepared for the unexpected with the Nike Tech Fleece Full-Zip Windrunner Hoodie.</p> <ul> <li>Side seam pockets enable convenient storage.</li> <li>Machine wash.</li> <li>53% cotton/47% polyester. Imported. </li> </ul>",Nike,Apparel & Accessories > Clothing,Hoodies & Sweatshirts,"footlocker-clean-batch-2026-09, footlocker-source, new-arrivals, nike, style:V0949010, men, clothing",TRUE,Active,V0949010-XS,197602911763,Color,Black/Black,,Size,XS,,,,,140.00,,,TRUE,,shopify,8,DENY,250,g,TRUE,manual,https://assets.footlocker.com/is/image/FLDM/V0949010_01?wid=1600&hei=1600&fmt=png-alpha,1,Nike Tech Fleece Full-Zip Windrunner Hoodie Men's - Black/Black - primary view,https://assets.footlocker.com/is/image/FLDM/V0949010_01?wid=1600&hei=1600&fmt=png-alpha,FALSE,Nike Tech Fleece Full-Zip Windrunner Hoodie Men's - Black/Black,Shop Nike Tech Fleece Full-Zip Windrunner Hoodie Men's - Black/Black at Sneaker Head.,Black,Men's,V0949010,https://www.footlocker.com/product/nike-tech-fleece-full-zip-windrunner-hoodie-mens/V0949010.html
,nike-tech-fleece-full-zip-windrunner-hoodie-men-black-black-v0949010,,,,,,,,V0949010-S,197602937381,Color,Black/Black,,Size,S,,,,,140.00,,,TRUE,,shopify,8,DENY,250,g,TRUE,manual,,,,https://assets.footlocker.com/is/image/FLDM/V0949010_01?wid=1600&hei=1600&fmt=png-alpha,FALSE,,,,,,
,nike-tech-fleece-full-zip-windrunner-hoodie-men-black-black-v0949010,,,,,,,,V0949010-M,197602922080,Color,Black/Black,,Size,M,,,,,140.00,,,TRUE,,shopify,8,DENY,250,g,TRUE,manual,,,,https://assets.footlocker.com/is/image/FLDM/V0949010_01?wid=1600&hei=1600&fmt=png-alpha,FALSE,,,,,,
,nike-tech-fleece-full-zip-windrunner-hoodie-men-black-black-v0949010,,,,,,,,V0949010-L,197602911275,Color,Black/Black,,Size,L,,,,,140.00,,,TRUE,,shopify,8,DENY,250,g,TRUE,manual,,,,https://assets.footlocker.com/is/image/FLDM/V0949010_01?wid=1600&hei=1600&fmt=png-alpha,FALSE,,,,,,
,nike-tech-fleece-full-zip-windrunner-hoodie-men-black-black-v0949010,,,,,,,,V0949010-XL,197602921847,Color,Black/Black,,Size,XL,,,,,140.00,,,TRUE,,shopify,8,DENY,250,g,TRUE,manual,,,,https://assets.footlocker.com/is/image/FLDM/V0949010_01?wid=1600&hei=1600&fmt=png-alpha,FALSE,,,,,,
,nike-tech-fleece-full-zip-windrunner-hoodie-men-black-black-v0949010,,,,,,,,V0949010-XXL,197602897869,Color,Black/Black,,Size,XXL,,,,,140.00,,,TRUE,,shopify,8,DENY,250,g,TRUE,manual,,,,https://assets.footlocker.com/is/image/FLDM/V0949010_01?wid=1600&hei=1600&fmt=png-alpha,FALSE,,,,,,
,nike-tech-fleece-full-zip-windrunner-hoodie-men-black-black-v0949010,,,,,,,,V0949010-3,197602943306,Color,Black/Black,,Size,3,,,,,140.00,,,TRUE,,shopify,8,DENY,250,g,TRUE,manual,,,,https://assets.footlocker.com/is/image/FLDM/V0949010_01?wid=1600&hei=1600&fmt=png-alpha,FALSE,,,,,,
,nike-tech-fleece-full-zip-windrunner-hoodie-men-black-black-v0949010,,,,,,,,,,,,,,,,,,,,,,,,,,,,,,,https://assets.footlocker.com/is/image/FLDM/V0949010_02?wid=1600&hei=1600&fmt=png-alpha,2,Nike Tech Fleece Full-Zip Windrunner Hoodie Men's - Black/Black - view 2,,,,,,,,
,nike-tech-fleece-full-zip-windrunner-hoodie-men-black-black-v0949010,,,,,,,,,,,,,,,,,,,,,,,,,,,,,,,https://assets.footlocker.com/is/image/FLDM/V0949010_03?wid=1600&hei=1600&fmt=png-alpha,3,Nike Tech Fleece Full-Zip Windrunner Hoodie Men's - Black/Black - view 3,,,,,,,,
Nike Tech Fleece Full-Zip Windrunner Hoodie Men's - Black/Dark Grey Heather,nike-tech-fleece-full-zip-windrunner-hoodie-men-black-dark-grey-heather-v0949063,"<p>Make the best of your windy adventures with the Nike Tech Fleece Full-Zip Windrunner Hoodie. Made with durable, breathable, and lightweight fabric, this hoodie keeps you comfortable and ready to tackle the gusts of the great outdoors. The dropped shoulders offer a relaxed look and feel, while the elastic hem keeps the chilly winds out. Be prepared for the unexpected with the Nike Tech Fleece Full-Zip Windrunner Hoodie.</p> <ul> <li>Side seam pockets enable convenient storage.</li> <li>Machine wash.</li> <li>53% cotton/47% polyester. Imported. </li> </ul>",Nike,Apparel & Accessories > Clothing,Hoodies & Sweatshirts,"footlocker-clean-batch-2026-09, footlocker-source, new-arrivals, nike, style:V0949063, men, clothing",TRUE,Active,V0949063-XS,197602898170,Color,Black/Dark Grey Heather,,Size,XS,,,,,140.00,,,TRUE,,shopify,8,DENY,250,g,TRUE,manual,https://assets.footlocker.com/is/image/FLDM/V0949063_01?wid=1600&hei=1600&fmt=png-alpha,1,Nike Tech Fleece Full-Zip Windrunner Hoodie Men's - Black/Dark Grey Heather - primary view,https://assets.footlocker.com/is/image/FLDM/V0949063_01?wid=1600&hei=1600&fmt=png-alpha,FALSE,Nike Tech Fleece Full-Zip Windrunner Hoodie Men's - Black/Dark Grey Heather,Shop Nike Tech Fleece Full-Zip Windrunner Hoodie Men's - Black/Dark Grey Heather at Sneaker Head.,Grey,Men's,V0949063,https://www.footlocker.com/product/nike-tech-fleece-full-zip-windrunner-hoodie-mens/V0949063.html
,nike-tech-fleece-full-zip-windrunner-hoodie-men-black-dark-grey-heather-v0949063,,,,,,,,V0949063-S,197602881028,Color,Black/Dark Grey Heather,,Size,S,,,,,140.00,,,TRUE,,shopify,8,DENY,250,g,TRUE,manual,,,,https://assets.footlocker.com/is/image/FLDM/V0949063_01?wid=1600&hei=1600&fmt=png-alpha,FALSE,,,,,,
,nike-tech-fleece-full-zip-windrunner-hoodie-men-black-dark-grey-heather-v0949063,,,,,,,,V0949063-M,197602907155,Color,Black/Dark Grey Heather,,Size,M,,,,,140.00,,,TRUE,,shopify,8,DENY,250,g,TRUE,manual,,,,https://assets.footlocker.com/is/image/FLDM/V0949063_01?wid=1600&hei=1600&fmt=png-alpha,FALSE,,,,,,
,nike-tech-fleece-full-zip-windrunner-hoodie-men-black-dark-grey-heather-v0949063,,,,,,,,V0949063-L,197602921618,Color,Black/Dark Grey Heather,,Size,L,,,,,140.00,,,TRUE,,shopify,8,DENY,250,g,TRUE,manual,,,,https://assets.footlocker.com/is/image/FLDM/V0949063_01?wid=1600&hei=1600&fmt=png-alpha,FALSE,,,,,,
,nike-tech-fleece-full-zip-windrunner-hoodie-men-black-dark-grey-heather-v0949063,,,,,,,,V0949063-XL,197602909371,Color,Black/Dark Grey Heather,,Size,XL,,,,,140.00,,,TRUE,,shopify,8,DENY,250,g,TRUE,manual,,,,https://assets.footlocker.com/is/image/FLDM/V0949063_01?wid=1600&hei=1600&fmt=png-alpha,FALSE,,,,,,
,nike-tech-fleece-full-zip-windrunner-hoodie-men-black-dark-grey-heather-v0949063,,,,,,,,V0949063-XXL,197602911060,Color,Black/Dark Grey Heather,,Size,XXL,,,,,140.00,,,TRUE,,shopify,8,DENY,250,g,TRUE,manual,,,,https://assets.footlocker.com/is/image/FLDM/V0949063_01?wid=1600&hei=1600&fmt=png-alpha,FALSE,,,,,,
,nike-tech-fleece-full-zip-windrunner-hoodie-men-black-dark-grey-heather-v0949063,,,,,,,,V0949063-3,197602934137,Color,Black/Dark Grey Heather,,Size,3,,,,,140.00,,,TRUE,,shopify,8,DENY,250,g,TRUE,manual,,,,https://assets.footlocker.com/is/image/FLDM/V0949063_01?wid=1600&hei=1600&fmt=png-alpha,FALSE,,,,,,
,nike-tech-fleece-full-zip-windrunner-hoodie-men-black-dark-grey-heather-v0949063,,,,,,,,,,,,,,,,,,,,,,,,,,,,,,,https://assets.footlocker.com/is/image/FLDM/V0949063_02?wid=1600&hei=1600&fmt=png-alpha,2,Nike Tech Fleece Full-Zip Windrunner Hoodie Men's - Black/Dark Grey Heather - view 2,,,,,,,,
,nike-tech-fleece-full-zip-windrunner-hoodie-men-black-dark-grey-heather-v0949063,,,,,,,,,,,,,,,,,,,,,,,,,,,,,,,https://assets.footlocker.com/is/image/FLDM/V0949063_03?wid=1600&hei=1600&fmt=png-alpha,3,Nike Tech Fleece Full-Zip Windrunner Hoodie Men's - Black/Dark Grey Heather - view 3,,,,,,,,
,nike-tech-fleece-full-zip-windrunner-hoodie-men-black-dark-grey-heather-v0949063,,,,,,,,,,,,,,,,,,,,,,,,,,,,,,,https://assets.footlocker.com/is/image/FLDM/V0949063_04?wid=1600&hei=1600&fmt=png-alpha,4,Nike Tech Fleece Full-Zip Windrunner Hoodie Men's - Black/Dark Grey Heather - view 4,,,,,,,,
,nike-tech-fleece-full-zip-windrunner-hoodie-men-black-dark-grey-heather-v0949063,,,,,,,,,,,,,,,,,,,,,,,,,,,,,,,https://assets.footlocker.com/is/image/FLDM/V0949063_05?wid=1600&hei=1600&fmt=png-alpha,5,Nike Tech Fleece Full-Zip Windrunner Hoodie Men's - Black/Dark Grey Heather - view 5,,,,,,,,
Nike Tech Fleece Full-Zip Windrunner Hoodie Men's - Black/Green,nike-tech-fleece-full-zip-windrunner-hoodie-men-black-green-v0949382,"<p>Make the best of your windy adventures with the Nike Tech Fleece Full-Zip Windrunner Hoodie. Made with durable, breathable, and lightweight fabric, this hoodie keeps you comfortable and ready to tackle the gusts of the great outdoors. The dropped shoulders offer a relaxed look and feel, while the elastic hem keeps the chilly winds out. Be prepared for the unexpected with the Nike Tech Fleece Full-Zip Windrunner Hoodie.</p> <ul> <li>Side seam pockets enable convenient storage.</li> <li>Machine wash.</li> <li>53% cotton/47% polyester. Imported. </li> </ul>",Nike,Apparel & Accessories > Clothing,Hoodies & Sweatshirts,"footlocker-clean-batch-2026-09, footlocker-source, new-arrivals, nike, style:V0949382, men, clothing",TRUE,Active,V0949382-XS,198731696477,Color,Black/Green,,Size,XS,,,,,140.00,,,TRUE,,shopify,8,DENY,250,g,TRUE,manual,https://assets.footlocker.com/is/image/FLDM/V0949382_01?wid=1600&hei=1600&fmt=png-alpha,1,Nike Tech Fleece Full-Zip Windrunner Hoodie Men's - Black/Green - primary view,https://assets.footlocker.com/is/image/FLDM/V0949382_01?wid=1600&hei=1600&fmt=png-alpha,FALSE,Nike Tech Fleece Full-Zip Windrunner Hoodie Men's - Black/Green,Shop Nike Tech Fleece Full-Zip Windrunner Hoodie Men's - Black/Green at Sneaker Head.,Green,Men's,V0949382,https://www.footlocker.com/product/nike-tech-fleece-full-zip-windrunner-hoodie-mens/V0949382.html
,nike-tech-fleece-full-zip-windrunner-hoodie-men-black-green-v0949382,,,,,,,,V0949382-S,198731687215,Color,Black/Green,,Size,S,,,,,140.00,,,TRUE,,shopify,8,DENY,250,g,TRUE,manual,,,,https://assets.footlocker.com/is/image/FLDM/V0949382_01?wid=1600&hei=1600&fmt=png-alpha,FALSE,,,,,,
,nike-tech-fleece-full-zip-windrunner-hoodie-men-black-green-v0949382,,,,,,,,V0949382-M,198731700693,Color,Black/Green,,Size,M,,,,,140.00,,,TRUE,,shopify,8,DENY,250,g,TRUE,manual,,,,https://assets.footlocker.com/is/image/FLDM/V0949382_01?wid=1600&hei=1600&fmt=png-alpha,FALSE,,,,,,
,nike-tech-fleece-full-zip-windrunner-hoodie-men-black-green-v0949382,,,,,,,,V0949382-L,198731680445,Color,Black/Green,,Size,L,,,,,140.00,,,TRUE,,shopify,8,DENY,250,g,TRUE,manual,,,,https://assets.footlocker.com/is/image/FLDM/V0949382_01?wid=1600&hei=1600&fmt=png-alpha,FALSE,,,,,,
,nike-tech-fleece-full-zip-windrunner-hoodie-men-black-green-v0949382,,,,,,,,V0949382-XL,198731684740,Color,Black/Green,,Size,XL,,,,,140.00,,,TRUE,,shopify,8,DENY,250,g,TRUE,manual,,,,https://assets.footlocker.com/is/image/FLDM/V0949382_01?wid=1600&hei=1600&fmt=png-alpha,FALSE,,,,,,
,nike-tech-fleece-full-zip-windrunner-hoodie-men-black-green-v0949382,,,,,,,,V0949382-XXL,198731681244,Color,Black/Green,,Size,XXL,,,,,140.00,,,TRUE,,shopify,8,DENY,250,g,TRUE,manual,,,,https://assets.footlocker.com/is/image/FLDM/V0949382_01?wid=1600&hei=1600&fmt=png-alpha,FALSE,,,,,,
,nike-tech-fleece-full-zip-windrunner-hoodie-men-black-green-v0949382,,,,,,,,V0949382-3,198731683026,Color,Black/Green,,Size,3,,,,,140.00,,,TRUE,,shopify,8,DENY,250,g,TRUE,manual,,,,https://assets.footlocker.com/is/image/FLDM/V0949382_01?wid=1600&hei=1600&fmt=png-alpha,FALSE,,,,,,
,nike-tech-fleece-full-zip-windrunner-hoodie-men-black-green-v0949382,,,,,,,,,,,,,,,,,,,,,,,,,,,,,,,https://assets.footlocker.com/is/image/FLDM/V0949382_03?wid=1600&hei=1600&fmt=png-alpha,2,Nike Tech Fleece Full-Zip Windrunner Hoodie Men's - Black/Green - view 2,,,,,,,,
,nike-tech-fleece-full-zip-windrunner-hoodie-men-black-green-v0949382,,,,,,,,,,,,,,,,,,,,,,,,,,,,,,,https://assets.footlocker.com/is/image/FLDM/V0949382_04?wid=1600&hei=1600&fmt=png-alpha,3,Nike Tech Fleece Full-Zip Windrunner Hoodie Men's - Black/Green - view 3,,,,,,,,
Nike Tech Fleece Full-Zip Windrunner Hoodie Men's - Black/Grey,nike-tech-fleece-full-zip-windrunner-hoodie-men-black-grey-v0949011,"<p>Make the best of your windy adventures with the Nike Tech Fleece Full-Zip Windrunner Hoodie. Made with durable, breathable, and lightweight fabric, this hoodie keeps you comfortable and ready to tackle the gusts of the great outdoors. The dropped shoulders offer a relaxed look and feel, while the elastic hem keeps the chilly winds out. Be prepared for the unexpected with the Nike Tech Fleece Full-Zip Windrunner Hoodie.</p> <ul> <li>Side seam pockets enable convenient storage.</li> <li>Machine wash.</li> <li>53% cotton/47% polyester. Imported. </li> </ul>",Nike,Apparel & Accessories > Clothing,Hoodies & Sweatshirts,"footlocker-clean-batch-2026-09, footlocker-source, new-arrivals, nike, style:V0949011, men, clothing",TRUE,Active,V0949011-XS,197602939439,Color,Black/Grey,,Size,XS,,,,,140.00,,,TRUE,,shopify,8,DENY,250,g,TRUE,manual,https://assets.footlocker.com/is/image/FLDM/V0949011_01?wid=1600&hei=1600&fmt=png-alpha,1,Nike Tech Fleece Full-Zip Windrunner Hoodie Men's - Black/Grey - primary view,https://assets.footlocker.com/is/image/FLDM/V0949011_01?wid=1600&hei=1600&fmt=png-alpha,FALSE,Nike Tech Fleece Full-Zip Windrunner Hoodie Men's - Black/Grey,Shop Nike Tech Fleece Full-Zip Windrunner Hoodie Men's - Black/Grey at Sneaker Head.,Black,Men's,V0949011,https://www.footlocker.com/product/nike-tech-fleece-full-zip-windrunner-hoodie-mens/V0949011.html
,nike-tech-fleece-full-zip-windrunner-hoodie-men-black-grey-v0949011,,,,,,,,V0949011-S,197602906202,Color,Black/Grey,,Size,S,,,,,140.00,,,TRUE,,shopify,8,DENY,250,g,TRUE,manual,,,,https://assets.footlocker.com/is/image/FLDM/V0949011_01?wid=1600&hei=1600&fmt=png-alpha,FALSE,,,,,,
,nike-tech-fleece-full-zip-windrunner-hoodie-men-black-grey-v0949011,,,,,,,,V0949011-M,197602884319,Color,Black/Grey,,Size,M,,,,,140.00,,,TRUE,,shopify,8,DENY,250,g,TRUE,manual,,,,https://assets.footlocker.com/is/image/FLDM/V0949011_01?wid=1600&hei=1600&fmt=png-alpha,FALSE,,,,,,
,nike-tech-fleece-full-zip-windrunner-hoodie-men-black-grey-v0949011,,,,,,,,V0949011-L,197602889741,Color,Black/Grey,,Size,L,,,,,140.00,,,TRUE,,shopify,8,DENY,250,g,TRUE,manual,,,,https://assets.footlocker.com/is/image/FLDM/V0949011_01?wid=1600&hei=1600&fmt=png-alpha,FALSE,,,,,,
,nike-tech-fleece-full-zip-windrunner-hoodie-men-black-grey-v0949011,,,,,,,,V0949011-XL,197602883930,Color,Black/Grey,,Size,XL,,,,,140.00,,,TRUE,,shopify,8,DENY,250,g,TRUE,manual,,,,https://assets.footlocker.com/is/image/FLDM/V0949011_01?wid=1600&hei=1600&fmt=png-alpha,FALSE,,,,,,
,nike-tech-fleece-full-zip-windrunner-hoodie-men-black-grey-v0949011,,,,,,,,V0949011-XXL,197602905410,Color,Black/Grey,,Size,XXL,,,,,140.00,,,TRUE,,shopify,8,DENY,250,g,TRUE,manual,,,,https://assets.footlocker.com/is/image/FLDM/V0949011_01?wid=1600&hei=1600&fmt=png-alpha,FALSE,,,,,,
,nike-tech-fleece-full-zip-windrunner-hoodie-men-black-grey-v0949011,,,,,,,,V0949011-3,197602900552,Color,Black/Grey,,Size,3,,,,,140.00,,,TRUE,,shopify,8,DENY,250,g,TRUE,manual,,,,https://assets.footlocker.com/is/image/FLDM/V0949011_01?wid=1600&hei=1600&fmt=png-alpha,FALSE,,,,,,
,nike-tech-fleece-full-zip-windrunner-hoodie-men-black-grey-v0949011,,,,,,,,,,,,,,,,,,,,,,,,,,,,,,,https://assets.footlocker.com/is/image/FLDM/V0949011_02?wid=1600&hei=1600&fmt=png-alpha,2,Nike Tech Fleece Full-Zip Windrunner Hoodie Men's - Black/Grey - view 2,,,,,,,,
,nike-tech-fleece-full-zip-windrunner-hoodie-men-black-grey-v0949011,,,,,,,,,,,,,,,,,,,,,,,,,,,,,,,https://assets.footlocker.com/is/image/FLDM/V0949011_03?wid=1600&hei=1600&fmt=png-alpha,3,Nike Tech Fleece Full-Zip Windrunner Hoodie Men's - Black/Grey - view 3,,,,,,,,
,nike-tech-fleece-full-zip-windrunner-hoodie-men-black-grey-v0949011,,,,,,,,,,,,,,,,,,,,,,,,,,,,,,,https://assets.footlocker.com/is/image/FLDM/V0949011_04?wid=1600&hei=1600&fmt=png-alpha,4,Nike Tech Fleece Full-Zip Windrunner Hoodie Men's - Black/Grey - view 4,,,,,,,,
,nike-tech-fleece-full-zip-windrunner-hoodie-men-black-grey-v0949011,,,,,,,,,,,,,,,,,,,,,,,,,,,,,,,https://assets.footlocker.com/is/image/FLDM/V0949011_05?wid=1600&hei=1600&fmt=png-alpha,5,Nike Tech Fleece Full-Zip Windrunner Hoodie Men's - Black/Grey - view 5,,,,,,,,
Nike Tech Fleece Full-Zip Windrunner Hoodie Men's - Black/Obsidian,nike-tech-fleece-full-zip-windrunner-hoodie-men-black-obsidian-v0949451,"<p>Make the best of your windy adventures with the Nike Tech Fleece Full-Zip Windrunner Hoodie. Made with durable, breathable, and lightweight fabric, this hoodie keeps you comfortable and ready to tackle the gusts of the great outdoors. The dropped shoulders offer a relaxed look and feel, while the elastic hem keeps the chilly winds out. Be prepared for the unexpected with the Nike Tech Fleece Full-Zip Windrunner Hoodie.</p> <ul> <li>Side seam pockets enable convenient storage.</li> <li>Machine wash.</li> <li>53% cotton/47% polyester. Imported. </li> </ul>",Nike,Apparel & Accessories > Clothing,Hoodies & Sweatshirts,"footlocker-clean-batch-2026-09, footlocker-source, new-arrivals, nike, style:V0949451, men, clothing",TRUE,Active,V0949451-XS,197602913323,Color,Black/Obsidian,,Size,XS,,,,,140.00,,,TRUE,,shopify,8,DENY,250,g,TRUE,manual,https://assets.footlocker.com/is/image/FLDM/V0949451_01?wid=1600&hei=1600&fmt=png-alpha,1,Nike Tech Fleece Full-Zip Windrunner Hoodie Men's - Black/Obsidian - primary view,https://assets.footlocker.com/is/image/FLDM/V0949451_01?wid=1600&hei=1600&fmt=png-alpha,FALSE,Nike Tech Fleece Full-Zip Windrunner Hoodie Men's - Black/Obsidian,Shop Nike Tech Fleece Full-Zip Windrunner Hoodie Men's - Black/Obsidian at Sneaker Head.,Black,Men's,V0949451,https://www.footlocker.com/product/nike-tech-fleece-full-zip-windrunner-hoodie-mens/V0949451.html
,nike-tech-fleece-full-zip-windrunner-hoodie-men-black-obsidian-v0949451,,,,,,,,V0949451-S,197602926163,Color,Black/Obsidian,,Size,S,,,,,140.00,,,TRUE,,shopify,8,DENY,250,g,TRUE,manual,,,,https://assets.footlocker.com/is/image/FLDM/V0949451_01?wid=1600&hei=1600&fmt=png-alpha,FALSE,,,,,,
,nike-tech-fleece-full-zip-windrunner-hoodie-men-black-obsidian-v0949451,,,,,,,,V0949451-M,197602885057,Color,Black/Obsidian,,Size,M,,,,,140.00,,,TRUE,,shopify,8,DENY,250,g,TRUE,manual,,,,https://assets.footlocker.com/is/image/FLDM/V0949451_01?wid=1600&hei=1600&fmt=png-alpha,FALSE,,,,,,
,nike-tech-fleece-full-zip-windrunner-hoodie-men-black-obsidian-v0949451,,,,,,,,V0949451-L,197602920802,Color,Black/Obsidian,,Size,L,,,,,140.00,,,TRUE,,shopify,8,DENY,250,g,TRUE,manual,,,,https://assets.footlocker.com/is/image/FLDM/V0949451_01?wid=1600&hei=1600&fmt=png-alpha,FALSE,,,,,,
,nike-tech-fleece-full-zip-windrunner-hoodie-men-black-obsidian-v0949451,,,,,,,,V0949451-XL,197602917444,Color,Black/Obsidian,,Size,XL,,,,,140.00,,,TRUE,,shopify,8,DENY,250,g,TRUE,manual,,,,https://assets.footlocker.com/is/image/FLDM/V0949451_01?wid=1600&hei=1600&fmt=png-alpha,FALSE,,,,,,
,nike-tech-fleece-full-zip-windrunner-hoodie-men-black-obsidian-v0949451,,,,,,,,V0949451-XXL,197602905731,Color,Black/Obsidian,,Size,XXL,,,,,140.00,,,TRUE,,shopify,8,DENY,250,g,TRUE,manual,,,,https://assets.footlocker.com/is/image/FLDM/V0949451_01?wid=1600&hei=1600&fmt=png-alpha,FALSE,,,,,,
,nike-tech-fleece-full-zip-windrunner-hoodie-men-black-obsidian-v0949451,,,,,,,,V0949451-3,197602905106,Color,Black/Obsidian,,Size,3,,,,,140.00,,,TRUE,,shopify,8,DENY,250,g,TRUE,manual,,,,https://assets.footlocker.com/is/image/FLDM/V0949451_01?wid=1600&hei=1600&fmt=png-alpha,FALSE,,,,,,
,nike-tech-fleece-full-zip-windrunner-hoodie-men-black-obsidian-v0949451,,,,,,,,,,,,,,,,,,,,,,,,,,,,,,,https://assets.footlocker.com/is/image/FLDM/V0949451_03?wid=1600&hei=1600&fmt=png-alpha,2,Nike Tech Fleece Full-Zip Windrunner Hoodie Men's - Black/Obsidian - view 2,,,,,,,,
,nike-tech-fleece-full-zip-windrunner-hoodie-men-black-obsidian-v0949451,,,,,,,,,,,,,,,,,,,,,,,,,,,,,,,https://assets.footlocker.com/is/image/FLDM/V0949451_04?wid=1600&hei=1600&fmt=png-alpha,3,Nike Tech Fleece Full-Zip Windrunner Hoodie Men's - Black/Obsidian - view 3,,,,,,,,
,nike-tech-fleece-full-zip-windrunner-hoodie-men-black-obsidian-v0949451,,,,,,,,,,,,,,,,,,,,,,,,,,,,,,,https://assets.footlocker.com/is/image/FLDM/V0949451_05?wid=1600&hei=1600&fmt=png-alpha,4,Nike Tech Fleece Full-Zip Windrunner Hoodie Men's - Black/Obsidian - view 4,,,,,,,,
,nike-tech-fleece-full-zip-windrunner-hoodie-men-black-obsidian-v0949451,,,,,,,,,,,,,,,,,,,,,,,,,,,,,,,https://assets.footlocker.com/is/image/FLDM/V0949451_06?wid=1600&hei=1600&fmt=png-alpha,5,Nike Tech Fleece Full-Zip Windrunner Hoodie Men's - Black/Obsidian - view 5,,,,,,,,
Nike Tech Fleece Full-Zip Windrunner Hoodie Men's - Blue/Black,nike-tech-fleece-full-zip-windrunner-hoodie-men-blue-black-h0949476,"<p>Make the best of your windy adventures with the Nike Tech Fleece Full-Zip Windrunner Hoodie. Made with durable, breathable, and lightweight fabric, this hoodie keeps you comfortable and ready to tackle the gusts of the great outdoors. The dropped shoulders offer a relaxed look and feel, while the elastic hem keeps the chilly winds out. Be prepared for the unexpected with the Nike Tech Fleece Full-Zip Windrunner Hoodie.</p> <ul> <li>Side seam pockets enable convenient storage.</li> <li>Machine wash.</li> <li>53% cotton/47% polyester. Imported. </li> </ul>",Nike,Apparel & Accessories > Clothing,Hoodies & Sweatshirts,"footlocker-clean-batch-2026-09, footlocker-source, new-arrivals, nike, style:H0949476, men, clothing",TRUE,Active,H0949476-XS,198488908076,Color,Blue/Black,,Size,XS,,,,,140.00,,,TRUE,,shopify,8,DENY,250,g,TRUE,manual,https://assets.footlocker.com/is/image/FLDM/H0949476_01?wid=1600&hei=1600&fmt=png-alpha,1,Nike Tech Fleece Full-Zip Windrunner Hoodie Men's - Blue/Black - primary view,https://assets.footlocker.com/is/image/FLDM/H0949476_01?wid=1600&hei=1600&fmt=png-alpha,FALSE,Nike Tech Fleece Full-Zip Windrunner Hoodie Men's - Blue/Black,Shop Nike Tech Fleece Full-Zip Windrunner Hoodie Men's - Blue/Black at Sneaker Head.,Blue,Men's,H0949476,https://www.footlocker.com/product/nike-tech-fleece-full-zip-windrunner-hoodie-mens/H0949476.html
,nike-tech-fleece-full-zip-windrunner-hoodie-men-blue-black-h0949476,,,,,,,,H0949476-S,198488906065,Color,Blue/Black,,Size,S,,,,,140.00,,,TRUE,,shopify,8,DENY,250,g,TRUE,manual,,,,https://assets.footlocker.com/is/image/FLDM/H0949476_01?wid=1600&hei=1600&fmt=png-alpha,FALSE,,,,,,
,nike-tech-fleece-full-zip-windrunner-hoodie-men-blue-black-h0949476,,,,,,,,H0949476-M,198488894294,Color,Blue/Black,,Size,M,,,,,140.00,,,TRUE,,shopify,8,DENY,250,g,TRUE,manual,,,,https://assets.footlocker.com/is/image/FLDM/H0949476_01?wid=1600&hei=1600&fmt=png-alpha,FALSE,,,,,,
,nike-tech-fleece-full-zip-windrunner-hoodie-men-blue-black-h0949476,,,,,,,,H0949476-L,198488874364,Color,Blue/Black,,Size,L,,,,,140.00,,,TRUE,,shopify,8,DENY,250,g,TRUE,manual,,,,https://assets.footlocker.com/is/image/FLDM/H0949476_01?wid=1600&hei=1600&fmt=png-alpha,FALSE,,,,,,
,nike-tech-fleece-full-zip-windrunner-hoodie-men-blue-black-h0949476,,,,,,,,H0949476-XL,198488934679,Color,Blue/Black,,Size,XL,,,,,140.00,,,TRUE,,shopify,8,DENY,250,g,TRUE,manual,,,,https://assets.footlocker.com/is/image/FLDM/H0949476_01?wid=1600&hei=1600&fmt=png-alpha,FALSE,,,,,,
,nike-tech-fleece-full-zip-windrunner-hoodie-men-blue-black-h0949476,,,,,,,,H0949476-XXL,198488933306,Color,Blue/Black,,Size,XXL,,,,,140.00,,,TRUE,,shopify,8,DENY,250,g,TRUE,manual,,,,https://assets.footlocker.com/is/image/FLDM/H0949476_01?wid=1600&hei=1600&fmt=png-alpha,FALSE,,,,,,
,nike-tech-fleece-full-zip-windrunner-hoodie-men-blue-black-h0949476,,,,,,,,H0949476-3,198488889733,Color,Blue/Black,,Size,3,,,,,140.00,,,TRUE,,shopify,8,DENY,250,g,TRUE,manual,,,,https://assets.footlocker.com/is/image/FLDM/H0949476_01?wid=1600&hei=1600&fmt=png-alpha,FALSE,,,,,,
,nike-tech-fleece-full-zip-windrunner-hoodie-men-blue-black-h0949476,,,,,,,,,,,,,,,,,,,,,,,,,,,,,,,https://assets.footlocker.com/is/image/FLDM/H0949476_03?wid=1600&hei=1600&fmt=png-alpha,2,Nike Tech Fleece Full-Zip Windrunner Hoodie Men's - Blue/Black - view 2,,,,,,,,
,nike-tech-fleece-full-zip-windrunner-hoodie-men-blue-black-h0949476,,,,,,,,,,,,,,,,,,,,,,,,,,,,,,,https://assets.footlocker.com/is/image/FLDM/H0949476_04?wid=1600&hei=1600&fmt=png-alpha,3,Nike Tech Fleece Full-Zip Windrunner Hoodie Men's - Blue/Black - view 3,,,,,,,,
Nike Tech Fleece Full-Zip Windrunner Hoodie Men's - Blue/Black,nike-tech-fleece-full-zip-windrunner-hoodie-men-blue-black-v0949407,"<p>Make the best of your windy adventures with the Nike Tech Fleece Full-Zip Windrunner Hoodie. Made with durable, breathable, and lightweight fabric, this hoodie keeps you comfortable and ready to tackle the gusts of the great outdoors. The dropped shoulders offer a relaxed look and feel, while the elastic hem keeps the chilly winds out. Be prepared for the unexpected with the Nike Tech Fleece Full-Zip Windrunner Hoodie.</p> <ul> <li>Side seam pockets enable convenient storage.</li> <li>Machine wash.</li> <li>53% cotton/47% polyester. Imported. </li> </ul>",Nike,Apparel & Accessories > Clothing,Hoodies & Sweatshirts,"footlocker-clean-batch-2026-09, footlocker-source, new-arrivals, nike, style:V0949407, men, clothing",TRUE,Active,V0949407-XS,198958373953,Color,Blue/Black,,Size,XS,,,,,140.00,,,TRUE,,shopify,8,DENY,250,g,TRUE,manual,https://assets.footlocker.com/is/image/FLDM/V0949407_01?wid=1600&hei=1600&fmt=png-alpha,1,Nike Tech Fleece Full-Zip Windrunner Hoodie Men's - Blue/Black - primary view,https://assets.footlocker.com/is/image/FLDM/V0949407_01?wid=1600&hei=1600&fmt=png-alpha,FALSE,Nike Tech Fleece Full-Zip Windrunner Hoodie Men's - Blue/Black,Shop Nike Tech Fleece Full-Zip Windrunner Hoodie Men's - Blue/Black at Sneaker Head.,Blue,Men's,V0949407,https://www.footlocker.com/product/nike-tech-fleece-full-zip-windrunner-hoodie-mens/V0949407.html
,nike-tech-fleece-full-zip-windrunner-hoodie-men-blue-black-v0949407,,,,,,,,V0949407-S,198958370297,Color,Blue/Black,,Size,S,,,,,140.00,,,TRUE,,shopify,8,DENY,250,g,TRUE,manual,,,,https://assets.footlocker.com/is/image/FLDM/V0949407_01?wid=1600&hei=1600&fmt=png-alpha,FALSE,,,,,,
,nike-tech-fleece-full-zip-windrunner-hoodie-men-blue-black-v0949407,,,,,,,,V0949407-M,198958371140,Color,Blue/Black,,Size,M,,,,,140.00,,,TRUE,,shopify,8,DENY,250,g,TRUE,manual,,,,https://assets.footlocker.com/is/image/FLDM/V0949407_01?wid=1600&hei=1600&fmt=png-alpha,FALSE,,,,,,
,nike-tech-fleece-full-zip-windrunner-hoodie-men-blue-black-v0949407,,,,,,,,V0949407-L,198958366986,Color,Blue/Black,,Size,L,,,,,140.00,,,TRUE,,shopify,8,DENY,250,g,TRUE,manual,,,,https://assets.footlocker.com/is/image/FLDM/V0949407_01?wid=1600&hei=1600&fmt=png-alpha,FALSE,,,,,,
,nike-tech-fleece-full-zip-windrunner-hoodie-men-blue-black-v0949407,,,,,,,,V0949407-XL,198958374929,Color,Blue/Black,,Size,XL,,,,,140.00,,,TRUE,,shopify,8,DENY,250,g,TRUE,manual,,,,https://assets.footlocker.com/is/image/FLDM/V0949407_01?wid=1600&hei=1600&fmt=png-alpha,FALSE,,,,,,
,nike-tech-fleece-full-zip-windrunner-hoodie-men-blue-black-v0949407,,,,,,,,V0949407-XXL,198958373007,Color,Blue/Black,,Size,XXL,,,,,140.00,,,TRUE,,shopify,8,DENY,250,g,TRUE,manual,,,,https://assets.footlocker.com/is/image/FLDM/V0949407_01?wid=1600&hei=1600&fmt=png-alpha,FALSE,,,,,,
,nike-tech-fleece-full-zip-windrunner-hoodie-men-blue-black-v0949407,,,,,,,,V0949407-3,198958370327,Color,Blue/Black,,Size,3,,,,,140.00,,,TRUE,,shopify,8,DENY,250,g,TRUE,manual,,,,https://assets.footlocker.com/is/image/FLDM/V0949407_01?wid=1600&hei=1600&fmt=png-alpha,FALSE,,,,,,
,nike-tech-fleece-full-zip-windrunner-hoodie-men-blue-black-v0949407,,,,,,,,,,,,,,,,,,,,,,,,,,,,,,,https://assets.footlocker.com/is/image/FLDM/V0949407_03?wid=1600&hei=1600&fmt=png-alpha,2,Nike Tech Fleece Full-Zip Windrunner Hoodie Men's - Blue/Black - view 2,,,,,,,,
,nike-tech-fleece-full-zip-windrunner-hoodie-men-blue-black-v0949407,,,,,,,,,,,,,,,,,,,,,,,,,,,,,,,https://assets.footlocker.com/is/image/FLDM/V0949407_04?wid=1600&hei=1600&fmt=png-alpha,3,Nike Tech Fleece Full-Zip Windrunner Hoodie Men's - Blue/Black - view 3,,,,,,,,
Nike Tech Fleece Full-Zip Windrunner Hoodie Men's - Lt Liquid Lime/Anthracite/Lt Smoke Grey,nike-tech-fleece-full-zip-windrunner-hoodie-men-lt-liquid-lime-anthracite-lt-smoke-grey-v0949361,"<p>Make the best of your windy adventures with the Nike Tech Fleece Full-Zip Windrunner Hoodie. Made with durable, breathable, and lightweight fabric, this hoodie keeps you comfortable and ready to tackle the gusts of the great outdoors. The dropped shoulders offer a relaxed look and feel, while the elastic hem keeps the chilly winds out. Be prepared for the unexpected with the Nike Tech Fleece Full-Zip Windrunner Hoodie.</p> <ul> <li>Side seam pockets enable convenient storage.</li> <li>Machine wash.</li> <li>53% cotton/47% polyester. Imported. </li> </ul>",Nike,Apparel & Accessories > Clothing,Hoodies & Sweatshirts,"footlocker-clean-batch-2026-09, footlocker-source, new-arrivals, nike, style:V0949361, men, clothing",TRUE,Active,V0949361-XS,198488927558,Color,Lt Liquid Lime/Anthracite/Lt Smoke Grey,,Size,XS,,,,,140.00,,,TRUE,,shopify,8,DENY,250,g,TRUE,manual,https://assets.footlocker.com/is/image/FLDM/V0949361_01?wid=1600&hei=1600&fmt=png-alpha,1,Nike Tech Fleece Full-Zip Windrunner Hoodie Men's - Lt Liquid Lime/Anthracite/Lt Smoke Grey - primary view,https://assets.footlocker.com/is/image/FLDM/V0949361_01?wid=1600&hei=1600&fmt=png-alpha,FALSE,Nike Tech Fleece Full-Zip Windrunner Hoodie Men's - Lt Liquid Lime/Anthracite/Lt Smoke Grey,Shop Nike Tech Fleece Full-Zip Windrunner Hoodie Men's - Lt Liquid Lime/Anthracite/Lt Smoke Grey at Sneaker Head.,Green,Men's,V0949361,https://www.footlocker.com/product/nike-tech-fleece-full-zip-windrunner-hoodie-mens/V0949361.html
,nike-tech-fleece-full-zip-windrunner-hoodie-men-lt-liquid-lime-anthracite-lt-smoke-grey-v0949361,,,,,,,,V0949361-S,198488895932,Color,Lt Liquid Lime/Anthracite/Lt Smoke Grey,,Size,S,,,,,140.00,,,TRUE,,shopify,8,DENY,250,g,TRUE,manual,,,,https://assets.footlocker.com/is/image/FLDM/V0949361_01?wid=1600&hei=1600&fmt=png-alpha,FALSE,,,,,,
,nike-tech-fleece-full-zip-windrunner-hoodie-men-lt-liquid-lime-anthracite-lt-smoke-grey-v0949361,,,,,,,,V0949361-M,198488922980,Color,Lt Liquid Lime/Anthracite/Lt Smoke Grey,,Size,M,,,,,140.00,,,TRUE,,shopify,8,DENY,250,g,TRUE,manual,,,,https://assets.footlocker.com/is/image/FLDM/V0949361_01?wid=1600&hei=1600&fmt=png-alpha,FALSE,,,,,,
,nike-tech-fleece-full-zip-windrunner-hoodie-men-lt-liquid-lime-anthracite-lt-smoke-grey-v0949361,,,,,,,,V0949361-L,198488899268,Color,Lt Liquid Lime/Anthracite/Lt Smoke Grey,,Size,L,,,,,140.00,,,TRUE,,shopify,8,DENY,250,g,TRUE,manual,,,,https://assets.footlocker.com/is/image/FLDM/V0949361_01?wid=1600&hei=1600&fmt=png-alpha,FALSE,,,,,,
,nike-tech-fleece-full-zip-windrunner-hoodie-men-lt-liquid-lime-anthracite-lt-smoke-grey-v0949361,,,,,,,,V0949361-XL,198488929934,Color,Lt Liquid Lime/Anthracite/Lt Smoke Grey,,Size,XL,,,,,140.00,,,TRUE,,shopify,8,DENY,250,g,TRUE,manual,,,,https://assets.footlocker.com/is/image/FLDM/V0949361_01?wid=1600&hei=1600&fmt=png-alpha,FALSE,,,,,,
,nike-tech-fleece-full-zip-windrunner-hoodie-men-lt-liquid-lime-anthracite-lt-smoke-grey-v0949361,,,,,,,,V0949361-XXL,198488937212,Color,Lt Liquid Lime/Anthracite/Lt Smoke Grey,,Size,XXL,,,,,140.00,,,TRUE,,shopify,8,DENY,250,g,TRUE,manual,,,,https://assets.footlocker.com/is/image/FLDM/V0949361_01?wid=1600&hei=1600&fmt=png-alpha,FALSE,,,,,,
,nike-tech-fleece-full-zip-windrunner-hoodie-men-lt-liquid-lime-anthracite-lt-smoke-grey-v0949361,,,,,,,,V0949361-3,198488934334,Color,Lt Liquid Lime/Anthracite/Lt Smoke Grey,,Size,3,,,,,140.00,,,TRUE,,shopify,8,DENY,250,g,TRUE,manual,,,,https://assets.footlocker.com/is/image/FLDM/V0949361_01?wid=1600&hei=1600&fmt=png-alpha,FALSE,,,,,,
,nike-tech-fleece-full-zip-windrunner-hoodie-men-lt-liquid-lime-anthracite-lt-smoke-grey-v0949361,,,,,,,,,,,,,,,,,,,,,,,,,,,,,,,https://assets.footlocker.com/is/image/FLDM/V0949361_03?wid=1600&hei=1600&fmt=png-alpha,2,Nike Tech Fleece Full-Zip Windrunner Hoodie Men's - Lt Liquid Lime/Anthracite/Lt Smoke Grey - view 2,,,,,,,,
,nike-tech-fleece-full-zip-windrunner-hoodie-men-lt-liquid-lime-anthracite-lt-smoke-grey-v0949361,,,,,,,,,,,,,,,,,,,,,,,,,,,,,,,https://assets.footlocker.com/is/image/FLDM/V0949361_04?wid=1600&hei=1600&fmt=png-alpha,3,Nike Tech Fleece Full-Zip Windrunner Hoodie Men's - Lt Liquid Lime/Anthracite/Lt Smoke Grey - view 3,,,,,,,,
,nike-tech-fleece-full-zip-windrunner-hoodie-men-lt-liquid-lime-anthracite-lt-smoke-grey-v0949361,,,,,,,,,,,,,,,,,,,,,,,,,,,,,,,https://assets.footlocker.com/is/image/FLDM/V0949361_05?wid=1600&hei=1600&fmt=png-alpha,4,Nike Tech Fleece Full-Zip Windrunner Hoodie Men's - Lt Liquid Lime/Anthracite/Lt Smoke Grey - view 4,,,,,,,,
,nike-tech-fleece-full-zip-windrunner-hoodie-men-lt-liquid-lime-anthracite-lt-smoke-grey-v0949361,,,,,,,,,,,,,,,,,,,,,,,,,,,,,,,https://assets.footlocker.com/is/image/FLDM/V0949361_06?wid=1600&hei=1600&fmt=png-alpha,5,Nike Tech Fleece Full-Zip Windrunner Hoodie Men's - Lt Liquid Lime/Anthracite/Lt Smoke Grey - view 5,,,,,,,,
Nike Tech Fleece Full-Zip Windrunner Hoodie Men's - Obsidian/White,nike-tech-fleece-full-zip-windrunner-hoodie-men-obsidian-white-v0949100,"<p>Make the best of your windy adventures with the Nike Tech Fleece Full-Zip Windrunner Hoodie. Made with durable, breathable, and lightweight fabric, this hoodie keeps you comfortable and ready to tackle the gusts of the great outdoors. The dropped shoulders offer a relaxed look and feel, while the elastic hem keeps the chilly winds out. Be prepared for the unexpected with the Nike Tech Fleece Full-Zip Windrunner Hoodie.</p> <ul> <li>Side seam pockets enable convenient storage.</li> <li>Machine wash.</li> <li>53% cotton/47% polyester. Imported. </li> </ul>",Nike,Apparel & Accessories > Clothing,Hoodies & Sweatshirts,"footlocker-clean-batch-2026-09, footlocker-source, new-arrivals, nike, style:V0949100, men, clothing",TRUE,Active,V0949100-XS,198958367747,Color,Obsidian/White,,Size,XS,,,,,140.00,,,TRUE,,shopify,8,DENY,250,g,TRUE,manual,https://assets.footlocker.com/is/image/FLDM/V0949100_01?wid=1600&hei=1600&fmt=png-alpha,1,Nike Tech Fleece Full-Zip Windrunner Hoodie Men's - Obsidian/White - primary view,https://assets.footlocker.com/is/image/FLDM/V0949100_01?wid=1600&hei=1600&fmt=png-alpha,FALSE,Nike Tech Fleece Full-Zip Windrunner Hoodie Men's - Obsidian/White,Shop Nike Tech Fleece Full-Zip Windrunner Hoodie Men's - Obsidian/White at Sneaker Head.,White,Men's,V0949100,https://www.footlocker.com/product/nike-tech-fleece-full-zip-windrunner-hoodie-mens/V0949100.html
,nike-tech-fleece-full-zip-windrunner-hoodie-men-obsidian-white-v0949100,,,,,,,,V0949100-S,198958374318,Color,Obsidian/White,,Size,S,,,,,140.00,,,TRUE,,shopify,8,DENY,250,g,TRUE,manual,,,,https://assets.footlocker.com/is/image/FLDM/V0949100_01?wid=1600&hei=1600&fmt=png-alpha,FALSE,,,,,,
,nike-tech-fleece-full-zip-windrunner-hoodie-men-obsidian-white-v0949100,,,,,,,,V0949100-M,198958368461,Color,Obsidian/White,,Size,M,,,,,140.00,,,TRUE,,shopify,8,DENY,250,g,TRUE,manual,,,,https://assets.footlocker.com/is/image/FLDM/V0949100_01?wid=1600&hei=1600&fmt=png-alpha,FALSE,,,,,,
,nike-tech-fleece-full-zip-windrunner-hoodie-men-obsidian-white-v0949100,,,,,,,,V0949100-L,198958365859,Color,Obsidian/White,,Size,L,,,,,140.00,,,TRUE,,shopify,8,DENY,250,g,TRUE,manual,,,,https://assets.footlocker.com/is/image/FLDM/V0949100_01?wid=1600&hei=1600&fmt=png-alpha,FALSE,,,,,,
,nike-tech-fleece-full-zip-windrunner-hoodie-men-obsidian-white-v0949100,,,,,,,,V0949100-XL,198958370204,Color,Obsidian/White,,Size,XL,,,,,140.00,,,TRUE,,shopify,8,DENY,250,g,TRUE,manual,,,,https://assets.footlocker.com/is/image/FLDM/V0949100_01?wid=1600&hei=1600&fmt=png-alpha,FALSE,,,,,,
,nike-tech-fleece-full-zip-windrunner-hoodie-men-obsidian-white-v0949100,,,,,,,,V0949100-XXL,198958369512,Color,Obsidian/White,,Size,XXL,,,,,140.00,,,TRUE,,shopify,8,DENY,250,g,TRUE,manual,,,,https://assets.footlocker.com/is/image/FLDM/V0949100_01?wid=1600&hei=1600&fmt=png-alpha,FALSE,,,,,,
,nike-tech-fleece-full-zip-windrunner-hoodie-men-obsidian-white-v0949100,,,,,,,,,,,,,,,,,,,,,,,,,,,,,,,https://assets.footlocker.com/is/image/FLDM/V0949100_03?wid=1600&hei=1600&fmt=png-alpha,2,Nike Tech Fleece Full-Zip Windrunner Hoodie Men's - Obsidian/White - view 2,,,,,,,,
,nike-tech-fleece-full-zip-windrunner-hoodie-men-obsidian-white-v0949100,,,,,,,,,,,,,,,,,,,,,,,,,,,,,,,https://assets.footlocker.com/is/image/FLDM/V0949100_04?wid=1600&hei=1600&fmt=png-alpha,3,Nike Tech Fleece Full-Zip Windrunner Hoodie Men's - Obsidian/White - view 3,,,,,,,,
,nike-tech-fleece-full-zip-windrunner-hoodie-men-obsidian-white-v0949100,,,,,,,,,,,,,,,,,,,,,,,,,,,,,,,https://assets.footlocker.com/is/image/FLDM/V0949100_05?wid=1600&hei=1600&fmt=png-alpha,4,Nike Tech Fleece Full-Zip Windrunner Hoodie Men's - Obsidian/White - view 4,,,,,,,,
Nike Tech Fleece Full-Zip Windrunner Hoodie Men's - Olive/Black,nike-tech-fleece-full-zip-windrunner-hoodie-men-olive-black-v0949368,"<p>Make the best of your windy adventures with the Nike Tech Fleece Full-Zip Windrunner Hoodie. Made with durable, breathable, and lightweight fabric, this hoodie keeps you comfortable and ready to tackle the gusts of the great outdoors. The dropped shoulders offer a relaxed look and feel, while the elastic hem keeps the chilly winds out. Be prepared for the unexpected with the Nike Tech Fleece Full-Zip Windrunner Hoodie.</p> <ul> <li>Side seam pockets enable convenient storage.</li> <li>Machine wash.</li> <li>53% cotton/47% polyester. Imported. </li> </ul>",Nike,Apparel & Accessories > Clothing,Hoodies & Sweatshirts,"footlocker-clean-batch-2026-09, footlocker-source, new-arrivals, nike, style:V0949368, men, clothing",TRUE,Active,V0949368-S,198488889160,Color,Olive/Black,,Size,S,,,,,140.00,,,TRUE,,shopify,8,DENY,250,g,TRUE,manual,https://assets.footlocker.com/is/image/FLDM/V0949368_01?wid=1600&hei=1600&fmt=png-alpha,1,Nike Tech Fleece Full-Zip Windrunner Hoodie Men's - Olive/Black - primary view,https://assets.footlocker.com/is/image/FLDM/V0949368_01?wid=1600&hei=1600&fmt=png-alpha,FALSE,Nike Tech Fleece Full-Zip Windrunner Hoodie Men's - Olive/Black,Shop Nike Tech Fleece Full-Zip Windrunner Hoodie Men's - Olive/Black at Sneaker Head.,Olive Green,Men's,V0949368,https://www.footlocker.com/product/nike-tech-fleece-full-zip-windrunner-hoodie-mens/V0949368.html
,nike-tech-fleece-full-zip-windrunner-hoodie-men-olive-black-v0949368,,,,,,,,V0949368-M,198488898230,Color,Olive/Black,,Size,M,,,,,140.00,,,TRUE,,shopify,8,DENY,250,g,TRUE,manual,,,,https://assets.footlocker.com/is/image/FLDM/V0949368_01?wid=1600&hei=1600&fmt=png-alpha,FALSE,,,,,,
,nike-tech-fleece-full-zip-windrunner-hoodie-men-olive-black-v0949368,,,,,,,,V0949368-L,198488880266,Color,Olive/Black,,Size,L,,,,,140.00,,,TRUE,,shopify,8,DENY,250,g,TRUE,manual,,,,https://assets.footlocker.com/is/image/FLDM/V0949368_01?wid=1600&hei=1600&fmt=png-alpha,FALSE,,,,,,
,nike-tech-fleece-full-zip-windrunner-hoodie-men-olive-black-v0949368,,,,,,,,V0949368-XL,198488909370,Color,Olive/Black,,Size,XL,,,,,140.00,,,TRUE,,shopify,8,DENY,250,g,TRUE,manual,,,,https://assets.footlocker.com/is/image/FLDM/V0949368_01?wid=1600&hei=1600&fmt=png-alpha,FALSE,,,,,,
,nike-tech-fleece-full-zip-windrunner-hoodie-men-olive-black-v0949368,,,,,,,,V0949368-XXL,198488893075,Color,Olive/Black,,Size,XXL,,,,,140.00,,,TRUE,,shopify,8,DENY,250,g,TRUE,manual,,,,https://assets.footlocker.com/is/image/FLDM/V0949368_01?wid=1600&hei=1600&fmt=png-alpha,FALSE,,,,,,
,nike-tech-fleece-full-zip-windrunner-hoodie-men-olive-black-v0949368,,,,,,,,V0949368-3,198488946405,Color,Olive/Black,,Size,3,,,,,140.00,,,TRUE,,shopify,8,DENY,250,g,TRUE,manual,,,,https://assets.footlocker.com/is/image/FLDM/V0949368_01?wid=1600&hei=1600&fmt=png-alpha,FALSE,,,,,,
,nike-tech-fleece-full-zip-windrunner-hoodie-men-olive-black-v0949368,,,,,,,,,,,,,,,,,,,,,,,,,,,,,,,https://assets.footlocker.com/is/image/FLDM/V0949368_03?wid=1600&hei=1600&fmt=png-alpha,2,Nike Tech Fleece Full-Zip Windrunner Hoodie Men's - Olive/Black - view 2,,,,,,,,
,nike-tech-fleece-full-zip-windrunner-hoodie-men-olive-black-v0949368,,,,,,,,,,,,,,,,,,,,,,,,,,,,,,,https://assets.footlocker.com/is/image/FLDM/V0949368_04?wid=1600&hei=1600&fmt=png-alpha,3,Nike Tech Fleece Full-Zip Windrunner Hoodie Men's - Olive/Black - view 3,,,,,,,,
Nike Tech Fleece Full-Zip Windrunner Hoodie Men's - Pencil Point/Medium Ash/College Grey,nike-tech-fleece-full-zip-windrunner-hoodie-men-pencil-point-medium-ash-college-grey-v0949018,"<p>Make the best of your windy adventures with the Nike Tech Fleece Full-Zip Windrunner Hoodie. Made with durable, breathable, and lightweight fabric, this hoodie keeps you comfortable and ready to tackle the gusts of the great outdoors. The dropped shoulders offer a relaxed look and feel, while the elastic hem keeps the chilly winds out. Be prepared for the unexpected with the Nike Tech Fleece Full-Zip Windrunner Hoodie.</p> <ul> <li>Side seam pockets enable convenient storage.</li> <li>Machine wash.</li> <li>53% cotton/47% polyester. Imported. </li> </ul>",Nike,Apparel & Accessories > Clothing,Hoodies & Sweatshirts,"footlocker-clean-batch-2026-09, footlocker-source, new-arrivals, nike, style:V0949018, men, clothing",TRUE,Active,V0949018-XS,198488974217,Color,Pencil Point/Medium Ash/College Grey,,Size,XS,,,,,140.00,,,TRUE,,shopify,8,DENY,250,g,TRUE,manual,https://assets.footlocker.com/is/image/FLDM/V0949018_01?wid=1600&hei=1600&fmt=png-alpha,1,Nike Tech Fleece Full-Zip Windrunner Hoodie Men's - Pencil Point/Medium Ash/College Grey - primary view,https://assets.footlocker.com/is/image/FLDM/V0949018_01?wid=1600&hei=1600&fmt=png-alpha,FALSE,Nike Tech Fleece Full-Zip Windrunner Hoodie Men's - Pencil Point/Medium Ash/College Grey,Shop Nike Tech Fleece Full-Zip Windrunner Hoodie Men's - Pencil Point/Medium Ash/College Grey at Sneaker Head.,Black,Men's,V0949018,https://www.footlocker.com/product/nike-tech-fleece-full-zip-windrunner-hoodie-mens/V0949018.html
,nike-tech-fleece-full-zip-windrunner-hoodie-men-pencil-point-medium-ash-college-grey-v0949018,,,,,,,,V0949018-S,198488978000,Color,Pencil Point/Medium Ash/College Grey,,Size,S,,,,,140.00,,,TRUE,,shopify,8,DENY,250,g,TRUE,manual,,,,https://assets.footlocker.com/is/image/FLDM/V0949018_01?wid=1600&hei=1600&fmt=png-alpha,FALSE,,,,,,
,nike-tech-fleece-full-zip-windrunner-hoodie-men-pencil-point-medium-ash-college-grey-v0949018,,,,,,,,V0949018-M,198488981918,Color,Pencil Point/Medium Ash/College Grey,,Size,M,,,,,140.00,,,TRUE,,shopify,8,DENY,250,g,TRUE,manual,,,,https://assets.footlocker.com/is/image/FLDM/V0949018_01?wid=1600&hei=1600&fmt=png-alpha,FALSE,,,,,,
,nike-tech-fleece-full-zip-windrunner-hoodie-men-pencil-point-medium-ash-college-grey-v0949018,,,,,,,,V0949018-L,198488976976,Color,Pencil Point/Medium Ash/College Grey,,Size,L,,,,,140.00,,,TRUE,,shopify,8,DENY,250,g,TRUE,manual,,,,https://assets.footlocker.com/is/image/FLDM/V0949018_01?wid=1600&hei=1600&fmt=png-alpha,FALSE,,,,,,
,nike-tech-fleece-full-zip-windrunner-hoodie-men-pencil-point-medium-ash-college-grey-v0949018,,,,,,,,V0949018-XXL,198488975719,Color,Pencil Point/Medium Ash/College Grey,,Size,XXL,,,,,140.00,,,TRUE,,shopify,8,DENY,250,g,TRUE,manual,,,,https://assets.footlocker.com/is/image/FLDM/V0949018_01?wid=1600&hei=1600&fmt=png-alpha,FALSE,,,,,,
,nike-tech-fleece-full-zip-windrunner-hoodie-men-pencil-point-medium-ash-college-grey-v0949018,,,,,,,,,,,,,,,,,,,,,,,,,,,,,,,https://assets.footlocker.com/is/image/FLDM/V0949018_03?wid=1600&hei=1600&fmt=png-alpha,2,Nike Tech Fleece Full-Zip Windrunner Hoodie Men's - Pencil Point/Medium Ash/College Grey - view 2,,,,,,,,
,nike-tech-fleece-full-zip-windrunner-hoodie-men-pencil-point-medium-ash-college-grey-v0949018,,,,,,,,,,,,,,,,,,,,,,,,,,,,,,,https://assets.footlocker.com/is/image/FLDM/V0949018_04?wid=1600&hei=1600&fmt=png-alpha,3,Nike Tech Fleece Full-Zip Windrunner Hoodie Men's - Pencil Point/Medium Ash/College Grey - view 3,,,,,,,,
,nike-tech-fleece-full-zip-windrunner-hoodie-men-pencil-point-medium-ash-college-grey-v0949018,,,,,,,,,,,,,,,,,,,,,,,,,,,,,,,https://assets.footlocker.com/is/image/FLDM/V0949018_05?wid=1600&hei=1600&fmt=png-alpha,4,Nike Tech Fleece Full-Zip Windrunner Hoodie Men's - Pencil Point/Medium Ash/College Grey - view 4,,,,,,,,
,nike-tech-fleece-full-zip-windrunner-hoodie-men-pencil-point-medium-ash-college-grey-v0949018,,,,,,,,,,,,,,,,,,,,,,,,,,,,,,,https://assets.footlocker.com/is/image/FLDM/V0949018_06?wid=1600&hei=1600&fmt=png-alpha,5,Nike Tech Fleece Full-Zip Windrunner Hoodie Men's - Pencil Point/Medium Ash/College Grey - view 5,,,,,,,,
Nike Tech Fleece Full-Zip Windrunner Hoodie Men's - Red/Black,nike-tech-fleece-full-zip-windrunner-hoodie-men-red-black-v0949608,"<p>Make the best of your windy adventures with the Nike Tech Fleece Full-Zip Windrunner Hoodie. Made with durable, breathable, and lightweight fabric, this hoodie keeps you comfortable and ready to tackle the gusts of the great outdoors. The dropped shoulders offer a relaxed look and feel, while the elastic hem keeps the chilly winds out. Be prepared for the unexpected with the Nike Tech Fleece Full-Zip Windrunner Hoodie.</p> <ul> <li>Side seam pockets enable convenient storage.</li> <li>Machine wash.</li> <li>53% cotton/47% polyester. Imported. </li> </ul>",Nike,Apparel & Accessories > Clothing,Hoodies & Sweatshirts,"footlocker-clean-batch-2026-09, footlocker-source, new-arrivals, nike, style:V0949608, men, clothing",TRUE,Active,V0949608-XS,198960991459,Color,Red/Black,,Size,XS,,,,,140.00,,,TRUE,,shopify,8,DENY,250,g,TRUE,manual,https://assets.footlocker.com/is/image/FLDM/V0949608_01?wid=1600&hei=1600&fmt=png-alpha,1,Nike Tech Fleece Full-Zip Windrunner Hoodie Men's - Red/Black - primary view,https://assets.footlocker.com/is/image/FLDM/V0949608_01?wid=1600&hei=1600&fmt=png-alpha,FALSE,Nike Tech Fleece Full-Zip Windrunner Hoodie Men's - Red/Black,Shop Nike Tech Fleece Full-Zip Windrunner Hoodie Men's - Red/Black at Sneaker Head.,Red,Men's,V0949608,https://www.footlocker.com/product/nike-tech-fleece-full-zip-windrunner-hoodie-mens/V0949608.html
,nike-tech-fleece-full-zip-windrunner-hoodie-men-red-black-v0949608,,,,,,,,V0949608-S,198961002314,Color,Red/Black,,Size,S,,,,,140.00,,,TRUE,,shopify,8,DENY,250,g,TRUE,manual,,,,https://assets.footlocker.com/is/image/FLDM/V0949608_01?wid=1600&hei=1600&fmt=png-alpha,FALSE,,,,,,
,nike-tech-fleece-full-zip-windrunner-hoodie-men-red-black-v0949608,,,,,,,,V0949608-M,198960992630,Color,Red/Black,,Size,M,,,,,140.00,,,TRUE,,shopify,8,DENY,250,g,TRUE,manual,,,,https://assets.footlocker.com/is/image/FLDM/V0949608_01?wid=1600&hei=1600&fmt=png-alpha,FALSE,,,,,,
,nike-tech-fleece-full-zip-windrunner-hoodie-men-red-black-v0949608,,,,,,,,V0949608-L,198961011767,Color,Red/Black,,Size,L,,,,,140.00,,,TRUE,,shopify,8,DENY,250,g,TRUE,manual,,,,https://assets.footlocker.com/is/image/FLDM/V0949608_01?wid=1600&hei=1600&fmt=png-alpha,FALSE,,,,,,
,nike-tech-fleece-full-zip-windrunner-hoodie-men-red-black-v0949608,,,,,,,,V0949608-XL,198961020677,Color,Red/Black,,Size,XL,,,,,140.00,,,TRUE,,shopify,8,DENY,250,g,TRUE,manual,,,,https://assets.footlocker.com/is/image/FLDM/V0949608_01?wid=1600&hei=1600&fmt=png-alpha,FALSE,,,,,,
,nike-tech-fleece-full-zip-windrunner-hoodie-men-red-black-v0949608,,,,,,,,V0949608-XXL,198961012740,Color,Red/Black,,Size,XXL,,,,,140.00,,,TRUE,,shopify,8,DENY,250,g,TRUE,manual,,,,https://assets.footlocker.com/is/image/FLDM/V0949608_01?wid=1600&hei=1600&fmt=png-alpha,FALSE,,,,,,
,nike-tech-fleece-full-zip-windrunner-hoodie-men-red-black-v0949608,,,,,,,,V0949608-3,198960991480,Color,Red/Black,,Size,3,,,,,140.00,,,TRUE,,shopify,8,DENY,250,g,TRUE,manual,,,,https://assets.footlocker.com/is/image/FLDM/V0949608_01?wid=1600&hei=1600&fmt=png-alpha,FALSE,,,,,,
,nike-tech-fleece-full-zip-windrunner-hoodie-men-red-black-v0949608,,,,,,,,,,,,,,,,,,,,,,,,,,,,,,,https://assets.footlocker.com/is/image/FLDM/V0949608_03?wid=1600&hei=1600&fmt=png-alpha,2,Nike Tech Fleece Full-Zip Windrunner Hoodie Men's - Red/Black - view 2,,,,,,,,
,nike-tech-fleece-full-zip-windrunner-hoodie-men-red-black-v0949608,,,,,,,,,,,,,,,,,,,,,,,,,,,,,,,https://assets.footlocker.com/is/image/FLDM/V0949608_04?wid=1600&hei=1600&fmt=png-alpha,3,Nike Tech Fleece Full-Zip Windrunner Hoodie Men's - Red/Black - view 3,,,,,,,,
Nike Tech Fleece Full-Zip Windrunner Hoodie Men's - Red/Black,nike-tech-fleece-full-zip-windrunner-hoodie-men-red-black-v0949687,"<p>Make the best of your windy adventures with the Nike Tech Fleece Full-Zip Windrunner Hoodie. Made with durable, breathable, and lightweight fabric, this hoodie keeps you comfortable and ready to tackle the gusts of the great outdoors. The dropped shoulders offer a relaxed look and feel, while the elastic hem keeps the chilly winds out. Be prepared for the unexpected with the Nike Tech Fleece Full-Zip Windrunner Hoodie.</p> <ul> <li>Side seam pockets enable convenient storage.</li> <li>Machine wash.</li> <li>53% cotton/47% polyester. Imported. </li> </ul>",Nike,Apparel & Accessories > Clothing,Hoodies & Sweatshirts,"footlocker-clean-batch-2026-09, footlocker-source, new-arrivals, nike, style:V0949687, men, clothing",TRUE,Active,V0949687-XS,197602925418,Color,Red/Black,,Size,XS,,,,,140.00,,,TRUE,,shopify,8,DENY,250,g,TRUE,manual,https://assets.footlocker.com/is/image/FLDM/V0949687_01?wid=1600&hei=1600&fmt=png-alpha,1,Nike Tech Fleece Full-Zip Windrunner Hoodie Men's - Red/Black - primary view,https://assets.footlocker.com/is/image/FLDM/V0949687_01?wid=1600&hei=1600&fmt=png-alpha,FALSE,Nike Tech Fleece Full-Zip Windrunner Hoodie Men's - Red/Black,Shop Nike Tech Fleece Full-Zip Windrunner Hoodie Men's - Red/Black at Sneaker Head.,Red,Men's,V0949687,https://www.footlocker.com/product/nike-tech-fleece-full-zip-windrunner-hoodie-mens/V0949687.html
,nike-tech-fleece-full-zip-windrunner-hoodie-men-red-black-v0949687,,,,,,,,V0949687-S,197602924213,Color,Red/Black,,Size,S,,,,,140.00,,,TRUE,,shopify,8,DENY,250,g,TRUE,manual,,,,https://assets.footlocker.com/is/image/FLDM/V0949687_01?wid=1600&hei=1600&fmt=png-alpha,FALSE,,,,,,
,nike-tech-fleece-full-zip-windrunner-hoodie-men-red-black-v0949687,,,,,,,,V0949687-M,197602904635,Color,Red/Black,,Size,M,,,,,140.00,,,TRUE,,shopify,8,DENY,250,g,TRUE,manual,,,,https://assets.footlocker.com/is/image/FLDM/V0949687_01?wid=1600&hei=1600&fmt=png-alpha,FALSE,,,,,,
,nike-tech-fleece-full-zip-windrunner-hoodie-men-red-black-v0949687,,,,,,,,V0949687-L,197602906790,Color,Red/Black,,Size,L,,,,,140.00,,,TRUE,,shopify,8,DENY,250,g,TRUE,manual,,,,https://assets.footlocker.com/is/image/FLDM/V0949687_01?wid=1600&hei=1600&fmt=png-alpha,FALSE,,,,,,
,nike-tech-fleece-full-zip-windrunner-hoodie-men-red-black-v0949687,,,,,,,,V0949687-XL,197602882865,Color,Red/Black,,Size,XL,,,,,140.00,,,TRUE,,shopify,8,DENY,250,g,TRUE,manual,,,,https://assets.footlocker.com/is/image/FLDM/V0949687_01?wid=1600&hei=1600&fmt=png-alpha,FALSE,,,,,,
,nike-tech-fleece-full-zip-windrunner-hoodie-men-red-black-v0949687,,,,,,,,V0949687-XXL,197602920406,Color,Red/Black,,Size,XXL,,,,,140.00,,,TRUE,,shopify,8,DENY,250,g,TRUE,manual,,,,https://assets.footlocker.com/is/image/FLDM/V0949687_01?wid=1600&hei=1600&fmt=png-alpha,FALSE,,,,,,
,nike-tech-fleece-full-zip-windrunner-hoodie-men-red-black-v0949687,,,,,,,,V0949687-3,197602913729,Color,Red/Black,,Size,3,,,,,140.00,,,TRUE,,shopify,8,DENY,250,g,TRUE,manual,,,,https://assets.footlocker.com/is/image/FLDM/V0949687_01?wid=1600&hei=1600&fmt=png-alpha,FALSE,,,,,,
,nike-tech-fleece-full-zip-windrunner-hoodie-men-red-black-v0949687,,,,,,,,,,,,,,,,,,,,,,,,,,,,,,,https://assets.footlocker.com/is/image/FLDM/V0949687_03?wid=1600&hei=1600&fmt=png-alpha,2,Nike Tech Fleece Full-Zip Windrunner Hoodie Men's - Red/Black - view 2,,,,,,,,
,nike-tech-fleece-full-zip-windrunner-hoodie-men-red-black-v0949687,,,,,,,,,,,,,,,,,,,,,,,,,,,,,,,https://assets.footlocker.com/is/image/FLDM/V0949687_04?wid=1600&hei=1600&fmt=png-alpha,3,Nike Tech Fleece Full-Zip Windrunner Hoodie Men's - Red/Black - view 3,,,,,,,,
Nike Tech Fleece Full-Zip Windrunner Hoodie Men's - Work Blue/Cool Grey/Black,nike-tech-fleece-full-zip-windrunner-hoodie-men-work-blue-cool-grey-black-v0949486,"<p>Make the best of your windy adventures with the Nike Tech Fleece Full-Zip Windrunner Hoodie. Made with durable, breathable, and lightweight fabric, this hoodie keeps you comfortable and ready to tackle the gusts of the great outdoors. The dropped shoulders offer a relaxed look and feel, while the elastic hem keeps the chilly winds out. Be prepared for the unexpected with the Nike Tech Fleece Full-Zip Windrunner Hoodie.</p> <ul> <li>Side seam pockets enable convenient storage.</li> <li>Machine wash.</li> <li>53% cotton/47% polyester. Imported. </li> </ul>",Nike,Apparel & Accessories > Clothing,Hoodies & Sweatshirts,"footlocker-clean-batch-2026-09, footlocker-source, new-arrivals, nike, style:V0949486, men, clothing",TRUE,Active,V0949486-S,198488932712,Color,Work Blue/Cool Grey/Black,,Size,S,,,,,140.00,,,TRUE,,shopify,8,DENY,250,g,TRUE,manual,https://assets.footlocker.com/is/image/FLDM/V0949486_01?wid=1600&hei=1600&fmt=png-alpha,1,Nike Tech Fleece Full-Zip Windrunner Hoodie Men's - Work Blue/Cool Grey/Black - primary view,https://assets.footlocker.com/is/image/FLDM/V0949486_01?wid=1600&hei=1600&fmt=png-alpha,FALSE,Nike Tech Fleece Full-Zip Windrunner Hoodie Men's - Work Blue/Cool Grey/Black,Shop Nike Tech Fleece Full-Zip Windrunner Hoodie Men's - Work Blue/Cool Grey/Black at Sneaker Head.,Blue,Men's,V0949486,https://www.footlocker.com/product/nike-tech-fleece-full-zip-windrunner-hoodie-mens/V0949486.html
,nike-tech-fleece-full-zip-windrunner-hoodie-men-work-blue-cool-grey-black-v0949486,,,,,,,,V0949486-M,198488943299,Color,Work Blue/Cool Grey/Black,,Size,M,,,,,140.00,,,TRUE,,shopify,8,DENY,250,g,TRUE,manual,,,,https://assets.footlocker.com/is/image/FLDM/V0949486_01?wid=1600&hei=1600&fmt=png-alpha,FALSE,,,,,,
,nike-tech-fleece-full-zip-windrunner-hoodie-men-work-blue-cool-grey-black-v0949486,,,,,,,,V0949486-L,198488914350,Color,Work Blue/Cool Grey/Black,,Size,L,,,,,140.00,,,TRUE,,shopify,8,DENY,250,g,TRUE,manual,,,,https://assets.footlocker.com/is/image/FLDM/V0949486_01?wid=1600&hei=1600&fmt=png-alpha,FALSE,,,,,,
,nike-tech-fleece-full-zip-windrunner-hoodie-men-work-blue-cool-grey-black-v0949486,,,,,,,,V0949486-XL,198488901503,Color,Work Blue/Cool Grey/Black,,Size,XL,,,,,140.00,,,TRUE,,shopify,8,DENY,250,g,TRUE,manual,,,,https://assets.footlocker.com/is/image/FLDM/V0949486_01?wid=1600&hei=1600&fmt=png-alpha,FALSE,,,,,,
,nike-tech-fleece-full-zip-windrunner-hoodie-men-work-blue-cool-grey-black-v0949486,,,,,,,,V0949486-XXL,198488899749,Color,Work Blue/Cool Grey/Black,,Size,XXL,,,,,140.00,,,TRUE,,shopify,8,DENY,250,g,TRUE,manual,,,,https://assets.footlocker.com/is/image/FLDM/V0949486_01?wid=1600&hei=1600&fmt=png-alpha,FALSE,,,,,,
,nike-tech-fleece-full-zip-windrunner-hoodie-men-work-blue-cool-grey-black-v0949486,,,,,,,,,,,,,,,,,,,,,,,,,,,,,,,https://assets.footlocker.com/is/image/FLDM/V0949486_03?wid=1600&hei=1600&fmt=png-alpha,2,Nike Tech Fleece Full-Zip Windrunner Hoodie Men's - Work Blue/Cool Grey/Black - view 2,,,,,,,,
,nike-tech-fleece-full-zip-windrunner-hoodie-men-work-blue-cool-grey-black-v0949486,,,,,,,,,,,,,,,,,,,,,,,,,,,,,,,https://assets.footlocker.com/is/image/FLDM/V0949486_04?wid=1600&hei=1600&fmt=png-alpha,3,Nike Tech Fleece Full-Zip Windrunner Hoodie Men's - Work Blue/Cool Grey/Black - view 3,,,,,,,,
,nike-tech-fleece-full-zip-windrunner-hoodie-men-work-blue-cool-grey-black-v0949486,,,,,,,,,,,,,,,,,,,,,,,,,,,,,,,https://assets.footlocker.com/is/image/FLDM/V0949486_05?wid=1600&hei=1600&fmt=png-alpha,4,Nike Tech Fleece Full-Zip Windrunner Hoodie Men's - Work Blue/Cool Grey/Black - view 4,,,,,,,,
,nike-tech-fleece-full-zip-windrunner-hoodie-men-work-blue-cool-grey-black-v0949486,,,,,,,,,,,,,,,,,,,,,,,,,,,,,,,https://assets.footlocker.com/is/image/FLDM/V0949486_06?wid=1600&hei=1600&fmt=png-alpha,5,Nike Tech Fleece Full-Zip Windrunner Hoodie Men's - Work Blue/Cool Grey/Black - view 5,,,,,,,,
Nike Varsity Elite Backpack Adult - Black/University Red/Metallic Gold,nike-varsity-elite-backpack-adult-black-university-red-metallic-gold-u3779657,"<p>Built to support you on your fitness journey, the Nike Varsity Elite Backpack can hold anything from your water bottle to recovery tools and sneakers. The top zippered plush lined pocket of this backpack keeps your tech and essentials secure, while the ventilated bottom zippered pocket ensures your wet clothes or shoes stay separated from the rest of your belongings. The Air Max shoulder straps let you carry this backpack around in absolute comfort. Stash your training gear in style with the Nike Varsity Elite Backpack.</p> <ul> <li>Expandable gusseted side pocket provides easy access to drinks.</li> <li>Spot clean.</li> <li>Dimensions: 12"" W x 19"" H x 9"" D.</li> <li>100% polyester. </li> </ul>",Nike,"Apparel & Accessories > Handbags, Wallets & Cases > Backpacks",Backpacks,"footlocker-clean-batch-2026-09, footlocker-source, new-arrivals, nike, style:U3779657, accessories, bags-packs",TRUE,Active,U3779657-One Size,198961929246,Color,Black/University Red/Metallic Gold,,Size,One Size,,,,,95.00,,,TRUE,,shopify,8,DENY,700,g,TRUE,manual,https://assets.footlocker.com/is/image/FLDM/U3779657_01?wid=1600&hei=1600&fmt=png-alpha,1,Nike Varsity Elite Backpack Adult - Black/University Red/Metallic Gold - primary view,https://assets.footlocker.com/is/image/FLDM/U3779657_01?wid=1600&hei=1600&fmt=png-alpha,FALSE,Nike Varsity Elite Backpack Adult - Black/University Red/Metallic Gold,Shop Nike Varsity Elite Backpack Adult - Black/University Red/Metallic Gold at Sneaker Head.,Red,Unisex,U3779657,https://www.footlocker.com/product/nike-varsity-elite-backpack-adult/U3779657.html
,nike-varsity-elite-backpack-adult-black-university-red-metallic-gold-u3779657,,,,,,,,,,,,,,,,,,,,,,,,,,,,,,,https://assets.footlocker.com/is/image/FLDM/U3779657_03?wid=1600&hei=1600&fmt=png-alpha,2,Nike Varsity Elite Backpack Adult - Black/University Red/Metallic Gold - view 2,,,,,,,,
,nike-varsity-elite-backpack-adult-black-university-red-metallic-gold-u3779657,,,,,,,,,,,,,,,,,,,,,,,,,,,,,,,https://assets.footlocker.com/is/image/FLDM/U3779657_04?wid=1600&hei=1600&fmt=png-alpha,3,Nike Varsity Elite Backpack Adult - Black/University Red/Metallic Gold - view 3,,,,,,,,
,nike-varsity-elite-backpack-adult-black-university-red-metallic-gold-u3779657,,,,,,,,,,,,,,,,,,,,,,,,,,,,,,,https://assets.footlocker.com/is/image/FLDM/U3779657_05?wid=1600&hei=1600&fmt=png-alpha,4,Nike Varsity Elite Backpack Adult - Black/University Red/Metallic Gold - view 4,,,,,,,,
,nike-varsity-elite-backpack-adult-black-university-red-metallic-gold-u3779657,,,,,,,,,,,,,,,,,,,,,,,,,,,,,,,https://assets.footlocker.com/is/image/FLDM/U3779657_06?wid=1600&hei=1600&fmt=png-alpha,5,Nike Varsity Elite Backpack Adult - Black/University Red/Metallic Gold - view 5,,,,,,,,
Nike Varsity Elite Backpack Adult - Metallic Silver/Black,nike-varsity-elite-backpack-adult-metallic-silver-black-m9965010,"<p>Built to support you on your fitness journey, the Nike Varsity Elite Backpack can hold anything from your water bottle to recovery tools and sneakers. The top zippered plush lined pocket of this backpack keeps your tech and essentials secure, while the ventilated bottom zippered pocket ensures your wet clothes or shoes stay separated from the rest of your belongings. The Air Max shoulder straps let you carry this backpack around in absolute comfort. Stash your training gear in style with the Nike Varsity Elite Backpack.</p> <ul> <li>Expandable gusseted side pocket provides easy access to drinks.</li> <li>Spot clean.</li> <li>Dimensions: 12"" W x 19"" H x 9"" D.</li> <li>100% polyester. </li> </ul>",Nike,"Apparel & Accessories > Handbags, Wallets & Cases > Backpacks",Backpacks,"footlocker-clean-batch-2026-09, footlocker-source, new-arrivals, nike, style:M9965010, accessories, bags-packs",TRUE,Active,M9965010-One Size,198480965312,Color,Metallic Silver/Black,,Size,One Size,,,,,95.00,,,TRUE,,shopify,8,DENY,700,g,TRUE,manual,https://assets.footlocker.com/is/image/FLDM/M9965010_01?wid=1600&hei=1600&fmt=png-alpha,1,Nike Varsity Elite Backpack Adult - Metallic Silver/Black - primary view,https://assets.footlocker.com/is/image/FLDM/M9965010_01?wid=1600&hei=1600&fmt=png-alpha,FALSE,Nike Varsity Elite Backpack Adult - Metallic Silver/Black,Shop Nike Varsity Elite Backpack Adult - Metallic Silver/Black at Sneaker Head.,Black,Unisex,M9965010,https://www.footlocker.com/product/nike-varsity-elite-backpack-adult/M9965010.html
,nike-varsity-elite-backpack-adult-metallic-silver-black-m9965010,,,,,,,,,,,,,,,,,,,,,,,,,,,,,,,https://assets.footlocker.com/is/image/FLDM/M9965010_02?wid=1600&hei=1600&fmt=png-alpha,2,Nike Varsity Elite Backpack Adult - Metallic Silver/Black - view 2,,,,,,,,
,nike-varsity-elite-backpack-adult-metallic-silver-black-m9965010,,,,,,,,,,,,,,,,,,,,,,,,,,,,,,,https://assets.footlocker.com/is/image/FLDM/M9965010_03?wid=1600&hei=1600&fmt=png-alpha,3,Nike Varsity Elite Backpack Adult - Metallic Silver/Black - view 3,,,,,,,,
,nike-varsity-elite-backpack-adult-metallic-silver-black-m9965010,,,,,,,,,,,,,,,,,,,,,,,,,,,,,,,https://assets.footlocker.com/is/image/FLDM/M9965010_04?wid=1600&hei=1600&fmt=png-alpha,4,Nike Varsity Elite Backpack Adult - Metallic Silver/Black - view 4,,,,,,,,
,nike-varsity-elite-backpack-adult-metallic-silver-black-m9965010,,,,,,,,,,,,,,,,,,,,,,,,,,,,,,,https://assets.footlocker.com/is/image/FLDM/M9965010_05?wid=1600&hei=1600&fmt=png-alpha,5,Nike Varsity Elite Backpack Adult - Metallic Silver/Black - view 5,,,,,,,,
Nike Varsity Elite Backpack Adult - Safety Orange/Black/Wolf Grey,nike-varsity-elite-backpack-adult-safety-orange-black-wolf-grey-m9965819,"<p>Built to support you on your fitness journey, the Nike Varsity Elite Backpack can hold anything from your water bottle to recovery tools and sneakers. The top zippered plush lined pocket of this backpack keeps your tech and essentials secure, while the ventilated bottom zippered pocket ensures your wet clothes or shoes stay separated from the rest of your belongings. The Air Max shoulder straps let you carry this backpack around in absolute comfort. Stash your training gear in style with the Nike Varsity Elite Backpack.</p> <ul> <li>Expandable gusseted side pocket provides easy access to drinks.</li> <li>Spot clean.</li> <li>Dimensions: 12"" W x 19"" H x 9"" D.</li> <li>100% polyester. </li> </ul>",Nike,"Apparel & Accessories > Handbags, Wallets & Cases > Backpacks",Backpacks,"footlocker-clean-batch-2026-09, footlocker-source, new-arrivals, nike, style:M9965819, accessories, bags-packs",TRUE,Active,M9965819-One Size,198728888564,Color,Safety Orange/Black/Wolf Grey,,Size,One Size,,,,,95.00,,,TRUE,,shopify,8,DENY,700,g,TRUE,manual,https://assets.footlocker.com/is/image/FLDM/M9965819_01?wid=1600&hei=1600&fmt=png-alpha,1,Nike Varsity Elite Backpack Adult - Safety Orange/Black/Wolf Grey - primary view,https://assets.footlocker.com/is/image/FLDM/M9965819_01?wid=1600&hei=1600&fmt=png-alpha,FALSE,Nike Varsity Elite Backpack Adult - Safety Orange/Black/Wolf Grey,Shop Nike Varsity Elite Backpack Adult - Safety Orange/Black/Wolf Grey at Sneaker Head.,Orange,Unisex,M9965819,https://www.footlocker.com/product/nike-varsity-elite-backpack-adult/M9965819.html
,nike-varsity-elite-backpack-adult-safety-orange-black-wolf-grey-m9965819,,,,,,,,,,,,,,,,,,,,,,,,,,,,,,,https://assets.footlocker.com/is/image/FLDM/M9965819_03?wid=1600&hei=1600&fmt=png-alpha,2,Nike Varsity Elite Backpack Adult - Safety Orange/Black/Wolf Grey - view 2,,,,,,,,
,nike-varsity-elite-backpack-adult-safety-orange-black-wolf-grey-m9965819,,,,,,,,,,,,,,,,,,,,,,,,,,,,,,,https://assets.footlocker.com/is/image/FLDM/M9965819_04?wid=1600&hei=1600&fmt=png-alpha,3,Nike Varsity Elite Backpack Adult - Safety Orange/Black/Wolf Grey - view 3,,,,,,,,
,nike-varsity-elite-backpack-adult-safety-orange-black-wolf-grey-m9965819,,,,,,,,,,,,,,,,,,,,,,,,,,,,,,,https://assets.footlocker.com/is/image/FLDM/M9965819_05?wid=1600&hei=1600&fmt=png-alpha,4,Nike Varsity Elite Backpack Adult - Safety Orange/Black/Wolf Grey - view 4,,,,,,,,
,nike-varsity-elite-backpack-adult-safety-orange-black-wolf-grey-m9965819,,,,,,,,,,,,,,,,,,,,,,,,,,,,,,,https://assets.footlocker.com/is/image/FLDM/M9965819_06?wid=1600&hei=1600&fmt=png-alpha,5,Nike Varsity Elite Backpack Adult - Safety Orange/Black/Wolf Grey - view 5,,,,,,,,
Nike Varsity Elite Backpack Adult - White/Red/Navy,nike-varsity-elite-backpack-adult-white-red-navy-u3779410,"<p>Built to support you on your fitness journey, the Nike Varsity Elite Backpack can hold anything from your water bottle to recovery tools and sneakers. The top zippered plush lined pocket of this backpack keeps your tech and essentials secure, while the ventilated bottom zippered pocket ensures your wet clothes or shoes stay separated from the rest of your belongings. The Air Max shoulder straps let you carry this backpack around in absolute comfort. Stash your training gear in style with the Nike Varsity Elite Backpack.</p> <ul> <li>Expandable gusseted side pocket provides easy access to drinks.</li> <li>Spot clean.</li> <li>Dimensions: 12"" W x 19"" H x 9"" D.</li> <li>100% polyester. </li> </ul>",Nike,"Apparel & Accessories > Handbags, Wallets & Cases > Backpacks",Backpacks,"footlocker-clean-batch-2026-09, footlocker-source, new-arrivals, nike, style:U3779410, accessories, bags-packs",TRUE,Active,U3779410-One Size,198958350183,Color,White/Red/Navy,,Size,One Size,,,,,95.00,,,TRUE,,shopify,8,DENY,700,g,TRUE,manual,https://assets.footlocker.com/is/image/FLDM/U3779410_01?wid=1600&hei=1600&fmt=png-alpha,1,Nike Varsity Elite Backpack Adult - White/Red/Navy - primary view,https://assets.footlocker.com/is/image/FLDM/U3779410_01?wid=1600&hei=1600&fmt=png-alpha,FALSE,Nike Varsity Elite Backpack Adult - White/Red/Navy,Shop Nike Varsity Elite Backpack Adult - White/Red/Navy at Sneaker Head.,Navy,Unisex,U3779410,https://www.footlocker.com/product/nike-varsity-elite-backpack-adult/U3779410.html
,nike-varsity-elite-backpack-adult-white-red-navy-u3779410,,,,,,,,,,,,,,,,,,,,,,,,,,,,,,,https://assets.footlocker.com/is/image/FLDM/U3779410_03?wid=1600&hei=1600&fmt=png-alpha,2,Nike Varsity Elite Backpack Adult - White/Red/Navy - view 2,,,,,,,,
,nike-varsity-elite-backpack-adult-white-red-navy-u3779410,,,,,,,,,,,,,,,,,,,,,,,,,,,,,,,https://assets.footlocker.com/is/image/FLDM/U3779410_04?wid=1600&hei=1600&fmt=png-alpha,3,Nike Varsity Elite Backpack Adult - White/Red/Navy - view 3,,,,,,,,
,nike-varsity-elite-backpack-adult-white-red-navy-u3779410,,,,,,,,,,,,,,,,,,,,,,,,,,,,,,,https://assets.footlocker.com/is/image/FLDM/U3779410_05?wid=1600&hei=1600&fmt=png-alpha,4,Nike Varsity Elite Backpack Adult - White/Red/Navy - view 4,,,,,,,,
,nike-varsity-elite-backpack-adult-white-red-navy-u3779410,,,,,,,,,,,,,,,,,,,,,,,,,,,,,,,https://assets.footlocker.com/is/image/FLDM/U3779410_06?wid=1600&hei=1600&fmt=png-alpha,5,Nike Varsity Elite Backpack Adult - White/Red/Navy - view 5,,,,,,,,
On Cloudmonster Void Men's Running Shoes - Alloy/Black,on-cloudmonster-void-men-alloy-black-30075831,"<p>Stay fresh and on the move with the ON Cloudmonster Void. Designed for everyday wear, this updated take on ON’s iconic silhouette features a lightweight haptic mesh upper that boosts breathability and adds a sleek, modern edge. The same CloudTec sole and Helion superfoam cushioning deliver soft, responsive comfort with every step. Durable TPU eyelet stays and upgraded branded details bring structure and style, while rubber pads on the outsole keep your grip strong wherever you go. Whether you’re heading out or winding down, the ON Cloudmonster Void is built to keep you feeling your best.</p> <ul> <li>TPU eyelet stays offer durability.</li> <li>Weight 10.2 oz.</li> </ul><hr /><p>Long days on your feet call for comfort that feels soft, light, and easy to wear. The On Cloudmonster Void refreshes one of the brand's standout silhouettes with a breathable haptic mesh upper, plush underfoot cushioning, and upgraded details that bring a clean, modern finish to your everyday rotation.</p><ul><li>Lightweight haptic mesh upper for breathable comfort</li><li>CloudTec sole helps deliver a soft, smooth ride</li><li>Helion superfoam cushioning adds responsive comfort</li><li>TPU eyelet stays provide added durability and structure</li><li>Rubber pads on the outsole help maintain grip</li><li>Weight: 10.2 oz.</li></ul>  <p><strong>Cushioning &amp; Road Feel</strong></p><p>Built around On's CloudTec sole and Helion superfoam, this silhouette leans into a cushioned feel without losing its sense of response. The result is a smooth, comfort-first ride that works well for everyday movement, from quick outings to all-day wear.</p>",On Running,Apparel & Accessories > Shoes,Running Shoes,"footlocker-clean-batch-2026-09, footlocker-source, new-arrivals, on-running, style:30075831, men, Running, running",TRUE,Active,30075831-7-5,7615537600130,Color,Alloy/Black,,Size,7.5,,,,,170.00,,,TRUE,,shopify,8,DENY,300,g,TRUE,manual,https://assets.footlocker.com/is/image/FLDM/30075831_01?wid=1600&hei=1600&fmt=png-alpha,1,On Cloudmonster Void Men's Running Shoes - Alloy/Black - primary view,https://assets.footlocker.com/is/image/FLDM/30075831_01?wid=1600&hei=1600&fmt=png-alpha,FALSE,On Cloudmonster Void Men's Running Shoes - Alloy/Black,Shop On Cloudmonster Void Men's Running Shoes - Alloy/Black at Sneaker Head.,Black,Men's,30075831,https://www.footlocker.com/product/on-cloudmonster-void-mens/30075831.html
,on-cloudmonster-void-men-alloy-black-30075831,,,,,,,,30075831-8,7615537600147,Color,Alloy/Black,,Size,8,,,,,170.00,,,TRUE,,shopify,8,DENY,300,g,TRUE,manual,,,,https://assets.footlocker.com/is/image/FLDM/30075831_01?wid=1600&hei=1600&fmt=png-alpha,FALSE,,,,,,
,on-cloudmonster-void-men-alloy-black-30075831,,,,,,,,30075831-8-5,7615537600154,Color,Alloy/Black,,Size,8.5,,,,,170.00,,,TRUE,,shopify,8,DENY,300,g,TRUE,manual,,,,https://assets.footlocker.com/is/image/FLDM/30075831_01?wid=1600&hei=1600&fmt=png-alpha,FALSE,,,,,,
,on-cloudmonster-void-men-alloy-black-30075831,,,,,,,,30075831-9,7615537600161,Color,Alloy/Black,,Size,9,,,,,170.00,,,TRUE,,shopify,8,DENY,300,g,TRUE,manual,,,,https://assets.footlocker.com/is/image/FLDM/30075831_01?wid=1600&hei=1600&fmt=png-alpha,FALSE,,,,,,
,on-cloudmonster-void-men-alloy-black-30075831,,,,,,,,30075831-9-5,7615537600178,Color,Alloy/Black,,Size,9.5,,,,,170.00,,,TRUE,,shopify,8,DENY,300,g,TRUE,manual,,,,https://assets.footlocker.com/is/image/FLDM/30075831_01?wid=1600&hei=1600&fmt=png-alpha,FALSE,,,,,,
,on-cloudmonster-void-men-alloy-black-30075831,,,,,,,,30075831-10,7615537600185,Color,Alloy/Black,,Size,10,,,,,170.00,,,TRUE,,shopify,8,DENY,300,g,TRUE,manual,,,,https://assets.footlocker.com/is/image/FLDM/30075831_01?wid=1600&hei=1600&fmt=png-alpha,FALSE,,,,,,
,on-cloudmonster-void-men-alloy-black-30075831,,,,,,,,30075831-10-5,7615537600192,Color,Alloy/Black,,Size,10.5,,,,,170.00,,,TRUE,,shopify,8,DENY,300,g,TRUE,manual,,,,https://assets.footlocker.com/is/image/FLDM/30075831_01?wid=1600&hei=1600&fmt=png-alpha,FALSE,,,,,,
,on-cloudmonster-void-men-alloy-black-30075831,,,,,,,,30075831-11,7615537600208,Color,Alloy/Black,,Size,11,,,,,170.00,,,TRUE,,shopify,8,DENY,300,g,TRUE,manual,,,,https://assets.footlocker.com/is/image/FLDM/30075831_01?wid=1600&hei=1600&fmt=png-alpha,FALSE,,,,,,
,on-cloudmonster-void-men-alloy-black-30075831,,,,,,,,30075831-11-5,7615537600222,Color,Alloy/Black,,Size,11.5,,,,,170.00,,,TRUE,,shopify,8,DENY,300,g,TRUE,manual,,,,https://assets.footlocker.com/is/image/FLDM/30075831_01?wid=1600&hei=1600&fmt=png-alpha,FALSE,,,,,,
,on-cloudmonster-void-men-alloy-black-30075831,,,,,,,,30075831-12,7615537600239,Color,Alloy/Black,,Size,12,,,,,170.00,,,TRUE,,shopify,8,DENY,300,g,TRUE,manual,,,,https://assets.footlocker.com/is/image/FLDM/30075831_01?wid=1600&hei=1600&fmt=png-alpha,FALSE,,,,,,
,on-cloudmonster-void-men-alloy-black-30075831,,,,,,,,30075831-13,7615537600253,Color,Alloy/Black,,Size,13,,,,,170.00,,,TRUE,,shopify,8,DENY,300,g,TRUE,manual,,,,https://assets.footlocker.com/is/image/FLDM/30075831_01?wid=1600&hei=1600&fmt=png-alpha,FALSE,,,,,,
,on-cloudmonster-void-men-alloy-black-30075831,,,,,,,,,,,,,,,,,,,,,,,,,,,,,,,https://assets.footlocker.com/is/image/FLDM/30075831_03?wid=1600&hei=1600&fmt=png-alpha,2,On Cloudmonster Void Men's Running Shoes - Alloy/Black - view 2,,,,,,,,
,on-cloudmonster-void-men-alloy-black-30075831,,,,,,,,,,,,,,,,,,,,,,,,,,,,,,,https://assets.footlocker.com/is/image/FLDM/30075831_04?wid=1600&hei=1600&fmt=png-alpha,3,On Cloudmonster Void Men's Running Shoes - Alloy/Black - view 3,,,,,,,,
,on-cloudmonster-void-men-alloy-black-30075831,,,,,,,,,,,,,,,,,,,,,,,,,,,,,,,https://assets.footlocker.com/is/image/FLDM/30075831_05?wid=1600&hei=1600&fmt=png-alpha,4,On Cloudmonster Void Men's Running Shoes - Alloy/Black - view 4,,,,,,,,
,on-cloudmonster-void-men-alloy-black-30075831,,,,,,,,,,,,,,,,,,,,,,,,,,,,,,,https://assets.footlocker.com/is/image/FLDM/30075831_06?wid=1600&hei=1600&fmt=png-alpha,5,On Cloudmonster Void Men's Running Shoes - Alloy/Black - view 5,,,,,,,,
On Cloudmonster Void Men's Running Shoes - Black/Black,on-cloudmonster-void-men-black-black-49085831,"<p>Stay fresh and on the move with the ON Cloudmonster Void. Designed for everyday wear, this updated take on ON’s iconic silhouette features a lightweight haptic mesh upper that boosts breathability and adds a sleek, modern edge. The same CloudTec sole and Helion superfoam cushioning deliver soft, responsive comfort with every step. Durable TPU eyelet stays and upgraded branded details bring structure and style, while rubber pads on the outsole keep your grip strong wherever you go. Whether you’re heading out or winding down, the ON Cloudmonster Void is built to keep you feeling your best.</p> <ul> <li>TPU eyelet stays offer durability.</li> <li>Weight 10.2 oz.</li> </ul><hr /><p>Long days on your feet call for comfort that feels soft, light, and easy to wear. The On Cloudmonster Void refreshes one of the brand's standout silhouettes with a breathable haptic mesh upper, plush underfoot cushioning, and upgraded details that bring a clean, modern finish to your everyday rotation.</p><ul><li>Lightweight haptic mesh upper for breathable comfort</li><li>CloudTec sole helps deliver a soft, smooth ride</li><li>Helion superfoam cushioning adds responsive comfort</li><li>TPU eyelet stays provide added durability and structure</li><li>Rubber pads on the outsole help maintain grip</li><li>Weight: 10.2 oz.</li></ul>  <p><strong>Cushioning &amp; Road Feel</strong></p><p>Built around On's CloudTec sole and Helion superfoam, this silhouette leans into a cushioned feel without losing its sense of response. The result is a smooth, comfort-first ride that works well for everyday movement, from quick outings to all-day wear.</p>",On Running,Apparel & Accessories > Shoes,Running Shoes,"footlocker-clean-batch-2026-09, footlocker-source, new-arrivals, on-running, style:49085831, men, Running, running",TRUE,Active,49085831-7-5,7615537600451,Color,Black/Black,,Size,7.5,,,,,170.00,,,TRUE,,shopify,8,DENY,300,g,TRUE,manual,https://assets.footlocker.com/is/image/FLDM/49085831_01?wid=1600&hei=1600&fmt=png-alpha,1,On Cloudmonster Void Men's Running Shoes - Black/Black - primary view,https://assets.footlocker.com/is/image/FLDM/49085831_01?wid=1600&hei=1600&fmt=png-alpha,FALSE,On Cloudmonster Void Men's Running Shoes - Black/Black,Shop On Cloudmonster Void Men's Running Shoes - Black/Black at Sneaker Head.,Black,Men's,49085831,https://www.footlocker.com/product/on-cloudmonster-void-mens/49085831.html
,on-cloudmonster-void-men-black-black-49085831,,,,,,,,49085831-8,7615537600482,Color,Black/Black,,Size,8,,,,,170.00,,,TRUE,,shopify,8,DENY,300,g,TRUE,manual,,,,https://assets.footlocker.com/is/image/FLDM/49085831_01?wid=1600&hei=1600&fmt=png-alpha,FALSE,,,,,,
,on-cloudmonster-void-men-black-black-49085831,,,,,,,,49085831-8-5,7615537600499,Color,Black/Black,,Size,8.5,,,,,170.00,,,TRUE,,shopify,8,DENY,300,g,TRUE,manual,,,,https://assets.footlocker.com/is/image/FLDM/49085831_01?wid=1600&hei=1600&fmt=png-alpha,FALSE,,,,,,
,on-cloudmonster-void-men-black-black-49085831,,,,,,,,49085831-9,7615537600505,Color,Black/Black,,Size,9,,,,,170.00,,,TRUE,,shopify,8,DENY,300,g,TRUE,manual,,,,https://assets.footlocker.com/is/image/FLDM/49085831_01?wid=1600&hei=1600&fmt=png-alpha,FALSE,,,,,,
,on-cloudmonster-void-men-black-black-49085831,,,,,,,,49085831-9-5,7615537600512,Color,Black/Black,,Size,9.5,,,,,170.00,,,TRUE,,shopify,8,DENY,300,g,TRUE,manual,,,,https://assets.footlocker.com/is/image/FLDM/49085831_01?wid=1600&hei=1600&fmt=png-alpha,FALSE,,,,,,
,on-cloudmonster-void-men-black-black-49085831,,,,,,,,49085831-10,7615537600529,Color,Black/Black,,Size,10,,,,,170.00,,,TRUE,,shopify,8,DENY,300,g,TRUE,manual,,,,https://assets.footlocker.com/is/image/FLDM/49085831_01?wid=1600&hei=1600&fmt=png-alpha,FALSE,,,,,,
,on-cloudmonster-void-men-black-black-49085831,,,,,,,,49085831-10-5,7615537600536,Color,Black/Black,,Size,10.5,,,,,170.00,,,TRUE,,shopify,8,DENY,300,g,TRUE,manual,,,,https://assets.footlocker.com/is/image/FLDM/49085831_01?wid=1600&hei=1600&fmt=png-alpha,FALSE,,,,,,
,on-cloudmonster-void-men-black-black-49085831,,,,,,,,49085831-11,7615537600550,Color,Black/Black,,Size,11,,,,,170.00,,,TRUE,,shopify,8,DENY,300,g,TRUE,manual,,,,https://assets.footlocker.com/is/image/FLDM/49085831_01?wid=1600&hei=1600&fmt=png-alpha,FALSE,,,,,,
,on-cloudmonster-void-men-black-black-49085831,,,,,,,,49085831-11-5,7615537600567,Color,Black/Black,,Size,11.5,,,,,170.00,,,TRUE,,shopify,8,DENY,300,g,TRUE,manual,,,,https://assets.footlocker.com/is/image/FLDM/49085831_01?wid=1600&hei=1600&fmt=png-alpha,FALSE,,,,,,
,on-cloudmonster-void-men-black-black-49085831,,,,,,,,49085831-12,7615537600574,Color,Black/Black,,Size,12,,,,,170.00,,,TRUE,,shopify,8,DENY,300,g,TRUE,manual,,,,https://assets.footlocker.com/is/image/FLDM/49085831_01?wid=1600&hei=1600&fmt=png-alpha,FALSE,,,,,,
,on-cloudmonster-void-men-black-black-49085831,,,,,,,,49085831-13,7615537600598,Color,Black/Black,,Size,13,,,,,170.00,,,TRUE,,shopify,8,DENY,300,g,TRUE,manual,,,,https://assets.footlocker.com/is/image/FLDM/49085831_01?wid=1600&hei=1600&fmt=png-alpha,FALSE,,,,,,
,on-cloudmonster-void-men-black-black-49085831,,,,,,,,,,,,,,,,,,,,,,,,,,,,,,,https://assets.footlocker.com/is/image/FLDM/49085831_03?wid=1600&hei=1600&fmt=png-alpha,2,On Cloudmonster Void Men's Running Shoes - Black/Black - view 2,,,,,,,,
,on-cloudmonster-void-men-black-black-49085831,,,,,,,,,,,,,,,,,,,,,,,,,,,,,,,https://assets.footlocker.com/is/image/FLDM/49085831_04?wid=1600&hei=1600&fmt=png-alpha,3,On Cloudmonster Void Men's Running Shoes - Black/Black - view 3,,,,,,,,
,on-cloudmonster-void-men-black-black-49085831,,,,,,,,,,,,,,,,,,,,,,,,,,,,,,,https://assets.footlocker.com/is/image/FLDM/49085831_05?wid=1600&hei=1600&fmt=png-alpha,4,On Cloudmonster Void Men's Running Shoes - Black/Black - view 4,,,,,,,,
,on-cloudmonster-void-men-black-black-49085831,,,,,,,,,,,,,,,,,,,,,,,,,,,,,,,https://assets.footlocker.com/is/image/FLDM/49085831_06?wid=1600&hei=1600&fmt=png-alpha,5,On Cloudmonster Void Men's Running Shoes - Black/Black - view 5,,,,,,,,
On Cloudmonster Void Men's Running Shoes - Fog/Pearl,on-cloudmonster-void-men-fog-pearl-10911344,"<p>Stay fresh and on the move with the ON Cloudmonster Void. Designed for everyday wear, this updated take on ON’s iconic silhouette features a lightweight haptic mesh upper that boosts breathability and adds a sleek, modern edge. The same CloudTec sole and Helion superfoam cushioning deliver soft, responsive comfort with every step. Durable TPU eyelet stays and upgraded branded details bring structure and style, while rubber pads on the outsole keep your grip strong wherever you go. Whether you’re heading out or winding down, the ON Cloudmonster Void is built to keep you feeling your best.</p> <ul> <li>TPU eyelet stays offer durability.</li> <li>Weight 10.2 oz.</li> </ul><hr /><p>Long days on your feet call for comfort that feels soft, light, and easy to wear. The On Cloudmonster Void refreshes one of the brand's standout silhouettes with a breathable haptic mesh upper, plush underfoot cushioning, and upgraded details that bring a clean, modern finish to your everyday rotation.</p><ul><li>Lightweight haptic mesh upper for breathable comfort</li><li>CloudTec sole helps deliver a soft, smooth ride</li><li>Helion superfoam cushioning adds responsive comfort</li><li>TPU eyelet stays provide added durability and structure</li><li>Rubber pads on the outsole help maintain grip</li><li>Weight: 10.2 oz.</li></ul>  <p><strong>Cushioning &amp; Road Feel</strong></p><p>Built around On's CloudTec sole and Helion superfoam, this silhouette leans into a cushioned feel without losing its sense of response. The result is a smooth, comfort-first ride that works well for everyday movement, from quick outings to all-day wear.</p>",On Running,Apparel & Accessories > Shoes,Running Shoes,"footlocker-clean-batch-2026-09, footlocker-source, new-arrivals, on-running, style:10911344, men, Running, running, sale",TRUE,Active,10911344-10-5,7615537600703,Color,Fog/Pearl,,Size,10.5,,,,,119.99,170.00,,TRUE,,shopify,8,DENY,300,g,TRUE,manual,https://assets.footlocker.com/is/image/FLDM/10911344_01?wid=1600&hei=1600&fmt=png-alpha,1,On Cloudmonster Void Men's Running Shoes - Fog/Pearl - primary view,https://assets.footlocker.com/is/image/FLDM/10911344_01?wid=1600&hei=1600&fmt=png-alpha,FALSE,On Cloudmonster Void Men's Running Shoes - Fog/Pearl,Shop On Cloudmonster Void Men's Running Shoes - Fog/Pearl at Sneaker Head.,Brown,Men's,10911344,https://www.footlocker.com/product/on-cloudmonster-void-mens/10911344.html
,on-cloudmonster-void-men-fog-pearl-10911344,,,,,,,,10911344-11,7615537600710,Color,Fog/Pearl,,Size,11,,,,,119.99,170.00,,TRUE,,shopify,8,DENY,300,g,TRUE,manual,,,,https://assets.footlocker.com/is/image/FLDM/10911344_01?wid=1600&hei=1600&fmt=png-alpha,FALSE,,,,,,
,on-cloudmonster-void-men-fog-pearl-10911344,,,,,,,,10911344-11-5,7615537600727,Color,Fog/Pearl,,Size,11.5,,,,,119.99,170.00,,TRUE,,shopify,8,DENY,300,g,TRUE,manual,,,,https://assets.footlocker.com/is/image/FLDM/10911344_01?wid=1600&hei=1600&fmt=png-alpha,FALSE,,,,,,
,on-cloudmonster-void-men-fog-pearl-10911344,,,,,,,,10911344-12,7615537600734,Color,Fog/Pearl,,Size,12,,,,,119.99,170.00,,TRUE,,shopify,8,DENY,300,g,TRUE,manual,,,,https://assets.footlocker.com/is/image/FLDM/10911344_01?wid=1600&hei=1600&fmt=png-alpha,FALSE,,,,,,
,on-cloudmonster-void-men-fog-pearl-10911344,,,,,,,,,,,,,,,,,,,,,,,,,,,,,,,https://assets.footlocker.com/is/image/FLDM/10911344_03?wid=1600&hei=1600&fmt=png-alpha,2,On Cloudmonster Void Men's Running Shoes - Fog/Pearl - view 2,,,,,,,,
,on-cloudmonster-void-men-fog-pearl-10911344,,,,,,,,,,,,,,,,,,,,,,,,,,,,,,,https://assets.footlocker.com/is/image/FLDM/10911344_04?wid=1600&hei=1600&fmt=png-alpha,3,On Cloudmonster Void Men's Running Shoes - Fog/Pearl - view 3,,,,,,,,
,on-cloudmonster-void-men-fog-pearl-10911344,,,,,,,,,,,,,,,,,,,,,,,,,,,,,,,https://assets.footlocker.com/is/image/FLDM/10911344_05?wid=1600&hei=1600&fmt=png-alpha,4,On Cloudmonster Void Men's Running Shoes - Fog/Pearl - view 4,,,,,,,,
,on-cloudmonster-void-men-fog-pearl-10911344,,,,,,,,,,,,,,,,,,,,,,,,,,,,,,,https://assets.footlocker.com/is/image/FLDM/10911344_06?wid=1600&hei=1600&fmt=png-alpha,5,On Cloudmonster Void Men's Running Shoes - Fog/Pearl - view 5,,,,,,,,
On Cloudmonster Void Men's Running Shoes - Iceberg/Tin,on-cloudmonster-void-men-iceberg-tin-10914415,"<p>Stay fresh and on the move with the ON Cloudmonster Void. Designed for everyday wear, this updated take on ON’s iconic silhouette features a lightweight haptic mesh upper that boosts breathability and adds a sleek, modern edge. The same CloudTec sole and Helion superfoam cushioning deliver soft, responsive comfort with every step. Durable TPU eyelet stays and upgraded branded details bring structure and style, while rubber pads on the outsole keep your grip strong wherever you go. Whether you’re heading out or winding down, the ON Cloudmonster Void is built to keep you feeling your best.</p> <ul> <li>TPU eyelet stays offer durability.</li> <li>Weight 10.2 oz.</li> </ul><hr /><p>Long days on your feet call for comfort that feels soft, light, and easy to wear. The On Cloudmonster Void refreshes one of the brand's standout silhouettes with a breathable haptic mesh upper, plush underfoot cushioning, and upgraded details that bring a clean, modern finish to your everyday rotation.</p><ul><li>Lightweight haptic mesh upper for breathable comfort</li><li>CloudTec sole helps deliver a soft, smooth ride</li><li>Helion superfoam cushioning adds responsive comfort</li><li>TPU eyelet stays provide added durability and structure</li><li>Rubber pads on the outsole help maintain grip</li><li>Weight: 10.2 oz.</li></ul>  <p><strong>Cushioning &amp; Road Feel</strong></p><p>Built around On's CloudTec sole and Helion superfoam, this silhouette leans into a cushioned feel without losing its sense of response. The result is a smooth, comfort-first ride that works well for everyday movement, from quick outings to all-day wear.</p>",On Running,Apparel & Accessories > Shoes,Running Shoes,"footlocker-clean-batch-2026-09, footlocker-source, new-arrivals, on-running, style:10914415, men, Running, running, sale",TRUE,Active,10914415-7-5,7615537599670,Color,Iceberg/Tin,,Size,7.5,,,,,129.99,170.00,,TRUE,,shopify,8,DENY,300,g,TRUE,manual,https://assets.footlocker.com/is/image/FLDM/10914415_01?wid=1600&hei=1600&fmt=png-alpha,1,On Cloudmonster Void Men's Running Shoes - Iceberg/Tin - primary view,https://assets.footlocker.com/is/image/FLDM/10914415_01?wid=1600&hei=1600&fmt=png-alpha,FALSE,On Cloudmonster Void Men's Running Shoes - Iceberg/Tin,Shop On Cloudmonster Void Men's Running Shoes - Iceberg/Tin at Sneaker Head.,White,Men's,10914415,https://www.footlocker.com/product/on-cloudmonster-void-mens/10914415.html
,on-cloudmonster-void-men-iceberg-tin-10914415,,,,,,,,10914415-8,7615537599694,Color,Iceberg/Tin,,Size,8,,,,,129.99,170.00,,TRUE,,shopify,8,DENY,300,g,TRUE,manual,,,,https://assets.footlocker.com/is/image/FLDM/10914415_01?wid=1600&hei=1600&fmt=png-alpha,FALSE,,,,,,
,on-cloudmonster-void-men-iceberg-tin-10914415,,,,,,,,10914415-8-5,7615537599700,Color,Iceberg/Tin,,Size,8.5,,,,,129.99,170.00,,TRUE,,shopify,8,DENY,300,g,TRUE,manual,,,,https://assets.footlocker.com/is/image/FLDM/10914415_01?wid=1600&hei=1600&fmt=png-alpha,FALSE,,,,,,
,on-cloudmonster-void-men-iceberg-tin-10914415,,,,,,,,10914415-9,7615537599717,Color,Iceberg/Tin,,Size,9,,,,,129.99,170.00,,TRUE,,shopify,8,DENY,300,g,TRUE,manual,,,,https://assets.footlocker.com/is/image/FLDM/10914415_01?wid=1600&hei=1600&fmt=png-alpha,FALSE,,,,,,
,on-cloudmonster-void-men-iceberg-tin-10914415,,,,,,,,10914415-9-5,7615537599724,Color,Iceberg/Tin,,Size,9.5,,,,,129.99,170.00,,TRUE,,shopify,8,DENY,300,g,TRUE,manual,,,,https://assets.footlocker.com/is/image/FLDM/10914415_01?wid=1600&hei=1600&fmt=png-alpha,FALSE,,,,,,
,on-cloudmonster-void-men-iceberg-tin-10914415,,,,,,,,10914415-10,7615537599731,Color,Iceberg/Tin,,Size,10,,,,,129.99,170.00,,TRUE,,shopify,8,DENY,300,g,TRUE,manual,,,,https://assets.footlocker.com/is/image/FLDM/10914415_01?wid=1600&hei=1600&fmt=png-alpha,FALSE,,,,,,
,on-cloudmonster-void-men-iceberg-tin-10914415,,,,,,,,10914415-10-5,7615537599748,Color,Iceberg/Tin,,Size,10.5,,,,,129.99,170.00,,TRUE,,shopify,8,DENY,300,g,TRUE,manual,,,,https://assets.footlocker.com/is/image/FLDM/10914415_01?wid=1600&hei=1600&fmt=png-alpha,FALSE,,,,,,
,on-cloudmonster-void-men-iceberg-tin-10914415,,,,,,,,10914415-11,7615537599762,Color,Iceberg/Tin,,Size,11,,,,,129.99,170.00,,TRUE,,shopify,8,DENY,300,g,TRUE,manual,,,,https://assets.footlocker.com/is/image/FLDM/10914415_01?wid=1600&hei=1600&fmt=png-alpha,FALSE,,,,,,
,on-cloudmonster-void-men-iceberg-tin-10914415,,,,,,,,10914415-11-5,7615537599779,Color,Iceberg/Tin,,Size,11.5,,,,,129.99,170.00,,TRUE,,shopify,8,DENY,300,g,TRUE,manual,,,,https://assets.footlocker.com/is/image/FLDM/10914415_01?wid=1600&hei=1600&fmt=png-alpha,FALSE,,,,,,
,on-cloudmonster-void-men-iceberg-tin-10914415,,,,,,,,10914415-12,7615537599786,Color,Iceberg/Tin,,Size,12,,,,,129.99,170.00,,TRUE,,shopify,8,DENY,300,g,TRUE,manual,,,,https://assets.footlocker.com/is/image/FLDM/10914415_01?wid=1600&hei=1600&fmt=png-alpha,FALSE,,,,,,
,on-cloudmonster-void-men-iceberg-tin-10914415,,,,,,,,10914415-13,7615537599809,Color,Iceberg/Tin,,Size,13,,,,,129.99,170.00,,TRUE,,shopify,8,DENY,300,g,TRUE,manual,,,,https://assets.footlocker.com/is/image/FLDM/10914415_01?wid=1600&hei=1600&fmt=png-alpha,FALSE,,,,,,
,on-cloudmonster-void-men-iceberg-tin-10914415,,,,,,,,,,,,,,,,,,,,,,,,,,,,,,,https://assets.footlocker.com/is/image/FLDM/10914415_03?wid=1600&hei=1600&fmt=png-alpha,2,On Cloudmonster Void Men's Running Shoes - Iceberg/Tin - view 2,,,,,,,,
,on-cloudmonster-void-men-iceberg-tin-10914415,,,,,,,,,,,,,,,,,,,,,,,,,,,,,,,https://assets.footlocker.com/is/image/FLDM/10914415_04?wid=1600&hei=1600&fmt=png-alpha,3,On Cloudmonster Void Men's Running Shoes - Iceberg/Tin - view 3,,,,,,,,
,on-cloudmonster-void-men-iceberg-tin-10914415,,,,,,,,,,,,,,,,,,,,,,,,,,,,,,,https://assets.footlocker.com/is/image/FLDM/10914415_05?wid=1600&hei=1600&fmt=png-alpha,4,On Cloudmonster Void Men's Running Shoes - Iceberg/Tin - view 4,,,,,,,,
,on-cloudmonster-void-men-iceberg-tin-10914415,,,,,,,,,,,,,,,,,,,,,,,,,,,,,,,https://assets.footlocker.com/is/image/FLDM/10914415_06?wid=1600&hei=1600&fmt=png-alpha,5,On Cloudmonster Void Men's Running Shoes - Iceberg/Tin - view 5,,,,,,,,
On Cloudmonster Void Men's Running Shoes - Ivory/Blue,on-cloudmonster-void-men-ivory-blue-11095280,"<p>Stay fresh and on the move with the ON Cloudmonster Void. Designed for everyday wear, this updated take on ON’s iconic silhouette features a lightweight haptic mesh upper that boosts breathability and adds a sleek, modern edge. The same CloudTec sole and Helion superfoam cushioning deliver soft, responsive comfort with every step. Durable TPU eyelet stays and upgraded branded details bring structure and style, while rubber pads on the outsole keep your grip strong wherever you go. Whether you’re heading out or winding down, the ON Cloudmonster Void is built to keep you feeling your best.</p> <ul> <li>TPU eyelet stays offer durability.</li> <li>Weight 10.2 oz.</li> </ul><hr /><p>Long days on your feet call for comfort that feels soft, light, and easy to wear. The On Cloudmonster Void refreshes one of the brand's standout silhouettes with a breathable haptic mesh upper, plush underfoot cushioning, and upgraded details that bring a clean, modern finish to your everyday rotation.</p><ul><li>Lightweight haptic mesh upper for breathable comfort</li><li>CloudTec sole helps deliver a soft, smooth ride</li><li>Helion superfoam cushioning adds responsive comfort</li><li>TPU eyelet stays provide added durability and structure</li><li>Rubber pads on the outsole help maintain grip</li><li>Weight: 10.2 oz.</li></ul>  <p><strong>Cushioning &amp; Road Feel</strong></p><p>Built around On's CloudTec sole and Helion superfoam, this silhouette leans into a cushioned feel without losing its sense of response. The result is a smooth, comfort-first ride that works well for everyday movement, from quick outings to all-day wear.</p>",On Running,Apparel & Accessories > Shoes,Running Shoes,"footlocker-clean-batch-2026-09, footlocker-source, new-arrivals, on-running, style:11095280, men, Running, running",TRUE,Active,11095280-7-5,7615537719054,Color,Ivory/Blue,,Size,7.5,,,,,180.00,,,TRUE,,shopify,8,DENY,300,g,TRUE,manual,https://assets.footlocker.com/is/image/FLDM/11095280_01?wid=1600&hei=1600&fmt=png-alpha,1,On Cloudmonster Void Men's Running Shoes - Ivory/Blue - primary view,https://assets.footlocker.com/is/image/FLDM/11095280_01?wid=1600&hei=1600&fmt=png-alpha,FALSE,On Cloudmonster Void Men's Running Shoes - Ivory/Blue,Shop On Cloudmonster Void Men's Running Shoes - Ivory/Blue at Sneaker Head.,Tan,Men's,11095280,https://www.footlocker.com/product/on-cloudmonster-void-mens/11095280.html
,on-cloudmonster-void-men-ivory-blue-11095280,,,,,,,,11095280-8,7615537729237,Color,Ivory/Blue,,Size,8,,,,,180.00,,,TRUE,,shopify,8,DENY,300,g,TRUE,manual,,,,https://assets.footlocker.com/is/image/FLDM/11095280_01?wid=1600&hei=1600&fmt=png-alpha,FALSE,,,,,,
,on-cloudmonster-void-men-ivory-blue-11095280,,,,,,,,11095280-8-5,7615537735986,Color,Ivory/Blue,,Size,8.5,,,,,180.00,,,TRUE,,shopify,8,DENY,300,g,TRUE,manual,,,,https://assets.footlocker.com/is/image/FLDM/11095280_01?wid=1600&hei=1600&fmt=png-alpha,FALSE,,,,,,
,on-cloudmonster-void-men-ivory-blue-11095280,,,,,,,,11095280-9,7615537722108,Color,Ivory/Blue,,Size,9,,,,,180.00,,,TRUE,,shopify,8,DENY,300,g,TRUE,manual,,,,https://assets.footlocker.com/is/image/FLDM/11095280_01?wid=1600&hei=1600&fmt=png-alpha,FALSE,,,,,,
,on-cloudmonster-void-men-ivory-blue-11095280,,,,,,,,11095280-9-5,7615537738536,Color,Ivory/Blue,,Size,9.5,,,,,180.00,,,TRUE,,shopify,8,DENY,300,g,TRUE,manual,,,,https://assets.footlocker.com/is/image/FLDM/11095280_01?wid=1600&hei=1600&fmt=png-alpha,FALSE,,,,,,
,on-cloudmonster-void-men-ivory-blue-11095280,,,,,,,,11095280-10,7615537726755,Color,Ivory/Blue,,Size,10,,,,,180.00,,,TRUE,,shopify,8,DENY,300,g,TRUE,manual,,,,https://assets.footlocker.com/is/image/FLDM/11095280_01?wid=1600&hei=1600&fmt=png-alpha,FALSE,,,,,,
,on-cloudmonster-void-men-ivory-blue-11095280,,,,,,,,11095280-10-5,7615537722191,Color,Ivory/Blue,,Size,10.5,,,,,180.00,,,TRUE,,shopify,8,DENY,300,g,TRUE,manual,,,,https://assets.footlocker.com/is/image/FLDM/11095280_01?wid=1600&hei=1600&fmt=png-alpha,FALSE,,,,,,
,on-cloudmonster-void-men-ivory-blue-11095280,,,,,,,,11095280-11,7615537722412,Color,Ivory/Blue,,Size,11,,,,,180.00,,,TRUE,,shopify,8,DENY,300,g,TRUE,manual,,,,https://assets.footlocker.com/is/image/FLDM/11095280_01?wid=1600&hei=1600&fmt=png-alpha,FALSE,,,,,,
,on-cloudmonster-void-men-ivory-blue-11095280,,,,,,,,11095280-11-5,7615537563183,Color,Ivory/Blue,,Size,11.5,,,,,180.00,,,TRUE,,shopify,8,DENY,300,g,TRUE,manual,,,,https://assets.footlocker.com/is/image/FLDM/11095280_01?wid=1600&hei=1600&fmt=png-alpha,FALSE,,,,,,
,on-cloudmonster-void-men-ivory-blue-11095280,,,,,,,,11095280-12,7615537719870,Color,Ivory/Blue,,Size,12,,,,,180.00,,,TRUE,,shopify,8,DENY,300,g,TRUE,manual,,,,https://assets.footlocker.com/is/image/FLDM/11095280_01?wid=1600&hei=1600&fmt=png-alpha,FALSE,,,,,,
,on-cloudmonster-void-men-ivory-blue-11095280,,,,,,,,11095280-13,7615537717470,Color,Ivory/Blue,,Size,13,,,,,180.00,,,TRUE,,shopify,8,DENY,300,g,TRUE,manual,,,,https://assets.footlocker.com/is/image/FLDM/11095280_01?wid=1600&hei=1600&fmt=png-alpha,FALSE,,,,,,
,on-cloudmonster-void-men-ivory-blue-11095280,,,,,,,,11095280-14,7615537563978,Color,Ivory/Blue,,Size,14,,,,,180.00,,,TRUE,,shopify,8,DENY,300,g,TRUE,manual,,,,https://assets.footlocker.com/is/image/FLDM/11095280_01?wid=1600&hei=1600&fmt=png-alpha,FALSE,,,,,,
,on-cloudmonster-void-men-ivory-blue-11095280,,,,,,,,,,,,,,,,,,,,,,,,,,,,,,,https://assets.footlocker.com/is/image/FLDM/11095280_03?wid=1600&hei=1600&fmt=png-alpha,2,On Cloudmonster Void Men's Running Shoes - Ivory/Blue - view 2,,,,,,,,
,on-cloudmonster-void-men-ivory-blue-11095280,,,,,,,,,,,,,,,,,,,,,,,,,,,,,,,https://assets.footlocker.com/is/image/FLDM/11095280_04?wid=1600&hei=1600&fmt=png-alpha,3,On Cloudmonster Void Men's Running Shoes - Ivory/Blue - view 3,,,,,,,,
,on-cloudmonster-void-men-ivory-blue-11095280,,,,,,,,,,,,,,,,,,,,,,,,,,,,,,,https://assets.footlocker.com/is/image/FLDM/11095280_05?wid=1600&hei=1600&fmt=png-alpha,4,On Cloudmonster Void Men's Running Shoes - Ivory/Blue - view 4,,,,,,,,
,on-cloudmonster-void-men-ivory-blue-11095280,,,,,,,,,,,,,,,,,,,,,,,,,,,,,,,https://assets.footlocker.com/is/image/FLDM/11095280_06?wid=1600&hei=1600&fmt=png-alpha,5,On Cloudmonster Void Men's Running Shoes - Ivory/Blue - view 5,,,,,,,,
